innov_mean,innov_std,innov_kurtosis,innov_crest,fusion_res_mean,fusion_res_std,temp_mean,temp_slope,res_slope,label,RUL,run_id
-0.011126960122555509,0.11757994204514091,0.07779536255129749,2.3936382933742473,0.015637636398796406,0.011312158219629989,136.2857825589156,5.227256262370944,0.0007781783827851683,0,7.0,0
-0.001510605851817356,0.12424561827538239,-0.3367772923421075,2.2753764293243477,0.018706680044346006,0.01394125860418724,188.26761942402672,5.398905547392988,-0.00013251125253977585,0,6.800000000000001,0
0.0014349116491329964,0.11198920669561524,0.10142055304278408,2.5243789274637085,0.018631416495570097,0.012563568172658628,241.73654098558112,5.3197893483597625,-0.0005351047895760917,0,6.6000000000000005,0
0.005318759414128524,0.10995898897571806,0.07565236943570008,2.5681390898669996,0.01866036978577698,0.012547848876625441,294.46231653611846,5.2176905619518426,-0.0007470074203617196,0,6.4,0
0.001758877484330832,0.10258055736465718,0.5129356146420592,2.7557314990470614,0.017750600786219622,0.012696924313104513,346.1750519893037,5.119312548802809,-0.0012445199736837611,0,6.2,0
-0.0003565904589334712,0.09207713640290018,0.36142863933605174,2.6576184679772346,0.01814981528415883,0.01349081910086556,396.8654570930124,5.0236584849808725,-0.0003186611543654724,0,6.0,0
-0.008071096640260858,0.09199035345431242,1.5781420653673441,3.1027594870520114,0.01382855923357731,0.010997519830118234,446.5737330011361,4.922805772289146,0.00043729866996978795,0,5.800000000000001,0
-0.0080813075599389,0.0986298484289514,0.9118084674317153,2.8953335623477465,0.01476773829675535,0.012990699164849524,495.2471494054308,4.814254831611391,0.0004886234088373007,0,5.6000000000000005,0
-0.01716429076752876,0.09805196716166621,0.4277821315265946,2.8777110290841312,0.01489436136177872,0.012553295349024112,543.0038191826143,4.719634296852321,0.001096118981693333,0,5.4,0
-0.011089715545025096,0.10017270238507729,0.10192495307797378,2.8427671074901966,0.015935114366537367,0.013288160083430589,589.810398351564,4.631368687761052,8.277132339576375e-05,0,5.2,0
-0.004892149630712727,0.10404378256190412,0.035734450793367234,2.7509582019398637,0.01678989216606565,0.015232279261670228,635.6440155464899,4.542505636410796,0.00016376954754027007,0,5.0,0
-0.0011556523448855653,0.09902823192726355,-0.45101578381838614,2.05222956716905,0.017460526902883303,0.015040768191022348,680.6148517001233,4.456396501838389,-0.0002933201356259356,0,4.800000000000001,0
0.0016612909846659813,0.10219031278404671,-0.11395823178534137,2.5775492308395918,0.016762996813633232,0.014602259444155004,724.7246108695616,4.358142623965812,0.000369827168894914,0,4.6000000000000005,0
0.0046192579585819585,0.10442908480216362,0.773993856167948,2.8649689230186537,0.018074732852321224,0.016050066877783667,767.9437692886949,4.275093391306561,0.0004556536341909355,0,4.4,0
0.0136708744350506,0.10786021707958236,0.8414540706713209,2.7541176598626493,0.017662388025357422,0.015865777003961825,810.2905214407068,4.196063427737335,6.542165731817002e-05,0,4.2,0
0.0001823194844523035,0.10211026493622086,1.3052116313486666,2.9329481560875488,0.015917890933822926,0.013207274067354466,851.8826144998247,4.116789736011962,-5.770312845488448e-06,0,4.0,0
-0.0011397082062544034,0.10673297150467329,0.8594182163352824,2.8057607247951846,0.01575970533516978,0.013210213456940375,892.5638209637665,4.031697071195812,0.0001488522053201573,0,3.8000000000000007,0
-0.004712836679500899,0.09743386509149579,1.4293909594971348,3.0700593617152,0.014658839678336725,0.01212568922100862,932.4559788749882,3.9426056008558836,-0.0001667067718303208,0,3.6000000000000005,0
0.0075290235126088505,0.08804519603994862,0.6818436402521062,3.076253474353174,0.01298361525964772,0.010439412600969675,971.5461315683464,3.8661828236045297,-0.00044917370744238015,0,3.4000000000000004,0
-0.0042179449310290875,0.09021148213772565,-0.09479299685233844,2.5182304311164687,0.013747278205209703,0.009688898667630983,1009.8448414825573,3.788801435495525,0.00017306768780386944,0,3.2,0
0.0036162827552341814,0.09088559533732021,0.06313540777322624,2.5003198745515824,0.014327657248711602,0.010227743744396063,1047.341730786672,3.71994387921216,-3.901530448586547e-05,0,3.0,0
0.0063200230629152174,0.09074682568199659,0.02683902456640208,2.499986245763127,0.01591704364326812,0.011087638689160163,1084.2168222918372,3.6511566036818763,0.0010001073957051816,0,2.8000000000000007,0
0.00888331999701595,0.09786122312885427,0.15782754520356512,2.622021717084098,0.01617057357880032,0.011215269859235143,1120.3407982095925,3.5742319782768335,0.0004226765571067117,0,2.6000000000000005,0
0.00778042502248461,0.10888629285591783,-0.47488381835597426,2.360279890393801,0.01690826371439355,0.01049935271890343,1155.6820368754627,3.499457577630221,0.0005486332354201315,0,2.4000000000000004,0
0.01398665338379743,0.10512942218388842,-0.5116754583897207,2.429147196029531,0.01611937513442628,0.011128955483773925,1190.3814959793126,3.4304691509160814,0.0005011124798439838,0,2.2,0
0.020682923396486495,0.1034790044988269,-0.3727696873503872,2.4408237099834413,0.016062863836120513,0.011691351354758493,1224.4245453658345,3.364306365273239,-0.00046500538636880815,0,2.0,0
0.00851493787402507,0.10370463092856728,-0.4096013885479515,2.4761574998910496,0.014895309847290808,0.01184888525255371,1257.6832108726003,3.2995048543823193,-0.00032915310673589123,0,1.8000000000000007,0
0.009946850947711068,0.10782789460696318,-0.48418100197411995,2.479638560612135,0.016308978727636828,0.012127972615017824,1290.3388237779493,3.235332330932976,-0.00018822988268598392,0,1.6000000000000003,0
0.0058329463362701995,0.10233652469428578,-0.2543034149318224,2.619676043898485,0.017413523887257386,0.01277251147000815,1322.3011384221795,3.1603630189149485,0.00027824377653648096,0,1.4000000000000004,0
-0.004184474381444217,0.10499368983478205,-0.212930458261678,2.5555362638399757,0.01887204609274038,0.01315828538795926,1353.627812981187,3.097465727676216,0.00043701724453502726,0,1.2000000000000002,0
-0.011136050305342012,0.10982247554507654,-0.30993220488522555,2.432423934880806,0.019783757936345178,0.014382892631862555,1384.3163474764256,3.0438571906027554,-0.00018264208867476122,0,1.0,0
-0.00535840518876298,0.10922564795524685,-0.28765060377764007,2.455498450181963,0.018455708216092947,0.013881785297209457,1414.4794607388146,2.9892101073109094,-0.00029760227752224813,0,0.8000000000000007,0
-0.0036900708045785437,0.10447065248108385,-0.5627141183653341,2.233409763608474,0.018294052858716638,0.0152268925484602,1444.0181560977965,2.9340237235884095,0.00017644655042318094,0,0.6000000000000005,0
-0.01514683086799685,0.09966541101011359,-0.4030361171178969,2.315453734813866,0.016558885899656862,0.014883078404969805,1473.0437840911559,2.871244271395658,-0.0004602221805630041,0,0.4000000000000003,0
-0.004512299740581081,0.09973438461831004,-0.46495908380942064,2.138687765762867,0.01636048448337867,0.014640009552274723,1501.461255975083,2.8121270790070416,-8.146070460677852e-05,0,0.2000000000000001,0
-0.011782076978731933,0.09510508813430008,-0.4844370838842358,2.6283431277579012,0.013876348475587328,0.009834159136394903,136.04938338845002,5.223508381472394,0.0002802605513093556,0,7.0,1
-0.0613403933897127,0.15287743831797196,1.6699893089165228,3.348993243556896,0.014256483126940313,0.010327470620989725,188.15210825663408,5.4181526622079,0.004289292388532863,1,6.800000000000001,1
-0.2683195074418455,0.4443798842754642,0.5998564141756284,2.7088376695231053,0.013100210260974307,0.010521399522625487,241.41508168148118,5.3107666906552495,0.020845656744794633,1,6.6000000000000005,1
-0.6253540485712188,0.7458371921680851,-0.9417538577349189,2.3306696582192843,0.013352905390752614,0.009999257029006874,292.72544752987,5.063299416455519,0.04217735904898417,1,6.4,1
-1.113538234361985,0.9736304066018483,-1.3686453166144896,1.8808954368104591,0.014824604617832833,0.01125491238238718,340.86703258563796,4.679976039763413,0.06022003479875846,1,6.2,1
-1.7248829239366543,1.038391795957014,-1.1799690321986647,1.6619791468955911,0.015281750598520034,0.011313572028232787,385.1927788229633,4.203074434689015,0.06641533237038807,1,6.0,1
-2.374769436563812,0.9022584125544659,-1.0980081469642697,1.4747442134404964,0.015931796755460345,0.01132941719971848,425.0634891261525,3.7322919246275155,0.05812955995790783,1,5.800000000000001,1
-2.9409856738447013,0.7739413122502492,-1.031933576224519,1.3975210102147038,0.01673638241786291,0.011141797303777281,460.48276203006856,3.31001060752575,0.04966893979330917,1,5.6000000000000005,1
-3.4277610293505303,0.6629637418866903,-0.9381025723345937,1.266000361196513,0.01788004904168112,0.011572901706805656,491.9331460697371,2.952510018921549,0.04245043831312577,1,5.4,1
-3.844864308823213,0.5714385298629542,-0.9959256091895008,1.21378305917502,0.01676160965050144,0.011141740166253172,520.0325357114423,2.6388083556919444,0.036537200581346845,1,5.2,1
-4.20469671055844,0.5128732142164012,-0.8375819758298424,1.2412446651588551,0.015988137604493583,0.012189370716033227,545.157762198608,2.362954169067973,0.032623602638547654,1,5.0,1
-4.534676091567289,0.4594177048084873,-0.9858543250220841,1.1683555544654634,0.01433520701130993,0.01189345163118303,567.6592725620296,2.123697196391961,0.029308383404175638,1,4.800000000000001,1
-4.832304703773075,0.42536356462702946,-1.0986632454511192,1.1438863630950404,0.0151469711518188,0.012067983594009514,587.8408358017255,1.9036657467181681,0.027061148161175143,1,4.6000000000000005,1
-5.102950168284586,0.39652857225353083,-1.132692970955601,1.128967817336227,0.015105940447754288,0.013352549409626862,605.9429114387493,1.7050275321380652,0.025084243756292864,1,4.4,1
-5.328977062932638,0.33601138994935087,-1.0248780828847095,1.0909508165700432,0.015698247683732448,0.013581413507019621,622.2395203393116,1.5347566208429746,0.020693016551135784,1,4.2,1
-5.553337660469124,0.30518928170946275,-0.7812936883902046,1.1051261798402843,0.01601926200236516,0.012480398992682707,636.9208649486048,1.385151586514897,0.01892811913387828,1,4.0,1
-5.739222169097632,0.26785255441367356,-0.9063820707337573,1.0952824621133184,0.016431502095790532,0.012429752822128073,650.1166069183428,1.2525218809120848,0.016354054657437073,1,3.8000000000000007,1
-5.91160651314231,0.25787605231778915,-1.0846070218587056,1.074570447356978,0.01602735980098684,0.012490332675849623,661.9548344470065,1.1199417081895582,0.015767411942965732,1,3.6000000000000005,1
-6.067617133121448,0.26002142861517175,-0.8201370534589456,1.0768575733804986,0.01674101479340548,0.013497539652719293,672.5759334453737,0.995020725646763,0.015843887906900767,1,3.4000000000000004,1
-6.230516393753305,0.2257699978532266,-0.8196123694432282,1.077931771369274,0.016876146667760706,0.01344613691944035,682.0605107303827,0.8863953425439824,0.013344911243221699,1,3.2,1
-6.3609837523271064,0.22444017971216562,-0.6552984675237719,1.070665467451456,0.01653850002575947,0.013840044034078092,690.3995077517119,0.7806049176582768,0.013117798436415463,1,3.0,1
-6.501638610936055,0.20679743752186888,-0.9607321599532477,1.0576490808935441,0.01731169552637448,0.013484534327219922,697.8316860947021,0.6965454824255515,0.011790915693241403,1,2.8000000000000007,1
-6.6294355694969465,0.20771091342411416,-0.867176754106699,1.0574379257976232,0.01719177990896851,0.01365810411826649,704.3785185648554,0.6101937112300918,0.011702056987676731,1,2.6000000000000005,1
-6.751009084466892,0.20337520425241956,-0.8960493663262623,1.0602649527589896,0.014545211575414605,0.011001648745465947,710.1811960555834,0.535474280157553,0.011510472416637697,1,2.4000000000000004,1
-6.863799472640291,0.18622605617558569,-0.6623297109467638,1.0577610128310846,0.014709722797513773,0.010375028060029453,715.231312568091,0.4744894665894866,0.010442379030921095,1,2.2,1
-6.9641350050685995,0.16250725768711152,0.042646753046863495,1.051434503882904,0.014542277238728297,0.011202314051649358,719.573915786695,0.3980359091872652,0.008269854624454826,1,2.0,1
-7.065181656742004,0.15774778168506642,-0.5412138419579238,1.040695616750322,0.01687492776875585,0.0146014335739855,723.2701951345313,0.33972919211964964,0.008200712038161466,1,1.8000000000000007,1
-7.143382170723412,0.14393091996706647,-0.9832437869619959,1.0454446188711364,0.017311060002591406,0.014739610885216999,726.3675632756343,0.2720467660114163,0.007077560663164957,1,1.6000000000000003,1
-7.215287358699681,0.14918877652544424,-0.7045394628488912,1.0445211265872107,0.018269667404723508,0.014178303730080517,728.8228336591441,0.21433238288642584,0.006883104891834205,1,1.4000000000000004,1
-7.2980556731179895,0.16120453684744734,-0.5767356267619541,1.0438095308787096,0.017619283260670447,0.01471535761291406,730.7248363428548,0.16853762440999706,0.0076467646569488654,1,1.2000000000000002,1
-7.373833758257818,0.14462454221011023,-1.1556548000495237,1.0331349336969995,0.01661762115918398,0.013928400996643171,732.2637635882637,0.12110359111750611,0.006620282194401548,1,1.0,1
-7.435062722399505,0.16088751136814342,-0.8129977348222561,1.0476309226028364,0.012869095255228676,0.010235572471516295,733.3379106234393,0.09163352818259785,0.007394042004900374,1,0.8000000000000007,1
-7.496709141269765,0.1526442638232308,0.1410695485033715,1.0499441722854261,0.012694360734285794,0.010264788099325644,734.0595014325891,0.05657094128222942,0.005675098127857928,1,0.6000000000000005,1
-7.566726824955129,0.13981027706131616,-0.1989716389547489,1.0402659494931286,0.013840402769887348,0.012163680211779835,734.3839709526434,0.015961653987641038,0.005259784347340101,1,0.4000000000000003,1
-7.619700843345338,0.1492316812526193,-0.23522959808604993,1.0362609163613825,0.015273722418039792,0.012826182409474649,734.3167600508432,-0.02843308481934731,0.006282560964423471,1,0.2000000000000001,1
0.01439253204105871,0.11459696680859004,-0.6655176826401621,2.41906908170743,0.01772676684393794,0.015002414447300669,136.10244784276387,5.22121086972308,0.0001929584251126385,0,7.0,2
0.009222176519412683,0.10418138188946642,-0.6684137514819852,2.6715860618617673,0.016921603978490404,0.01418612603898869,188.12229304963827,5.398067648550237,-5.3666581529491165e-05,0,6.800000000000001,2
-0.0020336774230718118,0.101836573143826,-0.291459468593362,2.743446617348736,0.014773991454521056,0.010743876470118562,241.63167344522506,5.328724038853675,-0.0004155873061327914,0,6.6000000000000005,2
-0.009967545007517144,0.10369831791122071,-0.29504362333300316,2.6821268412756805,0.013896380543102821,0.009921045416281403,294.3900165912359,5.226346672094543,-0.0006192351604476355,0,6.4,2
-0.010343583331881465,0.10125805581572458,-0.2044713338054076,2.745106213923309,0.013782378874695755,0.010406883331180904,346.1109459107611,5.121778396232723,-0.00059249938321285,0,6.2,2
-0.018433525550299822,0.08249979410344416,-0.7094793952878438,2.2344474476572707,0.014295797812796244,0.010043726012807685,396.83533338167894,5.016389893096336,-0.0007225590995640156,0,6.0,2
-0.011990853799954293,0.08789853717533959,-0.592290323552489,2.129835812816055,0.015264750060107666,0.011488687123969476,446.5130211930914,4.914991316893676,-0.00041422291004492,0,5.800000000000001,2
0.0039960311979981115,0.1008138320214037,0.11288053546716048,2.9725038356487268,0.01742822059863771,0.011959087297521133,495.20883254037153,4.819372274760495,0.0002199801508255728,0,5.6000000000000005,2
0.008755050034422042,0.10865271464203016,0.2635315081636862,2.7511602271502125,0.01826512012086605,0.012128622199594164,542.9683965044377,4.727783696312099,0.001205751613132107,0,5.4,2
0.012653801124273582,0.1058852863174702,0.3131902344027968,2.811986078960429,0.01854716010189106,0.011906436347471303,589.7704934446092,4.635650622518182,0.0007961150068923458,0,5.2,2
0.01649916565958328,0.10667732781235272,0.15541934579950656,2.7776756829547957,0.0170629555143657,0.011553704751629661,635.6288983366845,4.540154846648186,-0.0007759502843267016,0,5.0,2
0.014511893119880664,0.10607656405198239,0.20840953752161706,2.8006770129422467,0.016652625373689053,0.011756669732496538,680.6006731018549,4.447680113892619,-0.0008714185940381098,0,4.800000000000001,2
0.007530755392674664,0.10193503823793083,0.07606621068370867,2.7430773818011613,0.01582526156763796,0.011353237924732319,724.6638798078524,4.360296315642524,9.23156174058099e-05,0,4.6000000000000005,2
0.006424194434557284,0.0918660710568622,-0.22414959139138535,2.6771349509840454,0.016000355315032876,0.011046686153310543,767.8529216296686,4.278410075660388,0.0005073935478290469,0,4.4,2
-0.0036486932688162797,0.10062434897354743,0.007516113929335599,2.654491195555735,0.015176930960179594,0.010570320159780827,810.2053570447246,4.194611625066977,0.00078152109395716,0,4.2,2
-0.002819840148801233,0.11658514046599543,-0.4735929065941411,2.2919372760825154,0.016588163872298445,0.012522483501485954,851.7726736493155,4.112897310616017,0.0007209820300216681,0,4.0,2
0.8953317921633883,1.8149934663507714,0.302337985185928,2.4690923595039185,0.0631116005750527,0.095248449245167,892.564375196872,4.038917927317208,0.07988402708259486,2,3.8000000000000007,2
1.725114287136298,2.1502562660242956,-1.7898883742373766,1.809043038571774,0.1105501359288217,0.11718617819861529,932.5315241245873,3.9585146920645276,0.11406998722669713,2,3.6000000000000005,2
2.5649074757849104,2.132281816274594,-1.8081237043375564,1.4921456101334114,0.15820548731207318,0.11944633129763489,971.6666807828257,3.8746079297631524,0.11142526068863191,2,3.4000000000000004,2
3.406510050202408,1.7258016536717928,0.22421526226797628,1.3006374330604087,0.20484762232055156,0.09587269894556938,1010.0613955076624,3.7937451142326357,0.07105715405595145,2,3.2,2
4.241926837182467,0.1853324632347164,5.094399220085011,1.1673938866432136,0.2502502719876032,0.019872755470768288,1047.6466594142635,3.7140224862810305,-0.005632901990119055,2,3.0,2
4.18776134025116,0.10350416086645042,0.1810820612905104,1.057663172117584,0.2506277081769228,0.018690390206261658,1084.4091220956482,3.641448769938745,0.000565298621997866,2,2.8000000000000007,2
4.1880528867745666,0.09048538794609887,0.7221364274588966,1.0576641683204902,0.24786482783268873,0.020692702672850005,1120.4356304351786,3.5670082649011827,-0.0001166509410209846,2,2.6000000000000005,2
4.183765592188525,0.08606460516405837,0.9623909885704767,1.058770631026209,0.24645860340267045,0.01842543318418281,1155.75865580862,3.4919398412242395,-0.00031195488083882086,2,2.4000000000000004,2
4.185944365159395,0.0925663415461846,0.44142022136070214,1.058185418551708,0.2465391607557101,0.019716640120510963,1190.4455655382264,3.4334622302001203,-0.0004885220005290228,2,2.2,2
4.189963847237943,0.09500433731392607,0.15070118362778784,1.057157287659397,0.24702877214188249,0.021521360980245922,1224.363504821164,3.3633090007188833,-6.14882925652616e-05,2,2.0,2
4.1877287580934315,0.10138081235016513,0.05059536407603593,1.0607018650497262,0.24779543981301055,0.02185144583181068,1257.6998841544005,3.301042031457322,0.00047491904010004137,2,1.8000000000000007,2
4.185486615597342,0.11798715510887839,-0.20004617085957177,1.061161691798526,0.25005240026269,0.0226048418792973,1290.3423881858578,3.230170358268209,-0.0005046544217509963,2,1.6000000000000003,2
4.179442678034463,0.11810649152618433,-0.16718611842584563,1.0626942133244768,0.24710498800946581,0.024492156466486982,1322.367620055734,3.1597145574738676,-0.0014181839236360333,2,1.4000000000000004,2
4.175714397459958,0.11575337602643775,-0.09711543068765582,1.0636587314611565,0.24896518906916576,0.02333497589524682,1353.6705705489394,3.105130369567921,-0.0011627273906932621,2,1.2000000000000002,2
4.182355760895467,0.12424982815166422,-0.3223902340891125,1.0619103527195901,0.25027833884580014,0.022273830000558627,1384.4724685425242,3.0417073874834477,0.0008801556305999155,2,1.0,2
4.180294613858107,0.11291001716556799,-0.08973769068941362,1.0587193571293139,0.24831789252066244,0.023886958308478073,1414.541856876617,2.983141259773738,0.0012380462944632507,2,0.8000000000000007,2
4.190593194559072,0.10032944512788912,-0.15466312832344498,1.056198363396827,0.24764336550327612,0.022378016049267056,1444.1240356690053,2.9252061901124002,0.0011621707001779455,2,0.6000000000000005,2
4.19627179655121,0.09348309520171012,-0.17735755598168312,1.0548087912492716,0.24775515308373425,0.02323096573167603,1473.1401009000238,2.872004340021738,-0.0003370959342212945,2,0.4000000000000003,2
4.207329780752779,0.08769412599974552,0.08236219308892023,1.0520683450572643,0.25013492053728137,0.02350316361065605,1501.5627161442799,2.815562944558617,-0.0005687356981873868,2,0.2000000000000001,2
-0.014148521103486269,0.10166591387864442,-0.18130779625484195,2.2765161156580977,0.018415781126067295,0.010625988532080884,136.13141968777242,5.219295597574488,0.0003142150000203837,0,7.0,3
-0.005419567693113023,0.10376820442117807,-0.5145466185614467,2.2491984788469708,0.017311152922771845,0.010919784052372757,188.08506346892747,5.395450110150649,8.29672857185908e-05,0,6.800000000000001,3
-0.002361125577960734,0.09273623356116306,-0.2214818490594137,2.5194317988208987,0.01689352369432184,0.011183276616273259,241.59928909769584,5.3286043445162665,0.00016798392951271072,0,6.6000000000000005,3
-0.006410167557801253,0.1038017576262845,-0.4234035925515096,2.2472302925098364,0.017019141083043685,0.010544040819855525,294.2825735994185,5.217839957586414,-4.242678007623769e-05,0,6.4,3
0.007540182183357973,0.09987428686514004,-0.3139534053519948,2.333364958505116,0.018221999557431357,0.011421319755657588,345.9952011378521,5.122487024159556,0.0005379946147407353,0,6.2,3
0.002097598145935147,0.09795922817274834,-0.6246074445612773,2.324986059615899,0.01736096085438886,0.01289987500475703,396.78811736247707,5.025300922297144,-9.206253845110406e-05,0,6.0,3
-0.014031702111171556,0.09788566954808599,-0.7358354598135426,2.303255445702465,0.017134870920038257,0.012755182036466002,446.54006479924516,4.924355217186994,0.00018374401799811947,0,5.800000000000001,3
-0.018576521951499662,0.09908131923331681,-0.8355790537827641,2.259035649262775,0.017144363996749325,0.012767375306298526,495.2125098561332,4.827876431524862,-0.0005552409585190808,0,5.6000000000000005,3
-0.013487540290771411,0.10291574977749135,-0.3077459651672698,2.514742119831962,0.016900253391496402,0.012692655624686506,543.0867273611705,4.727238534339113,0.0002987087402253623,0,5.4,3
-0.007090357368734385,0.10144639012721356,-0.28871850193906745,2.5670343345764466,0.014348454214967905,0.011245189571974437,589.8834350367251,4.628621743297996,0.0002091920134615173,0,5.2,3
-0.010394281129390994,0.10079720015188916,-0.2358269714553769,2.5760600019247053,0.01577544773556351,0.012176397983817103,635.7264786328266,4.541686010688415,-0.00044253927813801727,0,5.0,3
-0.0034838903927320365,0.09938462799152463,-0.2926885066516749,2.6251653744931014,0.015513209510036994,0.011797521883383061,680.6946532913939,4.454815938928673,-0.00030305654619521336,0,4.800000000000001,3
0.005813107117145536,0.10645549191775867,-0.17456319036832335,2.5198053437108063,0.016152407222767184,0.011419865092166808,724.8067932213952,4.362388226725161,-0.00048450010421567386,0,4.6000000000000005,3
0.01043158743187667,0.09488773050021994,-0.39616101491822286,2.8139935448175257,0.015416777879957487,0.012006588833927936,767.991600081707,4.280700596929163,-8.393165166373631e-05,0,4.4,3
0.014333382615509498,0.09571613085564012,-0.32072637756692757,2.7752159667132204,0.01690470222049859,0.01372840614197831,810.3101688774361,4.187810405403682,-4.443392421873965e-05,0,4.2,3
0.019388789964306204,0.09739571156353723,0.16142713899632488,2.7596242702541276,0.015502727356390925,0.01160128830595015,851.8312751736098,4.107139283209892,-0.0004520846616658895,0,4.0,3
-2.1435544580156964,4.387371487974119,0.31081537760727374,2.4794052795034056,0.015478426784335397,0.012331528732450574,892.476983800299,4.024773848648344,0.033603423527630766,3,3.8000000000000007,3
-4.168294718577063,5.196676156663205,-1.800062287800629,1.813701252459349,0.015683925039646152,0.013526577081027311,932.403554604345,3.9519146319830334,0.06350711659367399,3,3.6000000000000005,3
-6.181548972647224,5.133122920989223,-1.819680169684939,1.5007122015014673,0.0172602900791889,0.01468763341271335,971.5311955859305,3.880770853258169,0.07092715398751301,3,3.4000000000000004,3
-8.196307407908952,4.169234843539679,0.21383800723573376,1.308603619205064,0.016513184822892324,0.011017130573980015,1009.888508577287,3.795089084712406,0.05531294205307902,3,3.2,3
-10.209704684840462,0.39928905549341714,9.16115936967727,1.1753377366168845,,,1047.4419709791564,3.719696755708676,-0.016004671334595898,3,3.0,3
-10.05605629839677,0.026038066622735404,9.161159369677517,1.0116636373186132,,,1084.2967163341666,3.638131943150639,-0.001043681745722188,3,2.8000000000000007,3
-10.046036722684251,0.0016979701900722817,9.161159369678757,1.0007615598021145,,,1120.352040405851,3.569311201541718,-6.805960357333874e-05,3,2.6000000000000005,3
-10.045383335429216,0.00011072645324108377,9.161159369635348,1.0000496662139517,,,1155.6776286853749,3.5020859372588693,-4.4382395855877655e-06,3,2.4000000000000004,3
-10.045340727347071,7.220590514433505e-06,9.161159365564602,1.0000032388043312,,,1190.3515920784612,3.428894594353288,-2.894223531779893e-07,3,2.2,3
-10.045337948828433,4.708624346348816e-07,9.161159373326207,1.0000002112059703,,,1224.3801962750763,3.3665576470425758,-1.8873541248488484e-08,3,2.0,3
-10.045337767638259,3.070544356586377e-08,9.161159133490399,1.0000000137729674,,,1257.7291368056717,3.301138264184616,-1.2307638365159425e-09,3,1.8000000000000007,3
-10.045337755822652,2.002334785525573e-09,9.161168239711186,1.00000000089815,,,1290.3725076715355,3.233903703106789,-8.025946815706373e-11,3,1.6000000000000003,3
-10.045337755052147,1.3057467189291783e-10,9.161099824548664,1.0000000000585694,,,1322.4152294008493,3.170015963468578,-5.233711024150146e-12,3,1.4000000000000004,3
-10.045337755001901,8.513654673927868e-12,9.162455675673504,1.000000000003819,,,1353.8189856090585,3.1017779155170064,-3.4105135187922957e-13,3,1.2000000000000002,3
-10.045337754998625,5.547822883896159e-13,9.192766926460024,1.000000000000249,,,1384.538077739137,3.0411339363626326,-2.2074108012021164e-14,3,1.0,3
-10.045337754998414,3.468795711041879e-14,9.430626081216776,1.000000000000016,,,1414.6451640849045,2.982585631735507,-1.2625910360867919e-15,3,0.8000000000000007,3
-10.0453377549984,1.4796930398031855e-15,,1.0000000000000009,,,1444.1105910622805,2.9132877198144618,-6.532223435505509e-17,3,0.6000000000000005,3
-10.0453377549984,0.0,,1.0,,,1473.0161334210661,2.857762022232763,6.139906278461508e-17,3,0.4000000000000003,3
-10.0453377549984,0.0,,1.0,,,1501.3872691219212,2.808176601012327,6.139906278461508e-17,3,0.2000000000000001,3
-0.021476989540397184,0.08482733749657746,-0.22844217802537825,2.691536437851123,0.018234185952148464,0.013643027167489469,136.0706842229167,5.221228191330366,-0.0009021989729237075,0,7.0,4
-0.008504484952534001,0.08399372376151483,0.690278290818803,3.080693458187423,0.01849766962920242,0.01363106552422947,188.0795898722163,5.3982878806110275,-0.0002463511336755957,0,6.800000000000001,4
-0.0067866136808916976,0.09546578165600575,0.6651573124480503,2.7176308521072805,0.017285347619458234,0.01410226883983387,241.57294761268128,5.323311754523331,0.0018468249469976068,0,6.6000000000000005,4
-0.011029762648287115,0.09776866166843153,0.4838668609517076,2.6433430075004885,0.0161086429962727,0.011777098276318346,294.3099639567255,5.233295377904755,0.0011509710505402141,0,6.4,4
-0.011460793034178306,0.10284764311143445,0.40707588735374056,2.5131971733548855,0.01554930561141587,0.01292488917487875,346.0907026018769,5.124439787918667,0.0004886188408729627,0,6.2,4
0.003417499429623339,0.11621744664947542,0.042426479398685935,2.6200757119234215,0.01530127736152716,0.013034120778200608,396.8453188246678,5.022595019986248,-0.0001724692946228361,0,6.0,4
0.0002853801056620427,0.11506742916948687,-0.09637022556574859,2.647420431822267,0.015706893634955,0.01288861368779816,446.55703494203493,4.921548100389498,-0.0004592385140317633,0,5.800000000000001,4
-0.0039276901948292,0.10285056146674382,0.2930789628577166,2.9596961239105735,0.01735000142153675,0.01342899445166034,495.31279054828354,4.820591854294455,0.00038022471226611444,0,5.6000000000000005,4
-0.003141251710840654,0.10867254902299506,0.21946605370278904,2.8020235235191366,0.016870744337981892,0.01252635004655362,543.0359596100432,4.727271833501935,-0.00012231044970357238,0,5.4,4
0.00024016479963147124,0.10767960362306395,0.02012719373620575,2.8290598740649,0.018062840955668572,0.012500638101946196,589.8854634662102,4.634787202342392,-0.0004119816007563775,0,5.2,4
1.1683280569512178e-05,0.09372366671021734,-0.3174512602869912,2.48555043778178,0.01826050769544599,0.012786052195710792,635.7814337090078,4.545869309977739,-0.0008165770065224118,0,5.0,4
-0.0006190447149046516,0.09717715120199283,-0.2789166312143818,2.440921116909453,0.016500011304838722,0.012775691948661141,680.8166061483475,4.458486416801539,-0.00013758508600599791,0,4.800000000000001,4
0.004222811027164071,0.09694556275786105,-0.17613929834761377,2.4444376113768773,0.01552023936042259,0.01280929012476393,724.9601813982554,4.373115330864213,-0.00020152981681727478,0,4.6000000000000005,4
0.013842104945688995,0.08954005314055737,-0.5368181497173281,2.6174458127632128,0.014750821909448143,0.012859777111103072,768.1526640102337,4.275737945108774,0.00015726723279696586,0,4.4,4
0.00957706062699535,0.09160034283964155,-0.522592103210735,2.5752599477881066,0.01449827809466326,0.011302014549124453,810.4982065217068,4.188984480605458,0.00057789172857763,0,4.2,4
0.003106985567021319,0.10378821932848444,-0.7234743658979714,2.2844431809929375,0.014620345376565726,0.01072546410649915,852.055455978426,4.10844986654103,0.0002667941154387674,0,4.0,4
-0.00548552759936012,0.10092899550926221,-0.8286575967028895,2.340085470528009,0.01723476179244507,0.011516598934999324,892.6886676445363,4.026254061385405,0.0006816879779614855,4,3.8000000000000007,4
-0.007550887194592657,0.09553350899623904,-0.6678716068134771,2.4681164192380223,0.017894489976829357,0.011036167565330102,932.5158529820706,3.950953370744236,-0.00046061799742128703,4,3.6000000000000005,4
-0.006100247538874686,0.1032448367149393,-0.7989243885160802,2.2869712667102937,0.018282291922304895,0.01102395751776397,971.5673552438711,3.8590868735839474,-0.000371639509097586,4,3.4000000000000004,4
-0.007441079023016744,0.09703309530802352,-0.39676844819324897,2.430424771745675,0.01857512341526176,0.012602451723056603,1009.9138265192722,3.7868091665349777,-0.0011163993240652678,4,3.2,4
-0.003528456428993211,0.09298996892696684,-0.6873897758798817,2.171593224664313,0.0178554573074225,0.013066265233253537,1047.4048118357032,3.7182822406260647,-2.1560584692201072e-05,4,3.0,4
0.01403087235769061,0.08972779986973768,-0.7740397763527915,2.224614613696563,0.015026599442321693,0.012473659807548354,1084.231489627062,3.6457822045200485,0.00047671474764081876,4,2.8000000000000007,4
0.019221448974622534,0.09804264771033475,-0.8505505459917608,2.3025020894703867,0.015863299865458095,0.013850675261694914,1120.3513084097094,3.579352193078143,1.188412954340165e-05,4,2.6000000000000005,4
0.014735191045840037,0.09482001461723852,-0.4055700976502017,2.3976333140985644,0.016806519035134145,0.014255987930448398,1155.8242243444852,3.502139764615098,0.0004629837965186799,4,2.4000000000000004,4
0.01290318206857876,0.102477090069789,-0.7093114897918755,2.227703464725786,0.01602951256706451,0.013789580139821166,1190.3965990046306,3.4281625877671176,-0.0001092850198367377,4,2.2,4
0.022106195273419723,0.10008797457311829,-0.490089342623345,2.244079934523644,0.01560824546826403,0.013206162963658334,1224.377599169503,3.357126054912143,0.00016378594120273248,4,2.0,4
0.016528088996560088,0.10285281322675603,-0.21664555996726964,2.2085385007735336,0.018328171406267267,0.01481253460519387,1257.7013629260355,3.2921523557668375,-8.173000384029052e-05,4,1.8000000000000007,4
0.0202003264269171,0.10141652399268238,-0.31816237122898805,2.2180197414007403,0.017499438767792093,0.014367085345515996,1290.3175468554607,3.2327847615058904,6.304364930896014e-05,4,1.6000000000000003,4
0.01695085333781307,0.10212802971878861,-0.07949863916581945,2.2809042661508676,0.01731148852612268,0.014918781488863919,1322.3314077994426,3.1775626386613505,-0.0002098357744334269,4,1.4000000000000004,4
0.027479313089345883,0.09516393743556621,0.5247106055264239,2.3826929621845117,0.01781464573766245,0.015204031625561594,1353.7680645361334,3.1071303023531964,-0.0005170328935402112,4,1.2000000000000002,4
0.018241433318157935,0.09704637521670213,0.14093984847666174,2.3911219519497013,0.020172605425909786,0.01594953025406871,1384.5198807261459,3.041201700058038,-0.00025432842993587353,4,1.0,4
0.03250396052340419,0.09968496202765188,-0.21090966286250667,2.2504868231331567,0.020167012995013955,0.015184208200695515,1414.6325151385922,2.9800297522157355,0.000406232037647355,4,0.8000000000000007,4
0.025097897572189963,0.09962382132886628,-0.18889981223856278,2.2976419992248465,0.019148690001053268,0.014237156524736684,1444.1867866230386,2.9215559101253894,0.00029474257222749474,4,0.6000000000000005,4
0.024830415926373063,0.0971331262624159,0.10976033191009327,2.5147249970076277,0.017415220092832636,0.014249200016727635,1473.1581438453463,2.87231891720792,-0.000323137922622916,4,0.4000000000000003,4
0.01831294505698999,0.09658936299929727,0.113581348564197,2.5652139911636747,0.01824489380353185,0.013505194351324593,1501.504929103554,2.81079792394309,-0.0010170243935254148,4,0.2000000000000001,4
0.016698860926887063,0.09664286068672999,-0.08861013540946683,2.3726639245428705,0.01546952529025198,0.011175016654797447,135.981663263859,5.217309253412613,0.0005805481041365474,0,7.0,5
0.015231054321661283,0.1021642727401817,-0.3529514271492764,2.2529620689315393,0.016383038115033433,0.011489494519910432,187.92924281438601,5.3948418420368505,-7.590626961870142e-05,0,6.800000000000001,5
0.004027341788475843,0.10052824615109648,-0.29875498877326656,2.3135521378823136,0.015515111892278615,0.01077953297630791,241.35214840870051,5.328021475569002,0.0010449082705000564,0,6.6000000000000005,5
0.002889079879479868,0.10926690061736204,-0.5296726561173792,2.1295078852392253,0.017270432564549694,0.011531057530634124,294.19488428686395,5.22727823758368,0.00021567048366024993,0,6.4,5
0.0006351351035005986,0.11166861910933255,-0.724244088909054,2.0844160797303637,0.017193726755318436,0.011794228934414437,345.9391389143503,5.130463452133993,0.00032226633554071455,0,6.2,5
-0.0060613007833192544,0.10816706675201462,-0.7497243677730294,1.9873681353275792,0.018198375933479855,0.011653728627300937,396.7156128838597,5.030584822069221,-1.378531534708171e-05,0,6.0,5
0.0065293285849617865,0.10881974192143104,-0.1925623956845839,2.554793557930582,0.017178454193037797,0.01171625335411307,446.51206308477543,4.932197216361676,-0.0008490680476728457,0,5.800000000000001,5
0.020015150221083026,0.10556179311770451,-0.19802909832361282,2.591372104226382,0.016432589079883292,0.011862412451838533,495.2643006257945,4.822908615393861,-0.00017237708590124375,0,5.6000000000000005,5
0.019238661232370714,0.10331759648016502,-0.3971733295931825,2.6493253013672886,0.01452532222934126,0.010645263818364496,542.9993409495464,4.725659656568666,-0.0002835768432913312,0,5.4,5
0.01999967330618947,0.09488232666157756,-0.103785784323279,2.8710870116308937,0.013839357101411433,0.0104786996648621,589.8225444582658,4.632990205183042,-0.0004327965902347226,0,5.2,5
0.019658355382189248,0.0933808018358881,-0.09463161860011216,2.9174123656185103,0.013121143451964556,0.010610352535727303,635.7305686625037,4.5457948929895275,-0.0001987730184892515,0,5.0,5
0.004524200736137901,0.09993600963511128,-0.36335331878271626,2.562408316451707,0.014537752390518702,0.011423878226661405,680.7119855066397,4.463242141975563,0.00023642006001403233,0,4.800000000000001,5
-0.005859336965155501,0.09588637372177876,-0.2016980633810843,2.668340624352121,0.015222751618348802,0.012441904537420098,724.8576564338264,4.371174664855566,0.0003587580587071113,0,4.6000000000000005,5
-0.005097058881832233,0.09416718228964961,-0.13976636245080254,2.7181673452899435,0.016423873065936744,0.012607507097768037,768.0742816300658,4.275129968817912,0.00038702139764227255,0,4.4,5
-0.013326688133937135,0.09786835582378982,-0.474648195176266,2.594845647052306,0.01706087081494333,0.013469523261337412,810.3681895258727,4.182415651851357,-8.512972127242365e-06,0,4.2,5
-0.010358452319135689,0.10509319868821351,-0.5399142068443696,2.4272099554892095,0.017208386395987478,0.013198053134620333,851.8361639585304,4.101229158183098,9.371779308650677e-05,0,4.0,5
-0.0021707632159686328,0.10384093888970763,-0.6134913521090875,2.2489281519603446,0.016936652080709446,0.013024611595677079,892.5228216890652,4.029238414414634,0.0006455973483044711,0,3.8000000000000007,5
0.0064357384818295345,0.10765404985699674,-0.7405579969767571,2.165809109934039,0.018461162265432894,0.013294637129565105,932.4239846643292,3.9571413676178535,0.0003131679693814335,0,3.6000000000000005,5
0.016095043212454634,0.10497457088312766,-0.6191980690659453,2.198920370776049,0.017669659779752375,0.013172459736914815,971.5323796809514,3.877573789233274,-0.0004237838517751761,0,3.4000000000000004,5
0.010683596411737247,0.10680493220627249,-0.59384498331523,2.1759246594425172,0.01758116909862782,0.011499671061032356,1009.8775917614174,3.789472181184699,-0.00055882160497584,0,3.2,5
0.0022251942350163087,0.0989116228837653,-0.582577074705728,2.294792488674472,0.017816695324356077,0.012906213066163333,1047.4912637202303,3.714097736218915,-0.0005984141845148048,0,3.0,5
0.004197236342801501,0.09941538564398836,0.183881255869204,2.874280737062239,0.019107413822460267,0.012685873658867974,1084.2691859801992,3.6418010434222117,-0.00030231825390258243,0,2.8000000000000007,5
-0.0018374675235226362,0.09432225878827037,0.15344097007085722,3.0316503909306043,0.017554091293096777,0.011920870866928212,1120.3030224477084,3.5725951442099535,5.9483653209416515e-05,0,2.6000000000000005,5
-0.0035343537502177474,0.10452485030391145,0.32519308139834857,2.734668150593492,0.018574099449213632,0.013275736806910906,1155.704033832017,3.503595812198516,0.0002324547709245843,0,2.4000000000000004,5
0.009854214894082275,0.1023976737567043,0.495229876718009,2.780000394593557,0.017635122046903186,0.013482176508107579,1190.3969625689817,3.4286179536978687,0.00034748934487774597,0,2.2,5
0.008895012054986244,0.1112739588111346,0.4261133730163955,2.6661196374668257,0.017782680346540954,0.012909987338640821,1224.3762377516355,3.3670357428088855,0.00032549772361989806,0,2.0,5
0.0024506516584528602,0.10960080672872835,0.39948441371195464,2.7149383922434835,0.01899363876206639,0.015241307248047248,1257.6811063435641,3.296359559007254,0.000270173877962986,0,1.8000000000000007,5
0.002947360711999486,0.11020206513382852,0.39251457768477316,2.6998293360561854,0.018621656198717192,0.016117740318159993,1290.3771753085757,3.230636289495646,-0.0002050434365991816,0,1.6000000000000003,5
-0.0006634391532961481,0.10625034515176032,0.24816951528221143,2.801208875541723,0.016801639164810086,0.015326735014366075,1322.350898118439,3.1677231694127617,-9.54614515314894e-06,0,1.4000000000000004,5
-0.00610703214956785,0.10084536393684669,0.7311029334782333,2.9458963431244016,0.015424203218854854,0.015137535531983073,1353.760841554126,3.104861216209997,-0.0006513421661644053,0,1.2000000000000002,5
-0.0005711189734275036,0.09774346752547267,-0.07256722150987072,2.670128111584973,0.015926860264531637,0.014285769334839183,1384.5022282029825,3.04602288237354,9.530388813991942e-05,0,1.0,5
0.005743180892951432,0.0931076150028449,-0.5483493105649502,2.2043102630378555,0.012785582009868594,0.011683953637016962,1414.6304837864743,2.9790957630170927,8.721185552264466e-05,0,0.8000000000000007,5
-9.847968750019476e-05,0.09256187168955746,-0.6114358130894151,2.2216057058864904,0.012540241889235037,0.009911743057167185,1444.1453803548034,2.921808532491726,-6.080889277071714e-05,0,0.6000000000000005,5
0.001097094596730478,0.08159876025793981,-0.3942213937595591,2.519856153768276,0.01425072520159457,0.01164224511765862,1473.124179163392,2.8637005158841005,-0.00019204977874583286,0,0.4000000000000003,5
-0.0018184743533838463,0.08707876839617422,-0.3520981589390195,2.3684840552798194,0.015657584955155793,0.012254132718245594,1501.4632466273317,2.807431385924485,-0.0004805003920531005,0,0.2000000000000001,5
-0.013904547502799238,0.1159183939810717,-0.6912661553273245,2.02709989346347,0.015022141660313721,0.012574203001806656,136.15284579926433,5.222056818358323,0.0005318147416593413,0,7.0,6
-0.07502892328083685,0.1882367187439142,2.1651914659824927,3.5357725240093605,0.015494359448539115,0.011618754507098948,188.1917043968557,5.405638676950632,0.004378766398555723,1,6.800000000000001,6
-0.28388280835493496,0.44719773665208684,0.5861625475242356,2.9505119985532153,0.016430472495525966,0.011447853473731498,241.44645798886074,5.303683681422094,0.020721747216206798,1,6.6000000000000005,6
-0.6516309807845978,0.7344500014237828,-0.9800791055683304,2.2742796120213877,0.0161548066820278,0.011643743111929793,292.71351941448376,5.062387988190016,0.0428706420910769,1,6.4,6
-1.136160730322512,0.9251994855131368,-1.4138044725682823,1.8952322868532736,0.016270442762908958,0.011772456417783524,340.8055887217066,4.682414853329537,0.05815555514951567,1,6.2,6
-1.7209079465585573,0.9755724540909128,-1.259539869601442,1.5655612280110682,0.01620990633156465,0.010899352411577082,385.1542173834212,4.209376258325109,0.06315383746989794,1,6.0,6
-2.3485168892993715,0.8723108771690504,-1.0479657697876843,1.4851762693585688,0.014288417635613495,0.010089638561206093,425.04347972999943,3.7259424552640716,0.05633930712620144,1,5.800000000000001,6
-2.921439904763564,0.7626500253978078,-1.1376512514274437,1.3685483582498745,0.01356557664288715,0.01031855310901138,460.4455567789297,3.3066716416136295,0.04940781283711732,1,5.6000000000000005,6
-3.40601399091865,0.6783814369485086,-1.0907714361245588,1.2870370367168205,0.013604886422309921,0.010123136062542833,491.9097904153604,2.954557568462456,0.04375397106950919,1,5.4,6
-3.8488419220200374,0.6024626499836497,-1.1817938799185823,1.2681407404342617,0.013087488303943804,0.0106300056917228,519.9693219574697,2.6346136747864417,0.038821064713676454,1,5.2,6
-4.228146797077491,0.5221961369966928,-1.122468687204996,1.2008637891340965,0.013768834180823539,0.011159692458261445,545.146963324849,2.3715129040860634,0.03337289815592803,1,5.0,6
-4.560975847074688,0.4506218524975153,-1.0777147381230894,1.1696413664812044,0.015786112662683004,0.012068791903479717,567.6550239111291,2.1228912952361485,0.028665207413369084,1,4.800000000000001,6
-4.847342628410348,0.40745393308484484,-0.8884717643913684,1.1623811113010103,0.014784144007820146,0.012082597728449728,587.8046464002679,1.8997393187607896,0.025680281852634643,1,4.6000000000000005,6
-5.114849499875956,0.36554418511932824,-1.186619054843438,1.119475137922749,0.015290312601154188,0.0114284668978984,605.9098341769866,1.7070005525397611,0.022948766046142623,1,4.4,6
-5.340954690192024,0.34790559745698807,-1.0227849599224148,1.1319350693006485,0.015968997783303518,0.010343062768341226,622.2549849371417,1.5292533351219006,0.021569414083563276,1,4.2,6
-5.559035061325708,0.32171406560429217,-0.9890151078633012,1.0999940536480437,0.015068073202741932,0.01037318358807597,636.822935781977,1.3837868475626145,0.01979086466782248,1,4.0,6
-5.760297366952267,0.29800402335573095,-0.8506441675663945,1.096158218195609,0.013171800712089947,0.00946501791811714,649.9867185880456,1.2440044138186797,0.018145101190784146,1,3.8000000000000007,6
-5.942396016341965,0.26744231608365177,-1.1107938145101315,1.0737889648076242,0.013540812597699325,0.008676986337077698,661.8416073683668,1.1128027043326203,0.01609922904832909,1,3.6000000000000005,6
-6.106347479635734,0.25498245637868117,-0.6954539008136775,1.0851772214195226,0.013615411071006634,0.009125774844627682,672.4621713420252,0.9981015591918239,0.015210139703195045,1,3.4000000000000004,6
-6.255576799183822,0.22691119190409792,-0.6482980437348607,1.0787493820222505,0.013936962354066757,0.010126130400803957,681.9254397518132,0.8915502949031842,0.013143373343226628,1,3.2,6
-6.39130845607091,0.21158616172632444,-0.6742774989068718,1.0567305157343223,0.016142265197335456,0.01080236332061039,690.3704192736426,0.7939868032781694,0.012047880025386317,1,3.0,6
-6.511258608859207,0.19546362186127877,-0.9237246704829731,1.0589941855799307,0.017645196962540962,0.011140833365165293,697.8578480124638,0.7003378493200242,0.010811256264796731,1,2.8000000000000007,6
-6.621775002312037,0.18099833861525919,-0.9075704528860151,1.0463488337622537,0.01772151281860184,0.010972187465085175,704.4891559375341,0.6172414849074602,0.009708198316659821,1,2.6000000000000005,6
-6.720899117176859,0.17476535968596535,-0.19308820111731162,1.048846368325393,0.019040665458849998,0.011979576634687546,710.2255057890336,0.5357924878662942,0.009281152922598287,1,2.4000000000000004,6
-6.8280579638831815,0.1659171304108512,-0.8451840491873694,1.041266938349264,0.01977846235565318,0.012240923848895401,715.1634065521197,0.4539511957515595,0.009309169653076262,1,2.2,6
-6.9231196914541435,0.1652265974774322,-0.9028899619066766,1.0443568942338874,0.018215097348109027,0.012231746539470144,719.4550479308813,0.3909276548762819,0.009272380684578098,1,2.0,6
-7.0208910568310205,0.163892177098195,-0.7661214193734684,1.0455668938408167,0.01752320484880931,0.012005263238734621,723.124044973595,0.33225510845278305,0.009403840502767486,1,1.8000000000000007,6
-7.118668489518797,0.16565471877084428,-0.43332141481440756,1.0480892877896748,0.01821087653712599,0.012543523573807905,726.1891443327681,0.2849537058630923,0.009078915957632902,1,1.6000000000000003,6
-7.2058229218077505,0.15041138855708594,-0.8943584040164927,1.0412818863049011,0.01739249888115227,0.011995278309776662,728.6679161689326,0.22803321136227545,0.0074537064491958325,1,1.4000000000000004,6
-7.27853246601613,0.14501131753751914,-0.9607922772057274,1.0337411218413228,0.016618502408961344,0.011177169863030249,730.744082103302,0.1721571554217389,0.006689842496819728,1,1.2000000000000002,6
-7.359417128511769,0.14564035281503468,-0.6340495328412197,1.0448838803698783,0.016621434786566577,0.011503619790524095,732.2552409848421,0.12340451970629393,0.006408577630935989,1,1.0,6
-7.4274641232288285,0.14299722418243538,0.016004945695752948,1.035321772227665,0.016604032865168854,0.011647008794149604,733.3691070719473,0.08791496231491305,0.006280052693332321,1,0.8000000000000007,6
-7.493096565087765,0.14423603624907752,0.3401617621744837,1.0458649598378922,0.017874982211740314,0.013314972789176677,734.0417447994541,0.056832276146553874,0.006897814520813576,1,0.6000000000000005,6
-7.551931693226562,0.12342900764547887,-0.11774309800432903,1.0377694628701324,0.017343002049078748,0.013416915024318849,734.387638000665,0.012977376703069515,0.005582837395814221,1,0.4000000000000003,6
-7.60946629613835,0.10930416152851766,0.12671618123640416,1.0299536407801386,0.01749303670700323,0.013647909038915301,734.2570657031578,-0.03000941766179231,0.0043839102317341705,1,0.2000000000000001,6
-0.009578455155552478,0.10218372872620174,-0.7430209612168972,2.2094432064556035,0.017667046461808073,0.011832526608471661,136.16392395284066,5.222936187210681,-0.0004826988167818121,0,7.0,7
0.004949086728968587,0.09553627835995088,-0.5799999214798106,2.2781725967554465,0.017985465796309493,0.011256119943071406,188.16902178621515,5.397377144411595,-0.0005407397977278361,0,6.800000000000001,7
0.010210137420007896,0.08865142238839695,-0.3998338369943437,2.4419885326318513,0.017617831147653487,0.011385936695528464,241.59006973447734,5.32034314478485,-0.0015033904947749338,0,6.6000000000000005,7
0.01307472768658016,0.08531517441810019,-0.20115356173154364,2.524525757040141,0.015569792995537598,0.009844412172487776,294.3914811038379,5.220826776176125,-0.0003878217328732075,0,6.4,7
0.012758425421954373,0.09187767822152464,-0.13681913021328151,2.349132612154312,0.015309439719726417,0.00977943330230153,346.0785992820677,5.125784372511269,0.0013706460203709045,0,6.2,7
0.023653943568737703,0.09960184219887312,-0.39377856568854597,2.1829805176561123,0.014287043844120077,0.009999134471146127,396.85053772378774,5.025118030693514,0.0011331306698640306,0,6.0,7
0.0058351093027287585,0.10153426413211776,-0.6711719930876141,2.198490039129818,0.013878281117303928,0.010037282369146314,446.557712412984,4.925718017541524,0.0007690824347125477,0,5.800000000000001,7
0.012489260825121917,0.1023450105689052,-0.7016019865740541,2.1683341106421254,0.013887030548466121,0.010132151582392888,495.40367421548996,4.824526752241066,-0.0013187959365936483,0,5.6000000000000005,7
0.011018886106264131,0.10169446488833646,-0.6731795834324714,2.185669260830502,0.014715696975171397,0.011413699445936303,543.1110836458734,4.727549510179386,-0.0011895585434255822,0,5.4,7
0.01551512747890616,0.0905115887434548,-0.39371413765855134,2.434156396866838,0.015348274409873906,0.012526184214957036,589.8828354168305,4.627706939144912,-0.0005396030910372132,0,5.2,7
-0.002547680289843367,0.0876584553498362,-0.34302514083828806,2.495615024697814,0.0167893060067137,0.011857543924408258,635.7387165413722,4.537144805603853,0.00021196550348630622,0,5.0,7
0.019837574800831412,0.0977008901477257,0.6193242641228873,3.039333488217545,0.018282925972561676,0.013106586130878362,680.7510544664058,4.449705938289573,0.0010112058782801433,0,4.800000000000001,7
0.01961108211265048,0.10191460506722118,0.58213564143086,2.919679002169815,0.017647698149916912,0.013066100553224208,724.7140681485477,4.362278182721353,-0.00015970377469966637,0,4.6000000000000005,7
0.009993264610977938,0.10542102615142655,0.8726189095395456,2.8623036477998807,0.01757217477097189,0.013780499765157604,767.9559570518842,4.277595701948167,-3.9141299485571125e-05,0,4.4,7
0.0004915155882328576,0.11287885293460291,0.36832633213235466,2.6853949066025886,0.018035250528234778,0.014411774238508882,810.3146384447532,4.187300585621237,0.00016500773694277975,0,4.2,7
0.007616662917693221,0.11522453279822455,0.01949890802341825,2.624907112987076,0.018089399251017095,0.015384882245295623,851.8461694127509,4.106782224886225,0.00019253858221434788,0,4.0,7
0.8973769382161754,1.8379209203703237,0.35648451904544354,2.5418351446017544,0.06459327253059988,0.09659857922694777,892.527640116898,4.03486514237534,0.08089490493470383,2,3.8000000000000007,7
1.7393528468937698,2.1876577211230104,-1.7810099972967084,1.8564649304668028,0.11132176384783947,0.11496721509703854,932.5535175751746,3.9555277628390275,0.11544472330485,2,3.6000000000000005,7
2.5861130606807787,2.152968735776015,-1.8049724169215322,1.5387485396584657,0.15479704054590515,0.11358028754925888,971.576310506854,3.8697715421400196,0.11168615180243932,2,3.4000000000000004,7
3.4182247506576164,1.7382898715669965,0.2005232140026516,1.3474615096089395,0.2017336738286975,0.09439744654958854,1009.9522856746972,3.7909230851906157,0.06984654371460877,2,3.2,7
4.261582683566092,0.21952690925389493,6.594622787357757,1.2084627792396285,0.24780329255313407,0.021604092306202957,1047.4766181149262,3.7115218224676467,-0.0072771441535557585,2,3.0,7
4.186366812359214,0.10793745951370269,-0.8586127197626254,1.05100831695948,0.247483287220765,0.021787481880850567,1084.2952084182282,3.6426094837553893,-0.0015580111989682355,2,2.8000000000000007,7
4.177936572548123,0.10887392786090448,-0.992238461715151,1.053121658040825,0.24818647917494235,0.02333899347419496,1120.30832992659,3.5803822859528327,0.00047229263551487605,2,2.6000000000000005,7
4.175744577108131,0.10190561149075036,-0.9639734644321338,1.0537175746315377,0.24973572854853351,0.02219540713295152,1155.739288940622,3.5031047464320366,0.0008617257069675527,2,2.4000000000000004,7
4.191748322699591,0.09989868282207247,-0.8963199821922267,1.0497087512106482,0.24754025413045777,0.02325122136418045,1190.4141487316729,3.437725360714815,0.0003517439532700152,2,2.2,7
4.182476282025737,0.09539943144763778,-0.8807757246544274,1.0358865705521203,0.24705860205223537,0.020830692307502896,1224.4818506820745,3.369146082381224,0.0006874795517803786,2,2.0,7
4.199098707247876,0.09580241339584496,-0.37063831885256526,1.0434242836098249,0.24839269702807643,0.021328371078333717,1257.7871063821863,3.3006741789312497,0.0004915116259787113,2,1.8000000000000007,7
4.1877546742644265,0.10350660788461583,0.017051994306786167,1.0462044635785113,0.24917319031642182,0.019510674106901393,1290.430867826317,3.230042591991747,-0.000529057820377021,2,1.6000000000000003,7
4.1961692804525015,0.10941182808363308,0.11551902744266629,1.0489144370712862,0.2512741249809777,0.021488022072315434,1322.4257458087886,3.159812754815173,-0.0002760840641253622,2,1.4000000000000004,7
4.1969356894853505,0.10884679183840916,0.12466768292572139,1.0487266161026527,0.25310828076722824,0.02116392260253906,1353.7410669103856,3.0942733066202663,0.0006503956435871115,2,1.2000000000000002,7
4.203935021245327,0.11978791777299543,-0.17394527517540226,1.046909128550585,0.25414103212533606,0.02197925208533389,1384.4236335480364,3.0392070100002258,0.0003337237126294489,2,1.0,7
4.198651333576386,0.11707256165527509,-0.3183237432355921,1.0482442604620001,0.25433439654713785,0.021593249754535915,1414.5129489977055,2.9814783318277294,0.0007349110586669385,2,0.8000000000000007,7
4.212059789945119,0.10718528941184466,-0.25394785763447025,1.0449738087510094,0.25418167386818874,0.02187658146197316,1444.108010887578,2.929827117442507,-0.000627926745005167,2,0.6000000000000005,7
4.2086188452334286,0.09397689987547506,0.12797938275707565,1.0446504305111686,0.25416428139745817,0.0200206509431539,1473.0445359877592,2.8696375566045824,-0.0002509402458395215,2,0.4000000000000003,7
4.2154195456100805,0.10260517088018567,0.5189569616352734,1.0608473277494215,0.2507275495597446,0.020212709407035463,1501.472258760457,2.8128718529159467,0.0005901166094023696,2,0.2000000000000001,7
0.000682232025534509,0.10308163441245852,0.5959497109533642,3.0472850051203455,0.017523554773410693,0.013098473572457726,136.13768174362914,5.218791119822403,0.00019843307983171858,0,7.0,8
0.004751628570586129,0.1018213387242805,0.66342055956803,3.081649674885337,0.01660863023497397,0.012859434669244144,188.07781266359234,5.398383095792375,-0.00010811144188300413,0,6.800000000000001,8
0.011020840371186088,0.10672869305493508,0.21932543993148101,2.9273389928893536,0.01594796422798309,0.012697443283159228,241.59860570462627,5.3283564107606844,0.00012641472102123402,0,6.6000000000000005,8
-0.0035531882514318585,0.1056834319871769,-0.5259966262350586,2.1785497710851573,0.015977633146536708,0.013547950435143393,294.3858618758006,5.228313298887559,0.0006160699881864551,0,6.4,8
-0.009754775375668772,0.10227303531411631,-0.5389136018856164,2.242110966296269,0.016266724513021115,0.013720069255131214,346.13229362070473,5.1270542474273695,0.0005183185113232965,0,6.2,8
-0.006969536414235544,0.10688731285866886,-0.8567543888860465,1.9107604359479742,0.016342369642601825,0.01285673580353231,396.8840042438236,5.025731958246835,9.383157223214467e-05,0,6.0,8
-0.0070830197901505,0.10348192874675277,-0.7580961690944905,1.9732054163294293,0.017716227327881775,0.013433018796688184,446.62534832659736,4.920281890054832,-0.0007441025991113814,0,5.800000000000001,8
-0.014570348319828522,0.09800305421372796,-0.608426465759647,2.099586954697565,0.019211245253920362,0.01300200748232975,495.36227456932755,4.823924495982251,-0.0007378283225913111,0,5.6000000000000005,8
-0.007799552350454988,0.0877067151443027,-0.45496864944801674,2.3628635141992578,0.020515085185072515,0.012364098395320702,543.1269736320227,4.731736139919065,-0.0006074702753852898,0,5.4,8
-0.0034459497145247677,0.09410541111580445,0.002995445059432278,2.5870055315118337,0.020628767015823914,0.011003347271869862,589.9036335940266,4.63111252309922,-2.562695917446028e-05,0,5.2,8
-0.01511995587169384,0.09243712917203595,0.017623474190667565,2.600240444348036,0.021298114514589024,0.012041750041217204,635.8073607586629,4.5437220490427155,0.0006983274337109104,0,5.0,8
-0.017171815831647622,0.09462381104700215,-0.16053976716839058,2.532392962773051,0.01947633996560743,0.011919820376399383,680.7433074431802,4.448136246073107,0.000252316679462356,0,4.800000000000001,8
-0.014221875907957504,0.09295091289684021,-0.194028462728701,2.5901741662612925,0.01937403008794899,0.0121233919729354,724.7491648488837,4.355996749433845,-6.0483671955022844e-05,0,4.6000000000000005,8
-0.018939104239385635,0.09934119281442198,-0.42483592264883274,2.4080842321247165,0.016011641451319978,0.01224231225347955,767.939431420618,4.276666369823419,-0.00048386369680853623,0,4.4,8
-0.019627257242349243,0.09257228406974362,-0.4464586208217285,2.248741505932671,0.014533806461942743,0.011281366413709533,810.3030606885343,4.190375695313723,-0.0004812083083115508,0,4.2,8
-0.003914675806907042,0.08880760126132517,-0.20803148540870975,2.3948546636051566,0.01403472438666201,0.009913373332872262,851.7860408216065,4.114851373955194,-0.00045824056000725276,0,4.0,8
-2.1646580857545397,4.375026548769481,0.31095296440658693,2.4786140783029396,0.014589764108434133,0.00970221689793373,892.50429823839,4.032241246841424,0.032506910388772785,3,3.8000000000000007,8
-4.183159248725442,5.183057197523373,-1.8001437763371928,1.812836901137795,0.013485342394493394,0.009427947510507535,932.4670118016584,3.950276473905706,0.06128378220571219,3,3.6000000000000005,8
-6.188100063444991,5.123548059707254,-1.8198995103649986,1.4999288721675719,0.016264063827757757,0.008722347000250003,971.5813238983641,3.8750554189675626,0.06901357739925168,3,3.4000000000000004,8
-8.194731309981938,4.170575680245232,0.21354224932676225,1.3078807601410254,0.016986948782434917,0.008371790060550728,1009.9466285291278,3.7973548135402133,0.05379311263787649,3,3.2,8
-10.20906064454181,0.3977245178896846,9.16115936967734,1.1746656061071599,,,1047.4513025612548,3.7144347147985184,-0.01594196009872842,3,3.0,8
-10.056014299839651,0.025936041451248205,9.161159369677325,1.0116179972204553,,,1084.3088846142618,3.6410400545984167,-0.0010395922789186345,3,2.8000000000000007,8
-10.046033983913395,0.0016913170194536057,9.161159369673157,1.0007585760375697,,,1120.3781641778578,3.569247754158679,-6.779292506640785e-05,3,2.6000000000000005,8
-10.045383156831038,0.00011029259286473905,9.161159369564839,1.0000494716075272,,,1155.6893297386894,3.49747822230647,-4.42084919466588e-06,3,2.4000000000000004,8
-10.045340715700489,7.192298014352784e-06,9.161159372532724,1.0000032261137017,,,1190.3644481735114,3.4357994609352014,-2.882883070330495e-07,3,2.2,8
-10.045337948068948,4.690174504543266e-07,9.161159324780286,1.0000002103784,,,1224.387835674763,3.3606948306038253,-1.8799588978435356e-08,3,2.0,8
-10.045337767588732,3.058513039107902e-08,9.16115938832944,1.000000013719001,,,1257.7395812111672,3.3057725706010825,-1.2259413597100348e-09,3,1.8000000000000007,8
-10.045337755819423,1.994489113459375e-09,9.161161705129699,1.0000000008946308,,,1290.4037198012675,3.2400624173284633,-7.994495335450117e-11,3,1.6000000000000003,8
-10.045337755051936,1.3006219827478263e-10,9.161123273224467,1.0000000000583396,,,1322.4591896791574,3.169251980767584,-5.213408903891402e-12,3,1.4000000000000004,8
-10.045337755001887,8.481514336088085e-12,9.162023065605782,1.0000000000038045,,,1353.863739507681,3.1103643881045957,-3.3981267982132845e-13,3,1.2000000000000002,8
-10.045337754998624,5.519635391178576e-13,9.219113269175,1.000000000000248,,,1384.6457999281356,3.042115085008986,-2.19534500813659e-14,3,1.0,8
-10.045337754998414,3.4199047320093007e-14,9.531849590516826,1.0000000000000158,,,1414.70689955675,2.981549540613963,-1.2625910360867919e-15,3,0.8000000000000007,8
-10.0453377549984,1.4796930398031855e-15,,1.0000000000000009,,,1444.2171230168658,2.918203873076569,-6.532223435505509e-17,3,0.6000000000000005,8
-10.0453377549984,0.0,,1.0,,,1473.1455205224577,2.856997569547932,6.139906278461508e-17,3,0.4000000000000003,8
-10.0453377549984,0.0,,1.0,,,1501.4286761173385,2.8032683873394095,6.139906278461508e-17,3,0.2000000000000001,8
-0.015692135428284956,0.0836697403171733,-0.28190279638403126,2.445855429256328,0.018420256628105952,0.01225590818791933,136.11851392163686,5.2262333380050086,-0.0002817154443586315,0,7.0,9
-0.013951659249699398,0.09347621884552218,1.4918553769590268,3.222825816872901,0.01788417882607458,0.011439773430084321,188.21217565491511,5.398009423698621,-7.493713790081451e-05,0,6.800000000000001,9
-0.009689228823994776,0.09433339500458922,1.4724742480088775,3.2123890194033824,0.017821089591190855,0.010843086247324312,241.69063827292518,5.324695404710197,-5.875591094467031e-05,0,6.6000000000000005,9
-0.009680696982759284,0.08743991246079445,2.0772655451253446,3.4626605000552715,0.016801352728798572,0.01113326863861273,294.39364682727563,5.231078648627979,0.00035322023303003386,0,6.4,9
-0.015427177727842203,0.1039183059650488,2.106366133384789,2.9463457330245046,0.01646464666637991,0.012374625014285549,346.1727945286364,5.122224442531303,0.00040532689866933585,0,6.2,9
-0.008448845193375463,0.11726627700109381,0.7863972145324545,2.6332051515203205,0.01703788054298542,0.012538840359693146,396.9045960114401,5.016302863938178,0.0007563954323810436,0,6.0,9
-0.01706807341610569,0.1141636393725651,0.699317279898211,2.681514453234448,0.016212069575356286,0.012094874869363151,446.55897576599267,4.9177191166343475,0.0008897140850962547,0,5.800000000000001,9
-0.020251600057837806,0.12253098227661159,0.8550547603101419,2.7950679010325614,0.017079770179986777,0.013014649336081588,495.335532358238,4.824152838425412,6.795436269258231e-05,0,5.6000000000000005,9
-0.02218404729578387,0.12706233265198077,0.5625903080987635,2.6911635630710875,0.018938840343407152,0.013150889278076035,543.0654130407961,4.7294515935078545,-0.0008195885174056421,0,5.4,9
-0.02287114589639489,0.11632107739316919,0.488828464362943,2.927846388066687,0.018107450710845806,0.011935841366799921,589.8406889393899,4.632340770921862,-0.001113295465167748,0,5.2,9
-0.02307667657004155,0.09998784850581632,1.698921051597278,3.3819558338125337,0.01756486283476457,0.011770976306772174,635.7175176352201,4.539728488516618,-0.0008810675320061037,0,5.0,9
-0.012213972947878259,0.09760026683027972,1.777101356478349,3.529511349627036,0.01801058329249379,0.012081301094816185,680.6723844550204,4.442901899529514,-0.0006512885274670044,0,4.800000000000001,9
-0.0008116490858953166,0.08545093849136377,0.4368949501906898,2.950389325376041,0.015861231963316236,0.011549349414164795,724.7306585339729,4.3649289990591935,-0.0005859230938231061,0,4.6000000000000005,9
0.005267009800364346,0.08129724150039654,-0.16409448056019338,2.456650241250181,0.01690596693857593,0.014943965359858794,767.9568746624566,4.2811508116220205,0.00013999255647086922,0,4.4,9
0.014928231116003443,0.08562647762347195,-0.36192066142634083,2.031756626316026,0.018086480261617924,0.016179352864201916,810.387497725306,4.197888466364125,0.0005034621538710972,0,4.2,9
0.010542111292640037,0.09986770948683087,-0.4750428570483334,2.247164930553263,0.018248725071423076,0.016336317736728237,851.9220823707649,4.1140120744988655,0.0006290176594772425,0,4.0,9
0.010435574043587071,0.10481661608454343,-0.7279120922328604,2.142395898245377,0.018902867944959746,0.016227349734723756,892.6644432326835,4.0260256418245435,0.0008051277677482318,4,3.8000000000000007,9
0.005436376744383997,0.10738774370624735,-0.843127787778974,2.0989077118776214,0.019251971903631978,0.0165837943469221,932.5188972380213,3.944350104155154,0.00020630145126254417,4,3.6000000000000005,9
0.004844624873464326,0.11966326925851098,-0.8391976659906297,2.36563564932181,0.01746336042420049,0.013992469912241708,971.5848053847817,3.862453670236457,0.0005812705056478976,4,3.4000000000000004,9
-0.005097400283122697,0.11804828595914123,-0.7259910248025347,2.397723827132251,0.01677997611945944,0.012050453912987879,1009.8280050616434,3.787168496117841,-0.00010233103301199711,4,3.2,9
-0.0025884819298535168,0.10910070082252483,-0.45789793459528383,2.596087752794866,0.016669182001715813,0.012224739024532298,1047.4327165814532,3.7211797570794514,-0.0007008816721886179,4,3.0,9
-0.007255157685858298,0.10341179670799568,-0.16894704597867394,2.7328362253263836,0.01626771357712759,0.01286200056028068,1084.2955400835608,3.653816805203274,-0.0009392822845864263,4,2.8000000000000007,9
-0.006813037083570458,0.1016109112913226,-0.09605375787764991,2.781873468324814,0.015361340837403023,0.012274705533777885,1120.3830985858906,3.577536780720069,-0.0012280144072770096,4,2.6000000000000005,9
-0.004904666186485828,0.09130187606944067,0.23699454705794087,2.7940533346229643,0.0153034244285125,0.012805315980978827,1155.7240608067077,3.4971253374646554,0.00018047825476158846,4,2.4000000000000004,9
-0.0060057588047663,0.09060262436888566,0.04468405678049514,2.8134595172019123,0.014193663293780379,0.012116190514468701,1190.4081510267627,3.419481601555628,0.0005700081258178974,4,2.2,9
0.00814227401847986,0.10572609321060364,-0.1467586254541544,2.7311777495806466,0.013832842566719527,0.012836189229923266,1224.3089160882585,3.3553957486318273,0.0009915745714813619,4,2.0,9
-0.0008285180647180754,0.1038814658045215,0.19589882010878013,2.7879835529232175,0.013230373986190092,0.011694629583318742,1257.5546222719556,3.2977150916793505,2.7849505735997237e-05,4,1.8000000000000007,9
-0.004856572763993087,0.1031142328566225,0.44772921951976397,2.8056453979422233,0.013972195868832209,0.011759233500979687,1290.2606742796352,3.2411450692005355,-0.0005957525370852505,4,1.6000000000000003,9
0.006569394545805234,0.09739778425902408,0.09850339669263342,2.9667952789254435,0.012557421495857018,0.010472730920813404,1322.3143460009378,3.1728320270242643,-0.0010015253709041213,4,1.4000000000000004,9
0.006481661357526069,0.0990237743130778,-0.030476406717120597,2.91847262444435,0.012974315058138739,0.010533741089360503,1353.7360693715198,3.110541235155866,-0.00044984653679899794,4,1.2000000000000002,9
-0.008526529596982394,0.09081061623450598,-0.23333971650184893,2.478309940730834,0.013508675729612207,0.009433258588310036,1384.506340910118,3.0421959999063923,0.0009962027585196363,4,1.0,9
0.003293601478305236,0.09726782108620596,-0.5257485358778755,2.3228108669395877,0.012556515881024008,0.00947871909290656,1414.678404268468,2.9794240627334543,0.0007871693840252592,4,0.8000000000000007,9
0.005003754454444224,0.09782701003869063,-0.48719206733902665,2.3078056836801104,0.012557659546276873,0.008873142275239708,1444.1731282956714,2.92274177032873,2.796905950455846e-05,4,0.6000000000000005,9
-0.008027677852311937,0.09594523308331124,-0.5214282114522164,2.3478366647063305,0.014115137609282655,0.009644703483005205,1473.1316138876086,2.8614753870287792,-0.001038843049053588,4,0.4000000000000003,9
-0.005230569430220668,0.09383915718037919,-0.5398954525117126,2.4052792722639547,0.013738986086004008,0.009742781285668628,1501.470990762937,2.8057547802848957,-0.0006703058691694973,4,0.2000000000000001,9
-0.024626410279613792,0.09535962995912707,-0.43223903154800825,2.2768694209232017,0.015551807171673336,0.012559474243621188,136.123508932345,5.218195942167273,-0.0003807956532395922,0,7.0,10
-0.024799561841186025,0.09105992740114202,0.0978127703378644,2.3759062880368687,0.015292889920283522,0.01306002984392223,188.08935186052724,5.396537436093932,-0.0006969126565145384,0,6.800000000000001,10
-0.016195587221165292,0.0876893260553052,-0.2656502642576526,2.071784851854917,0.01501089764102712,0.012391328835917698,241.54277428342007,5.320741694410065,-0.0002634492497163492,0,6.6000000000000005,10
-0.019334519674081955,0.09056260441668953,0.03750806537704898,2.2408379201472006,0.013604984304359994,0.010770800347793057,294.27053950277764,5.21958871749692,6.910071200767393e-05,0,6.4,10
0.0017458264320090267,0.09745899510572067,-0.24408105720805784,2.4275531362072744,0.01389822356559673,0.01095421291529684,346.0149544147053,5.121892635390775,0.0007665883615203306,0,6.2,10
-0.008717843735368196,0.10369322659641622,0.31495128895774904,2.7646602143570425,0.013728147678506684,0.010189398368896855,396.7165419215773,5.019283119551215,0.0002466441928011334,0,6.0,10
-0.0024972939037482145,0.10708698859672,-0.029124696656795734,2.6859353180499737,0.014609081463364095,0.011435162000271611,446.40788668218136,4.921782998375594,0.00033571807565587115,0,5.800000000000001,10
0.0023109035390195018,0.10772672860344852,-0.07637383770654882,2.670098686600642,0.015144573865056276,0.012236308004439169,495.1382730122188,4.818070774917968,1.9610172841448307e-05,0,5.6000000000000005,10
-0.007694754553441641,0.10763508219618481,-0.2459066620301793,2.6660567735740277,0.014852767888261056,0.012621091445934575,542.9778881606208,4.730468222918328,4.549530952043224e-05,0,5.4,10
-0.01653386854974787,0.09955579397054752,-0.05184790505343306,2.850093822727993,0.01620833370715971,0.012944464642851363,589.7378074439339,4.633747051140437,-0.00011373658622830636,0,5.2,10
0.0033549855984390214,0.09691665653659072,-0.8657053887879029,2.012267833650002,0.016423197258450307,0.013554452737695503,635.6593111275301,4.543708003160856,-0.0003682349642941855,0,5.0,10
-0.005338266769692413,0.0981546397884977,-0.7260023438373864,2.163295756013058,0.015098106294240665,0.012494432616351688,680.6298236018712,4.450006644162413,-3.3570244229322395e-06,0,4.800000000000001,10
-0.01100321010894998,0.10144072189918107,-0.7917624308583555,2.0839021936885787,0.015190729315562788,0.012417546709428354,724.7636347631782,4.3594159086085975,0.00026961492043803314,0,4.6000000000000005,10
0.0023406281979502256,0.10230623987429066,-0.5048186240667061,2.0780838737761718,0.017122853191683413,0.013061628452093757,767.858693994282,4.27512412505528,0.0005497521930028434,0,4.4,10
-0.0037649471700030657,0.10403662537280658,-0.7910343884203663,2.042701458255373,0.01645905684006717,0.013494620423931522,810.2169099379918,4.18512959013919,3.832372469024832e-05,0,4.2,10
-0.006955081430135552,0.1035681958550156,-0.7884411718495947,2.0486028091612525,0.01569750362861637,0.012802944923764242,851.7000696479516,4.106646239320157,-0.0004141438974981724,0,4.0,10
0.005173623206774206,0.10458817595822516,-0.7120943169415983,1.942733852573773,0.01724401197737608,0.012847561877698394,892.4159419999675,4.0261266021509865,-0.0003043358075098846,0,3.8000000000000007,10
0.0018999466989099289,0.09702304763475007,-0.513865133521529,2.0964163958062914,0.017441023492485126,0.012704743584360636,932.3620302969213,3.9595442152904132,-0.00042971062618278307,0,3.6000000000000005,10
0.003650089017245902,0.08990186639869527,-0.6478501629411575,2.2340759245716293,0.01600815979284491,0.011411092478034807,971.5466033916022,3.881317673493685,-0.0005056347070402573,0,3.4000000000000004,10
0.005244930976839133,0.08338787220475102,-0.26538831026188214,2.4057686279089094,0.015059460571228804,0.010067729152798603,1009.859902466385,3.7926699251704896,-0.0006417278673862638,0,3.2,10
0.009636516254045513,0.08753411980373936,-0.15489482502841856,2.28236583472809,0.014882564967377103,0.010600020972683078,1047.5038074093238,3.7187117359202824,1.2813714511176044e-05,0,3.0,10
2.825818199987229e-05,0.08098735067807787,-0.015083086748767016,2.4549518372424757,0.014688459828035611,0.010690387240892205,1084.3293323403113,3.6390025362020055,0.00039006202644767244,0,2.8000000000000007,10
0.0006319404480097629,0.09141171996978022,-0.11790697144533624,2.452429293055857,0.014550243164191432,0.010740926522167567,1120.3566345638806,3.572292178845345,0.0008660863495849531,0,2.6000000000000005,10
0.000583114866540132,0.09500334676677576,0.17935556983050915,2.526499805917773,0.014078102008372966,0.010789133714978175,1155.725592065712,3.5072718141232895,0.0005550030613959623,0,2.4000000000000004,10
0.009185651324311551,0.10385329615074745,-0.5131084809116486,2.3020761399222014,0.014580091351432288,0.01073501546690734,1190.4650888399178,3.430351723736121,0.00038352763157177176,0,2.2,10
0.008680056485364568,0.10108360080518021,-0.3106355306096211,2.365691363478755,0.0157676689884498,0.011224968069876093,1224.4033960839922,3.3668984232411496,0.00011065979919885756,0,2.0,10
0.014704252928010603,0.10180800234885515,-0.2541201135165845,2.332979355683918,0.015531966326799545,0.010710575592097947,1257.7285583488076,3.299717287127133,-0.0005870048566009596,0,1.8000000000000007,10
0.008830244986890426,0.09955108237203446,-0.1920358847225776,2.401508661288883,0.01603551213324019,0.011834009619260217,1290.3845001243355,3.2325716856596305,3.6867952500620496e-05,0,1.6000000000000003,10
-0.007242458242906907,0.10476949525834256,-0.6686425810586836,2.1019375197724224,0.01725208429247278,0.012217379278780367,1322.3867780412113,3.1702936795284993,0.0002530454844710099,0,1.4000000000000004,10
-0.0023029122600935646,0.09940217005961739,-0.23072804445529504,2.2202207558912024,0.018103765936489182,0.01387625803844379,1353.7219641720774,3.1040339151261165,0.00017714974744136554,0,1.2000000000000002,10
-0.005004331853540085,0.10403196968210585,0.13810719351677125,2.7465274961810526,0.01723482631285471,0.013887117996220312,1384.453480281786,3.041343665557174,-3.12995904178431e-06,0,1.0,10
-0.006068599550924171,0.10184941889173423,0.15740523786104976,2.8036196809692817,0.016953984256000892,0.01444042962678648,1414.517476974475,2.9749131053413147,-0.0005715442821197063,0,0.8000000000000007,10
0.0013425213871832442,0.10074487824174888,0.26587911622341753,2.839229997644852,0.01506292566551771,0.013149930548167653,1444.084827038375,2.923709126084002,-0.000338851279790849,0,0.6000000000000005,10
0.012914310977918253,0.09993651753614918,0.19453826179438227,2.8383743968941655,0.014544985934649687,0.012836722197818043,1472.980385155968,2.866807004586748,0.0004379654953388966,0,0.4000000000000003,10
0.002252614601459267,0.10247628730812722,0.14622676609960594,2.790824151439595,0.011726791722774622,0.010774226647440812,1501.4060690262124,2.8132226861336553,0.0002274680309209665,0,0.2000000000000001,10
-0.008610576632274847,0.09270259389259876,0.12714813009663262,2.891921683877547,0.014836571713417098,0.011469486947940404,136.02328887187096,5.227334675375846,0.0008744606898833237,0,7.0,11
-0.07004281101242432,0.16492778984615197,2.808885537336142,3.5161616912237124,0.0140205241510235,0.011053693516756826,188.09818790403725,5.4135708959575135,0.004957749103392939,1,6.800000000000001,11
-0.28373709090966726,0.4369829447043343,0.4072163360986356,2.7267023318871297,0.014048758823179668,0.010342871373423535,241.4068623924402,5.312652489266303,0.021597417667269643,1,6.6000000000000005,11
-0.642373457686914,0.7295375313393431,-1.0199263623734713,2.123235158108352,0.014551357692144808,0.012014345057349062,292.7314808087788,5.0620605648917545,0.042148473140429576,1,6.4,11
-1.1283040200192156,0.9484812601161864,-1.4129075553590744,1.8556515509476226,0.01585502588969309,0.01203753109574688,340.92417921049076,4.683949552286774,0.058970046399101826,1,6.2,11
-1.72843878259817,0.9980984038151746,-1.2305000875245362,1.618327505640501,0.015157678306774135,0.011021651442277444,385.26037648011646,4.210264246019752,0.06454741031118029,1,6.0,11
-2.3713733397967416,0.8894506552258387,-1.0900605211095982,1.4592917842294781,0.017781827959955088,0.012238358348518847,425.1648088781625,3.7248380196983586,0.05752888988740265,1,5.800000000000001,11
-2.9351297444670505,0.7576010565422623,-1.1480570851637715,1.3537054649560345,0.01931664634340702,0.013770401671073145,460.5799047033233,3.3104506439284833,0.048846221482049104,1,5.6000000000000005,11
-3.4262133906543277,0.6575070811711125,-1.139495599409226,1.2846428373590297,0.019056019402296016,0.012537168352338637,492.05905420821733,2.9491693940203185,0.04233810496400305,1,5.4,11
-3.8503969879061515,0.578294918855947,-1.04625366678328,1.2329882545913766,0.019890465958831847,0.013878732870266162,520.0517398895623,2.6307211957143357,0.03719073278143759,1,5.2,11
-4.2171356256316095,0.4995863471310142,-1.122210203559289,1.2011364958262238,0.021627454419262566,0.01486967971920879,545.1192909464148,2.3554353126049743,0.03207620822459171,1,5.0,11
-4.545394256535569,0.4585259163482689,-1.1151606178382356,1.1534949481031755,0.01961931070002272,0.014665627153513746,567.6649119761788,2.115652599541491,0.029339376494256116,1,4.800000000000001,11
-4.834059238793052,0.39845240448629454,-1.207526699272568,1.113762891677976,0.017564278208625394,0.01464440778344078,587.8022724572403,1.9014051464101551,0.025420490593233647,1,4.6000000000000005,11
-5.100370041570162,0.37612353184447744,-1.0995385988092514,1.1185417019793562,0.01738396640078564,0.01448385559105219,605.9029918652363,1.7116973742666617,0.024002997541787856,1,4.4,11
-5.332448520856798,0.3435644120769604,-0.8738908231791886,1.103971388520765,0.015948827812556167,0.013233458250071975,622.3542969446784,1.5465626329287505,0.02165092027833117,1,4.2,11
-5.552152258167978,0.30434764112315615,-0.995016223350794,1.1105678160311316,0.014590934982916881,0.011402542096761791,637.0021187669731,1.3814649406151034,0.019011227092349314,1,4.0,11
-5.747005406583257,0.293693128120794,-0.9227453959520364,1.0956272273117917,0.014793497994593174,0.01104408619168635,650.1415496956902,1.245248825673578,0.01828080547718023,1,3.8000000000000007,11
-5.9341006520912565,0.2614090329517069,-1.1374766111885881,1.0699701285869017,0.016372876561748625,0.01201984703787999,662.0094542824647,1.1136088028585172,0.016165488867755477,1,3.6000000000000005,11
-6.083721514121462,0.2419763797133154,-1.049299323953674,1.063326772501714,0.0160248866535124,0.011428877193036218,672.5780610769776,0.9857725870330714,0.01461532520326227,1,3.4000000000000004,11
-6.240078099237873,0.22485400284809345,-0.770518536909206,1.0670564555777755,0.015626070185069275,0.01184277773713865,681.9107861689824,0.8867244229076264,0.013561247114426347,1,3.2,11
-6.388934385942971,0.21839340145855257,-0.8190863203529846,1.059214397388568,0.016192332969936486,0.012911960988535984,690.3806790292332,0.7881898266401545,0.013275514160236899,1,3.0,11
-6.512822578603297,0.20136619156929633,-1.2004342569599402,1.050477634148572,0.017107837861968792,0.012813637573718418,697.7475473887531,0.6897883784162164,0.012158559144035066,1,2.8000000000000007,11
-6.636931274519025,0.20481567676129656,0.11691474060319607,1.0847014057101723,0.016140120662266,0.011914087810777985,704.2343168261407,0.6077390084816764,0.012089427086937216,1,2.6000000000000005,11
-6.7512654813388595,0.17097935689978178,0.19298290764656567,1.0664941036858897,0.016199281615282075,0.012056603386603061,709.9706198569246,0.526457406641492,0.009355957581873665,1,2.4000000000000004,11
-6.858025101302664,0.16929701005199174,-0.531617583958643,1.0499083191115905,0.017330236664779317,0.011884589166126471,715.0534113925652,0.4662202617167503,0.008947609426392599,1,2.2,11
-6.947598746234703,0.17116470854785093,-1.173872184213204,1.041902367002818,0.016153054266626138,0.011163717181450419,719.341143078181,0.40906522708574705,0.009068800294900349,1,2.0,11
-7.042413300404491,0.16063781185931317,-1.1872900405562936,1.0381568394644836,0.015399060107330893,0.011332626692554902,723.1215747737065,0.3456468009375473,0.0081780856288998,1,1.8000000000000007,11
-7.133494588977452,0.17169966175035045,0.1939473486021135,1.068471330768978,0.01672842798856701,0.010618791338907526,726.2975798305603,0.2863516586900521,0.00899917981003876,1,1.6000000000000003,11
-7.2289606110833144,0.1608008746883928,-0.18827368639158149,1.054404701533779,0.016381725855561767,0.010414646765327816,728.8790742657164,0.22085932311615825,0.008246158750168394,1,1.4000000000000004,11
-7.303600693323685,0.14845265399592117,-0.8012622102435176,1.0436708141873585,0.016064657314202205,0.010106307788715263,730.8376640086113,0.172907556155491,0.0075001390297289175,1,1.2000000000000002,11
-7.378561417478735,0.13714593200578093,-0.4628745315822691,1.0445300984922754,0.01737064450888763,0.010949960229778653,732.3718199463901,0.12269894943248202,0.006429997804749427,1,1.0,11
-7.447936429174276,0.12618304765002925,0.12172479818005577,1.0401698796594285,0.017712980986536682,0.010896069360846755,733.4130577870303,0.07979021126299213,0.005301319143603465,1,0.8000000000000007,11
-7.510456235112919,0.1314777079663516,1.0635863133807097,1.0516203429546593,0.016922351903417603,0.010396976839799793,734.0303834793735,0.04216365032314849,0.0060361709233792285,1,0.6000000000000005,11
-7.563577813312298,0.12496120338632741,-0.4489654266594276,1.044251592404313,0.018314346651183568,0.011442355890052202,734.3365493081764,0.00813654042341842,0.005898764226759839,1,0.4000000000000003,11
-7.619360543369964,0.13050440471560207,-0.061678406036807853,1.047618024137795,0.017998632214642426,0.011498744843131521,734.2990285377422,-0.021432878533026188,0.005324729789061861,1,0.2000000000000001,11
-0.018968745245342637,0.09811846096287094,0.17944811442651298,2.932703256257444,0.017327211109449455,0.011823716897897798,136.03949308796018,5.222484575384765,-0.0001363691667072462,0,7.0,12
-0.01656949192572358,0.09890600409112503,0.26932104422423997,2.9227538644460713,0.01564769074398077,0.011071721211804827,188.02430582098282,5.400149732509291,-0.00047490821961191574,0,6.800000000000001,12
-0.007890858107548158,0.09889904552750864,0.4424353083546415,2.954936414779728,0.01518904193190254,0.011816571654129573,241.52432934629968,5.321346334991542,-0.0007283963480881765,0,6.6000000000000005,12
-0.004800466979212598,0.09201098998810925,0.08078267923673899,2.553096481446277,0.015856327795789316,0.011925008079408798,294.27064154187866,5.226990452583528,0.0003527200359739177,0,6.4,12
-0.00421023818663226,0.09298708561084022,0.14972827624689655,2.52716046018432,0.015664005954022713,0.012052681936085797,346.04519459856425,5.133182189057033,2.633809133247816e-06,0,6.2,12
-0.01031669880171325,0.0876629112062279,0.38646285668373315,2.6646855040525965,0.01613482010454874,0.011829397562332627,396.7862453087479,5.025028026626187,-0.0004248529752698198,0,6.0,12
0.0011617598748755876,0.08888434414888775,0.725169825858718,2.646342846642888,0.019480423763188117,0.013906893455146707,446.48094894638825,4.921195507002544,-0.0001303246487978887,0,5.800000000000001,12
0.0023044826261229973,0.09357630085885081,0.3303882573207053,2.5130956413918875,0.01901926325213914,0.01383927664063251,495.23387801925463,4.81746759909828,0.0002828452312392013,0,5.6000000000000005,12
0.0025486336609439482,0.0918056867592701,-0.09669693298462434,2.3717350473299166,0.016851850536676344,0.013891900169705939,543.037693824644,4.730133909633913,0.0008752856820754829,0,5.4,12
0.005912839174312773,0.09594401568094073,-0.4975873416391332,2.265941172470669,0.016005297867077654,0.013021441865580517,589.8424834655742,4.6433483618630405,0.0010756765795324201,0,5.2,12
0.01772828274159888,0.11324125915462833,-0.907300532318911,2.0486661463665596,0.015571799638422252,0.012907655637340854,635.7390174880658,4.546431047414368,0.0013056768567171271,0,5.0,12
0.008666604437295755,0.1175284367704514,-0.7385799606962715,2.1779314792784015,0.014135700028293278,0.010130129737907197,680.7401843119194,4.449219852312743,0.0007283718617973671,0,4.800000000000001,12
0.014684980389413224,0.11980036464905743,-0.65964838967844,2.1263095640601786,0.014936036142654334,0.010586187890706245,724.8842900761598,4.360146372666964,0.0004725888127078197,0,4.6000000000000005,12
0.017381660039716633,0.119702134682464,-0.6491358787794437,2.121603989270099,0.01580456496055918,0.010126296100531534,768.0674805678551,4.279767613040379,-0.00025487533049287195,0,4.4,12
0.019211154205050315,0.1203860706469975,-0.694160526084171,2.1049505370235497,0.01667587946954244,0.01139904416999191,810.4215559178425,4.198729368428056,-0.0004239867890072957,0,4.2,12
0.01644544640333588,0.10753187310521256,-0.19888681816340137,2.3590101502821845,0.01633795905005121,0.011485813711608775,851.9043510060011,4.106418515134764,-0.0003195701231029175,0,4.0,12
0.9165373633800796,1.8111683547406623,0.3196974756087676,2.5187644161503693,0.0656565440938101,0.10106415417063416,892.6357545407019,4.023545990430617,0.0796010869146927,2,3.8000000000000007,12
1.7533400393149858,2.1562482460495835,-1.7937652091700231,1.8360752922424972,0.11198953800641367,0.11980860435821505,932.4546768463993,3.943058972368605,0.11528332411745605,2,3.6000000000000005,12
2.5983877881477344,2.127038361332395,-1.8139389626850095,1.5165060119885876,0.1613617364101304,0.12091172247474556,971.5423551655566,3.869586159231476,0.11266955091540257,2,3.4000000000000004,12
3.4327353769146334,1.7212581257985047,0.21054008612651298,1.3234321099533282,0.20706209144566518,0.09986297061049101,1009.8672551585644,3.798552696528798,0.07205090176147143,2,3.2,12
4.260594547740369,0.18671447220690962,6.605452581725283,1.1893012492955544,0.2566638178080267,0.022024794044763433,1047.4685628177813,3.7163297408783924,-0.006703648388018121,2,3.0,12
4.196087440775448,0.0994944357438749,-0.6452676670322552,1.0409309868721477,0.25548906538424204,0.021829358825909893,1084.314610966728,3.6485550926375936,-0.0016035952289025278,2,2.8000000000000007,12
4.195504823245761,0.10152978940682723,-0.4617424590275472,1.0539673762041275,0.25687340058687946,0.022065076794407664,1120.4185195211664,3.5689462096981424,-6.666320577379478e-05,2,2.6000000000000005,12
4.1723009078722235,0.106220365270098,-0.6446837502994351,1.059796488634266,0.2542898493881047,0.021422129261015135,1155.7417762003759,3.4935595073700085,-0.0011305152917987474,2,2.4000000000000004,12
4.170448575113777,0.10340493749629563,-0.45465318043520364,1.0602845238609313,0.25416704304341015,0.01864791009532637,1190.3780513644112,3.4266943343974186,-0.0005574300380744291,2,2.2,12
4.1713432345997274,0.114131533569933,0.6378479285770142,1.0750407654449396,0.25227625032823475,0.018054524709342497,1224.3856777183132,3.359957142316551,-0.00015014965773855254,2,2.0,12
4.1763008964598525,0.10783569295495266,1.1494289436827385,1.0738076530262441,0.24987610863743634,0.017913436983090617,1257.6221654087642,3.2985100948227695,0.00027745119500536056,2,1.8000000000000007,12
4.174786936993627,0.10234324800184826,1.426590462055282,1.0742316500491016,0.2472214240444504,0.018300313041799392,1290.2589052810465,3.2324447365723934,0.0024918543752921293,2,1.6000000000000003,12
4.197050432617427,0.09677942353015336,2.3411373351896367,1.0685695661378605,0.24590395107746751,0.017744271570709923,1322.3046654511365,3.167520685032097,0.0010032876911792857,2,1.4000000000000004,12
4.195388886011049,0.1083707648628681,1.2821817676068852,1.0689218198326789,0.24652710825481391,0.018175089721530265,1353.726476107622,3.109267184925911,-0.0003025425753996929,2,1.2000000000000002,12
4.189458361187763,0.09726391689844771,-0.35966988479906137,1.0404584793266158,0.24464645264303808,0.02067881537466309,1384.4183103955877,3.0443861634656266,-0.0012927546411268618,2,1.0,12
4.191836291566831,0.09835037249942742,-0.4044379547409376,1.0382698241984734,0.24611944755132661,0.022319725733632525,1414.5904698444394,2.9833102343713063,-0.0010131052277042886,2,0.8000000000000007,12
4.189953293995979,0.10931088556654955,-0.5496107010495885,1.0540468949237127,0.24703881810735268,0.021485947947504615,1444.164966257438,2.920433570389791,0.00012888563186866188,2,0.6000000000000005,12
4.187410509644854,0.1099679935548553,-0.6073669830893555,1.0546822887177232,0.24787482179305415,0.02166755211991617,1473.0831051602913,2.8599017382271423,0.000981367042718839,2,0.4000000000000003,12
4.186425118255898,0.10229030748094221,-0.48866033121093055,1.0549784054713394,0.2488404337922556,0.02166667924663868,1501.4405462408495,2.8134135013303903,0.00012822775754575303,2,0.2000000000000001,12
-0.001989433579023212,0.09458014587421867,-0.5426721437489812,2.3275315132133616,0.016419795039995185,0.012718167829566897,136.08426672663364,5.219945905399175,-0.00010354878344513839,0,7.0,13
-0.007715872233209528,0.09649261742743874,-0.6491298418460638,2.2745069768234734,0.017379727977605394,0.013783985888056944,188.03975480462813,5.394292440586342,-0.0002523798915060953,0,6.800000000000001,13
-0.0041314745363178655,0.0971140363844302,-0.5286678284057555,2.2652226755723763,0.016633180913560145,0.013736522495180873,241.48612089931757,5.32759810379901,0.0002512124542206349,0,6.6000000000000005,13
0.0008767660328480489,0.10256290629355562,0.05092497797227491,2.6245686254273046,0.015984629179278686,0.012658766267880987,294.3007035486486,5.224646996285291,0.00042744045419913947,0,6.4,13
0.007002579460313206,0.10463420945029778,0.04534007196389611,2.5668505528335914,0.015768551792953965,0.012671805682595044,346.06426932057497,5.12530584300881,0.0003886443166557847,0,6.2,13
0.003495057585793362,0.10538355256512305,-0.3129299658029536,2.5529836023712167,0.01557370033366121,0.011808936560737268,396.7640539574503,5.022726748081849,0.0003488570895813838,0,6.0,13
0.0023235535259551205,0.09835613740724258,0.16758357359031795,2.736146541358421,0.015417739581318415,0.010690993025253271,446.5080412240064,4.921040438144572,-0.0006180971968848567,0,5.800000000000001,13
0.004710482092494172,0.0965984965629678,0.32478665334837187,2.7833500346869635,0.015345584040589522,0.011153979403371683,495.20286455829665,4.816554410949938,-0.0003764544197211303,0,5.6000000000000005,13
0.00021530414512568972,0.09113719489067684,-0.41873663437626396,2.4089102479680387,0.01684423320270472,0.011988595661225142,542.9950307967057,4.729083105756388,-0.00021396998179377808,0,5.4,13
0.006172564532809095,0.08999747703812762,-0.4231235076940765,2.433589693035991,0.017181953210325656,0.011582089619600944,589.822830970781,4.6408992490095855,0.00027774135901943676,0,5.2,13
0.009516593117871041,0.08068871910472701,0.049981419464233845,2.701743579145113,0.017222607801261648,0.013040409387343738,635.7576241480381,4.549987630252756,0.00019754931196189383,0,5.0,13
0.0040112179432568625,0.08261476196049887,-0.24187566654573622,2.6542274108608903,0.017436379371982332,0.013406393020942417,680.7348323727873,4.457392798313242,-0.0005365719243514472,0,4.800000000000001,13
-0.0009165629923657103,0.08397123636526681,-0.553272326481637,2.3690523357692572,0.01766209987248196,0.013069368447228502,724.8335894851667,4.355097380500148,-1.943804089174504e-05,0,4.6000000000000005,13
-0.0021400482244318154,0.07943638725935981,-0.28815669137569966,2.503521681015288,0.01630579210931453,0.012634051341238633,767.9843951521851,4.26845225505232,-0.0001285788018048252,0,4.4,13
-0.01429071363672149,0.07754738698170816,0.4083559971262698,2.5221270552765658,0.017576244860585996,0.012805737043434112,810.3624123243804,4.193883729501823,0.00045260703546319976,0,4.2,13
-0.007756090400215946,0.0803692313770018,0.04446565780487033,2.4637003639465807,0.016999251689353425,0.011103508233681107,851.8486553586533,4.113690720649854,-0.00013450616071604697,0,4.0,13
-2.1639225699398863,4.376475171983655,0.31142977171803077,2.479276727875521,0.01598689568769369,0.01063423928456799,892.5555811707331,4.03371329694683,0.03426935741765912,3,3.8000000000000007,13
-4.175468741198922,5.190243790256006,-1.8001432416478818,1.8134973233463163,0.01591565756157278,0.010371730356713946,932.501328221367,3.9500237593213754,0.0644876904642019,3,3.6000000000000005,13
-6.187616870930786,5.1251529645042035,-1.8199031671224715,1.50050669855115,0.016021561946850137,0.01011075568854195,971.6032574460507,3.864921489182286,0.07175960296282305,3,3.4000000000000004,13
-8.195696810763275,4.16985704811688,0.21288995585219972,1.30841089590595,0.012001017918098534,0.007472734388817752,1009.8843225940467,3.7936849729014326,0.05595866908117611,3,3.2,13
-10.209527248751055,0.3988580181270968,9.161159369677279,1.1751525733849406,,,1047.4208813948308,3.71434142435978,-0.01598739409825298,3,3.0,13
-10.05604472759949,0.026009958214787885,9.161159369677137,1.011651063308331,,,1084.249397522084,3.6444891560693664,-0.0010425550786505892,3,2.8000000000000007,13
-10.046035968140176,0.00169613721070864,9.161159369675518,1.0007607377613483,,,1120.3573973557131,3.5785650851965127,-6.798613240773095e-05,3,2.6000000000000005,13
-10.04538328622459,0.0001106069226946917,9.161159369570528,1.00004961259898,,,1155.7632308265854,3.5061037198320983,-4.433448452190856e-06,3,2.4000000000000004,13
-10.04534072413838,7.212795799106033e-06,9.161159371242901,1.0000032353080037,,,1190.4034554791765,3.4337871280539902,-2.8910991810820993e-07,3,2.2,13
-10.04533794861919,4.7035413315137457e-07,9.161159387299334,1.000000210977971,,,1224.3880725235497,3.357501877732321,-1.8853167196607554e-08,3,2.0,13
-10.045337767624613,3.067229602336561e-08,9.161160139535712,1.0000000137580995,,,1257.6685919265979,3.290982236491708,-1.2294352178272753e-09,3,1.8000000000000007,13
-10.045337755821762,2.000173339597329e-09,9.161166195334948,1.0000000008971803,,,1290.2609677435705,3.2290050659494143,-8.017278450465622e-11,3,1.6000000000000003,13
-10.045337755052087,1.3043335964776996e-10,9.161248007260115,1.0000000000585059,,,1322.256112383488,3.170461335174004,-5.228080590566969e-12,3,1.4000000000000004,13
-10.045337755001897,8.505108501797414e-12,9.163093456239242,1.0000000000038152,,,1353.6670319276318,3.1108130849125626,-3.4070224042993763e-13,3,1.2000000000000002,13
-10.045337754998625,5.543768034465638e-13,9.184013310730553,1.000000000000249,,,1384.4243733721053,3.0448873402439838,-2.2003428232651182e-14,3,1.0,13
-10.045337754998414,3.4199047320093007e-14,9.531849590516826,1.0000000000000158,,,1414.585305136618,2.985926397067586,-1.2625910360867919e-15,3,0.8000000000000007,13
-10.0453377549984,1.4796930398031855e-15,,1.0000000000000009,,,1444.0807469840065,2.9177302149169995,-6.532223435505509e-17,3,0.6000000000000005,13
-10.0453377549984,0.0,,1.0,,,1472.9855679010311,2.8590444925014546,6.139906278461508e-17,3,0.4000000000000003,13
-10.0453377549984,0.0,,1.0,,,1501.3694797113235,2.811465550204009,6.139906278461508e-17,3,0.2000000000000001,13
-0.02153522066099242,0.0880036071860012,-0.027131857262156167,2.4182105972284607,0.014680498840616547,0.012692895470202917,136.23948224226407,5.2251260780317415,-0.00030720580976223433,0,7.0,14
-0.01649690783300812,0.09766195556385955,-0.13969779918389102,2.3312719627602028,0.01559691694263659,0.01513970594300704,188.13990730442595,5.404567989776685,-4.95855794222117e-05,0,6.800000000000001,14
-0.012782355807082025,0.09296274746086369,-0.2864798540999933,2.460890039352007,0.01384057022724555,0.014973177109169828,241.6757259813914,5.324982713073516,-4.290465348766944e-05,0,6.6000000000000005,14
-0.00299448065279297,0.09353415900887051,-0.4480492283701518,2.4680459326058726,0.014921879377104706,0.014352230232778462,294.4458105184269,5.224878998160903,0.0002892568427265737,0,6.4,14
0.003673371420942205,0.09447391093828954,-0.41471465215874703,2.4428896211779616,0.015120051510533425,0.013636396881817772,346.16008713740956,5.114717040792283,8.862683487221348e-05,0,6.2,14
0.010773236432593038,0.09810093777631756,-0.7414484317197356,2.340029805277094,0.014572431721768773,0.01382005666858841,396.8020739271929,5.020003323268805,-0.00023186279275554865,0,6.0,14
0.006364742800902747,0.08635942962079862,-0.8029558600451656,2.1063819451269996,0.013056593958700465,0.010437446484909468,446.46996306418987,4.91261772272402,-0.00019840208201495253,0,5.800000000000001,14
0.003686891580668704,0.09585066245619933,-0.8435481733826538,2.038156103221784,0.014477354373053615,0.010465845009145184,495.1809529679171,4.817150957238972,0.00037874858463445124,0,5.6000000000000005,14
0.003824546182924624,0.09838874354120208,-0.8530222503569669,1.9855470703764138,0.012910967613895003,0.011571020869173297,542.8946217862343,4.728093113741384,0.0005352205653196957,0,5.4,14
0.0007656669357742557,0.10571422394502712,-0.7925830225068791,2.221259755290458,0.01443815228633909,0.012366910534157725,589.7176395887694,4.637018345967912,0.00041567819211155594,0,5.2,14
0.0005651929948126206,0.11323124930227933,-0.6110474091233149,2.2127332892629012,0.01685015339448901,0.015535164064081959,635.6298802864162,4.551641838333829,0.0008478961519210029,0,5.0,14
-0.0032864236302797114,0.11561675429023617,-0.6552481217910269,2.1662129928657117,0.018945821880927714,0.015576857393474745,680.6678650902967,4.456146703863969,-0.0007687519692752632,0,4.800000000000001,14
0.0025134505714822404,0.12033555791122945,-0.17123161435348289,2.5879315513587438,0.02058475158902798,0.016013959697096247,724.7710039056234,4.36769882228316,8.216346150798471e-05,0,4.6000000000000005,14
-0.005536476824151426,0.1152537127092563,0.20709791094183627,2.6994654460728413,0.020296030108815765,0.015150425586278549,767.9640093917576,4.275898816854447,-0.0006538954349198818,0,4.4,14
-0.009582818413473497,0.11007807713448665,0.3265444595329794,2.8188358820912383,0.018892256425916916,0.015199181774092851,810.3103086006009,4.186683171300691,-0.00045820728899065316,0,4.2,14
-0.006397094334255267,0.09647356257482287,1.0468475305680291,3.2215361193328462,0.016618478472540534,0.012222745550148847,851.8218386059625,4.1089161857895204,-0.000573357641315745,0,4.0,14
-0.012819256418659504,0.09636626430938561,0.9158817720372578,3.2035558625960925,0.015567876427479596,0.012924458249705529,892.5158954533686,4.030124193796028,-0.000794156518156921,4,3.8000000000000007,14
-0.01795730997673721,0.08285459778880692,0.5303281095591741,2.6356828534864647,0.014687460264022026,0.011428726973827564,932.3617605262839,3.948186373126529,8.388671951469335e-05,4,3.6000000000000005,14
-0.012257412659518603,0.08752778837365256,-0.17145830042148402,2.5288773951861816,0.014818564932220219,0.011888930256942435,971.503335687155,3.870105161770594,0.00019089950632372572,4,3.4000000000000004,14
-0.004341069308670382,0.08829914488118361,-0.3352470896765012,2.5286275437623567,0.013025955631155509,0.010951702738825127,1009.8838353205924,3.7954875666149412,0.0007654082197356128,4,3.2,14
-0.003542261987833475,0.09040093981612968,-0.5182126039523598,2.470946695968706,0.014784239414093037,0.011471526287146289,1047.4376648414295,3.722209099206755,-1.6090093808253524e-05,4,3.0,14
0.011062790158453741,0.0864465979244275,-0.5621756831856279,2.5646585601295784,0.015349241980670421,0.011437989536068463,1084.2938076075704,3.651965675435141,-0.0005554308577301533,4,2.8000000000000007,14
0.026978542537930316,0.0929272860616609,-0.30007201916813386,2.7248254489197636,0.01664582143291572,0.013761731638992766,1120.4397213827597,3.573941661114733,-5.848977075636288e-05,4,2.6000000000000005,14
0.026167521446852575,0.08714264053493513,-0.21890637217825315,2.89770216756776,0.017664675756237,0.014010875693980903,1155.8036237270796,3.4984778280926885,-0.0002569404191372553,4,2.4000000000000004,14
0.027753571039974605,0.08231292826993011,0.1854599373560082,3.034567606343818,0.019252826302913365,0.013759249418470988,1190.425017913697,3.426529863909307,-0.00018457488940152285,4,2.2,14
0.03165707371977099,0.07817918237622339,0.5492794614345384,3.1240130705980245,0.018602456203589385,0.013875468533907276,1224.4171342984882,3.3583689922528936,-0.0006865534236642856,4,2.0,14
0.024340144738112027,0.08970253680894948,-0.0948413196841491,2.8370223398020546,0.017104283838027,0.013383535456937023,1257.6773699116698,3.2929022584108405,-0.0002424339505196735,4,1.8000000000000007,14
-0.0034924091376085514,0.09165709800599274,-0.5062734065104602,2.286005934629701,0.015204098431415928,0.011403006599470532,1290.3383319310947,3.2336106526663277,0.0015399768409298756,4,1.6000000000000003,14
-0.0018058232685309878,0.10570373908890718,-0.68617164278852,2.2771057306549376,0.014024369767772776,0.010706821815392177,1322.3736506013097,3.1722894201847778,0.0019105425934255464,4,1.4000000000000004,14
-0.010620882168597204,0.11300219289116348,-0.8022047401134755,2.1208146830459773,0.014204396240385008,0.011680392317379516,1353.7857266456226,3.108040936320428,0.001213476557451094,4,1.2000000000000002,14
-0.011655081493274579,0.11438776160674793,-0.8968986110884907,2.093487455087869,0.014448326540502467,0.012708307555007068,1384.5391346476092,3.046620729674617,-0.0008612108574243701,4,1.0,14
-0.009479341715832132,0.10717013477879121,-0.6464377883196066,2.237369737121462,0.016452555451923187,0.013439467957153855,1414.7146182344354,2.9830576463868455,-0.0016376251833789299,4,0.8000000000000007,14
-0.0013455688097064166,0.10274456827664533,-0.256227071242332,2.3428330084919593,0.016594793540737455,0.013396738002288291,1444.2403404391798,2.9227458153810817,-0.0008771446129898537,4,0.6000000000000005,14
-0.008646225289575427,0.08859478815644617,0.024215520574235594,2.654184672924969,0.01749473795208818,0.01374425816195859,1473.1427177021458,2.86189085194063,-0.00044635000215646146,4,0.4000000000000003,14
-0.005204264941194195,0.09496735062720384,-0.10808530301925501,2.635229241755418,0.017361584571311078,0.012988990539890447,1501.5259854131932,2.80820676107319,0.00121047731038993,4,0.2000000000000001,14
-0.007494462611619664,0.11754043151846728,0.060002854427350094,2.631484198576761,0.016543028151392535,0.01310469104446702,136.22662543901217,5.225472167986169,0.00031795581737750826,0,7.0,15
-0.02780075006218798,0.10205844594050999,-0.2822437964274549,2.294643942722822,0.014298097491338292,0.012792916387352783,188.11425947417226,5.399198280689177,0.0002982563600955136,0,6.800000000000001,15
-0.016553586428736656,0.10460113117112683,-0.38352788541319294,2.2578194861029286,0.014008685746835815,0.012004223030576399,241.6070521395391,5.323229698611449,-0.0001757230643953594,0,6.6000000000000005,15
-0.012883728748186772,0.10110841492720259,-0.3470865252170179,2.3461165006454796,0.014147628266198264,0.012274264412388835,294.3782459638598,5.2158486317185275,-0.0003235303553516247,0,6.4,15
-0.011078979211760936,0.09663135166067485,-0.4150032554749652,2.458633693252856,0.013498987946801844,0.012448739815065165,346.07295389263817,5.113168388711971,-0.0005772057216177147,0,6.2,15
-0.0054961356629493405,0.0825187153098335,-0.2561564354972288,2.3520792832301347,0.011779902981528778,0.010854745561516005,396.66330626907484,5.020722786002416,-0.0006998284436769879,0,6.0,15
-0.0036445346624073664,0.09522764858701978,0.8703296479676932,3.17625292496685,0.012440330902686387,0.01049173450970954,446.4899237548028,4.927142826259966,4.948748093316349e-05,0,5.800000000000001,15
-0.01564822843781837,0.09305768663578454,0.7088561947502181,3.206811337064019,0.013184272577628473,0.0118428201289719,495.24338208103757,4.829802130018327,0.00015835547247387713,0,5.6000000000000005,15
-0.02875976716288324,0.10349884269178798,0.2319367313627123,2.8157779675211607,0.012959169024356872,0.010687637291982178,543.028490685822,4.7338924465772525,0.0010240969699939913,0,5.4,15
-0.0282535486551428,0.11209936610671424,0.5352802288219758,2.6167428940077997,0.015250693927455856,0.01155798578382655,589.9248139483007,4.641602993817756,0.0008386589305653802,0,5.2,15
-0.020164177523150063,0.12110539609390197,0.1410422858998892,2.4647989080624115,0.0157160853399788,0.012049303684811677,635.8851371588227,4.541080235057372,-0.0004712288414483424,0,5.0,15
-0.017983064346878085,0.1092491133829502,0.5110805318286857,2.603914527753081,0.01597341493718256,0.011903022976003097,680.8294585942629,4.454854103889493,-0.0006721409372148205,0,4.800000000000001,15
-0.006885325408610326,0.10646673296991857,0.7172576588950745,2.702888825085756,0.016623153566593753,0.01211358057475158,724.9136278293641,4.362600627667157,-0.001440725891637873,0,4.6000000000000005,15
0.003934024210767582,0.09450552375773161,0.6830922433746882,2.826559265898858,0.01782723441578481,0.013718097856870158,768.0881230802974,4.268674453722767,-0.0002395403824783644,0,4.4,15
0.011746289758805166,0.09427372604691488,-0.3512476642528308,2.3779646019963674,0.018567893804461662,0.014625150433154772,810.4218727762719,4.191163122774951,0.0009661223156590977,0,4.2,15
0.0014376199365486674,0.1039383641712658,-0.47038316027641836,2.2908505810302886,0.01892649280466495,0.01386299904867268,851.9054392010481,4.109192113010427,0.0018952075657993036,0,4.0,15
-0.002596033925653771,0.10896489826714122,-0.5621819031312549,2.1847546686063795,0.020474172465413946,0.015376374902000743,892.5671068171525,4.029896999808963,0.0011975805170399297,0,3.8000000000000007,15
0.007535425107139559,0.11514037580013277,-0.906275889028672,2.0636707264378997,0.019545871729693368,0.01453118842435983,932.4755346180386,3.95243685709781,0.0002909492750661483,0,3.6000000000000005,15
0.010683363119185996,0.10993246944593081,-0.6805528606385556,2.155789900952451,0.018684997396314653,0.013547799671040143,971.5840861398049,3.866535350846825,-0.001158442302371456,0,3.4000000000000004,15
0.0022822663396544485,0.10785785554839068,-0.743013166027195,2.207313695456286,0.016943351388103718,0.012461684272876732,1009.8636967774816,3.7928654782630726,-0.0006956417704858235,0,3.2,15
0.004299027261542568,0.0965141901255447,-0.8169530777149889,2.2216074628097426,0.018737638528733436,0.014164019343246589,1047.4157759833936,3.7143520672863666,-0.00016991020051635822,0,3.0,15
0.006134936805205518,0.0928334815411044,-1.0082351281214352,2.1955599565847392,0.01883752441559494,0.012616948068619207,1084.2137348969002,3.638615679351091,-0.00016425426057725911,0,2.8000000000000007,15
-0.01517837926217744,0.08763041420195927,-0.5149875367634591,2.2962156801328844,0.01789029139739652,0.013018602697596627,1120.230908873092,3.568550076656665,0.0001655609240895316,0,2.6000000000000005,15
-0.010781389293980048,0.09092786614412197,-0.7508929912026048,2.230619202253945,0.019069100629179676,0.014604600291306979,1155.6303533268008,3.5013288991128433,-0.0007176430997542134,0,2.4000000000000004,15
-0.008593617445908211,0.07991046631166492,-0.6823814544541533,2.3196784432179927,0.018081771891194264,0.014498788051152222,1190.3265373898819,3.436327032196901,-0.0007661923809454215,0,2.2,15
-0.009057800004501328,0.07542127333454039,-0.564663815020038,2.45421487748111,0.017924121743504634,0.013916314612776788,1224.353913279535,3.371324935315512,-0.0006280115791402941,0,2.0,15
-0.010897254602052764,0.07443205785753092,-0.3494271698196538,2.4781108620179837,0.016378207786554792,0.01372158830562025,1257.7408179028205,3.3077060899970894,-0.00012682961868566,0,1.8000000000000007,15
0.005368843429080807,0.07861066041406299,-0.7490024066240282,2.216484949617955,0.01883813095052341,0.015151143935168131,1290.4164617595945,3.230448146264276,0.0006704498610792634,0,1.6000000000000003,15
0.011106948766801914,0.08642470279045815,-0.5650212921062412,2.1931650513137857,0.01825609546194757,0.014070415013670772,1322.4527227954752,3.168076622478422,0.0012491327575419495,0,1.4000000000000004,15
0.0047087892046556975,0.09284569955424979,-0.6637248074734781,2.132614957096524,0.018902040030037794,0.013408795774578047,1353.8117228024846,3.10211917816061,0.000713732223240237,0,1.2000000000000002,15
0.011423640804120408,0.09687914848852602,-0.6518461068341521,2.0321411676885597,0.017047009631352025,0.013741271165733792,1384.540965014475,3.0410583182996356,0.00023728607574507437,0,1.0,15
0.009743863591553216,0.10496143477325305,-0.30729495888660496,2.497440039910741,0.01787290699160879,0.013376281448407358,1414.5887697985586,2.978766129502918,-0.00011747514576060759,0,0.8000000000000007,15
-0.0031755089709350026,0.11406919573113307,0.0025922394779045455,2.624349136957086,0.015309801479074583,0.011497123854076537,1444.1361565586835,2.9167049601243944,0.00028982637687546397,0,0.6000000000000005,15
-0.01347447161314032,0.10572510771825297,0.6003691146088781,2.809402048433127,0.014166926785506106,0.010374064875592484,1473.0854231515766,2.868920252978721,-0.00037264874632629796,0,0.4000000000000003,15
-0.0025965606526807085,0.1052538243321252,0.5847310497903884,2.8443887369356204,0.013558944549873697,0.010402302952089867,1501.4784789765563,2.8153608209389085,-0.0006337052211240452,0,0.2000000000000001,15
0.012383917109503541,0.07617956402597392,0.24075811362632482,3.250624923758422,0.015631524087824325,0.012576330431408517,136.2774198252862,5.220588424914988,-2.6287572331321032e-05,0,7.0,16
-0.03609962332335765,0.1476280865583989,5.485117241890752,4.32363053187094,0.018313481427104126,0.013876306110744915,188.31246852240557,5.401059261718342,0.0035515439956092893,1,6.800000000000001,16
-0.24714796715006201,0.4382923491532045,0.6923373548275262,2.816377970826193,0.018535068921243347,0.014175705120098246,241.5615502795016,5.29814904610441,0.020287070620846236,1,6.6000000000000005,16
-0.5983570673195233,0.7351696647669617,-0.971466417339212,2.290311684017517,0.020857043452019573,0.01626482593595473,292.79910722974785,5.05704936183095,0.041732172275825964,1,6.4,16
-1.1020127268450128,0.9658707417759128,-1.3661081282490644,2.0011076982414298,0.02141144696785533,0.01584595666389528,340.9082500506852,4.690475148421146,0.060533943180175596,1,6.2,16
-1.7058670831797145,1.0331523993897525,-1.2225824945596575,1.6703407733797662,0.020676981192521707,0.015518424772310652,385.2724690156221,4.210971703224491,0.0663849616910459,1,6.0,16
-2.370160838068786,0.9204562920690643,-1.1378422362170142,1.4770390985290227,0.0207791125775468,0.014328650657660124,425.18281874219343,3.7249567980960565,0.05935899239800751,1,5.800000000000001,16
-2.9417586618841893,0.7836344020903164,-1.1131590269955807,1.3506623952650785,0.02137483571456757,0.01469569441317333,460.54573211540867,3.3031893726971844,0.05024516447238216,1,5.6000000000000005,16
-3.4397503373810143,0.6561558727705705,-1.102428037608936,1.2517319283736188,0.018365261739886448,0.012058090160706738,492.0248263455875,2.9462345604756517,0.04211902604607976,1,5.4,16
-3.852299674606817,0.5623071578645612,-0.813783684584072,1.2135095340728697,0.017442470394954127,0.012381611587565197,520.0595051111382,2.6375283444623543,0.0358261695607043,1,5.2,16
-4.22216083151518,0.4867130517025731,-1.1323261492530952,1.1781335245228193,0.017570692318648273,0.01217233122554379,545.1773821736224,2.363859262720887,0.031148385994120165,1,5.0,16
-4.541750352736235,0.45531919293123335,-1.1203767749982532,1.158069182659531,0.01702192241686129,0.012470667899677164,567.6861112519176,2.121154981969125,0.029085624922949485,1,4.800000000000001,16
-4.830226665303914,0.40479174579259364,-1.2729382308260742,1.134310872120194,0.01738775131523658,0.011462371275801955,587.9585049427432,1.9055939412784142,0.025733069655824215,1,4.6000000000000005,16
-5.088933202625066,0.37221706486281597,-0.9292334624591687,1.1271267682603734,0.016316197970640937,0.010889418234170306,606.0735381277022,1.712371915589011,0.023521727313471245,1,4.4,16
-5.333331806617164,0.3366266049326585,-0.6567702327345271,1.150526419040367,0.016001926954274756,0.009981960636903523,622.4042385079684,1.5390168125930486,0.021138205563196472,1,4.2,16
-5.546554580897488,0.3105165840346535,-0.9364248294410715,1.1067565175775151,0.014842369371191743,0.009564852289439698,637.0899850097458,1.3845817455394664,0.019271451681937918,1,4.0,16
-5.730936392031707,0.2853994079501071,-1.1644004725910504,1.0793185704683217,0.013433266839107087,0.008205600860360764,650.1456323858253,1.229329489692742,0.017349114788951757,1,3.8000000000000007,16
-5.913421275101293,0.26517467990399424,-1.1067326965454758,1.0872788423070772,0.01300004879578541,0.007912141617996984,661.914774660809,1.1075236551463872,0.016002399812750014,1,3.6000000000000005,16
-6.077226499110432,0.24820322520783905,-0.7051599566679347,1.091688620515977,0.013797089006142613,0.008917953857521017,672.5079028079318,0.9927887417059638,0.014715422768468366,1,3.4000000000000004,16
-6.227669879138417,0.23475468588702544,-0.7868019339385386,1.0654452178364087,0.014921353009156988,0.010881155376325613,681.923039628116,0.8891821973095078,0.014194129251725187,1,3.2,16
-6.372024714197223,0.2281553612185058,-0.7591353318609717,1.0741652717104597,0.01656526503197462,0.011963644107856459,690.2939377675923,0.7982223243325545,0.01375677024577797,1,3.0,16
-6.506689438878808,0.20300642892627427,-0.9480199029683449,1.05910424842953,0.01743608665082297,0.012809910101971985,697.8884566580293,0.6985068012743952,0.011921515541303152,1,2.8000000000000007,16
-6.625057835673898,0.19445309697680727,-0.4692135334646048,1.0727120608505,0.016950789942190153,0.013351214832281544,704.4636743641702,0.6135001825268596,0.010953944269010649,1,2.6000000000000005,16
-6.741016765158456,0.18412110762592643,-0.7883121463582405,1.0563266506015796,0.016836804146241294,0.012730922584754072,710.199765835701,0.5339688848930945,0.010049687867534041,1,2.4000000000000004,16
-6.847523630841564,0.18050517341837227,-0.9608691940096872,1.046185150720349,0.017011155126437725,0.011942750669326522,715.2469271231676,0.46368235543268776,0.009824985408468274,1,2.2,16
-6.941505698597752,0.17748822206338252,-0.6122034819300706,1.0526141375233482,0.0157865976798184,0.011136129324389602,719.5409255287313,0.3916692368034207,0.009610502895877253,1,2.0,16
-7.037869666413736,0.16356813898437586,-0.5293638683674677,1.0485602727825847,0.014361116010373803,0.010075463657672689,723.1732157334844,0.3336783219997841,0.008643964459089236,1,1.8000000000000007,16
-7.1339854393874615,0.15551134935574995,-0.4579615574587539,1.0389632635102652,0.0165939657232226,0.011637551548560127,726.2242207942248,0.2748151164713734,0.008364447925894636,1,1.6000000000000003,16
-7.214599787673052,0.1461605395457306,-0.9765306378861727,1.0407950667842591,0.016965370909526614,0.013785497222739414,728.7694545013671,0.2231474385904136,0.007726047712960787,1,1.4000000000000004,16
-7.2881518311152425,0.14427956937814063,-0.6390513928821404,1.036632909946828,0.015560885298549891,0.013668182777845261,730.7569685272978,0.1794011557408604,0.007221867660916954,1,1.2000000000000002,16
-7.3612326515237605,0.1361996250503577,-0.5512136357555013,1.0409436806766077,0.016764524060819835,0.013913312249881106,732.3220114571293,0.13431334916865256,0.006338041145845835,1,1.0,16
-7.429875722354147,0.13273062350276307,0.04831103101119005,1.0381018331989824,0.017864079449516942,0.013910715119804054,733.3720377420567,0.08613711688949728,0.006139976517109083,1,0.8000000000000007,16
-7.490663253910381,0.13998885851147053,0.30498052903792683,1.0348730388631062,0.01715748864781073,0.014165493815748503,734.054388459177,0.044992479956159924,0.006745521688815237,1,0.6000000000000005,16
-7.555381714617085,0.14594206844041455,0.5840879271475425,1.0537893801899936,0.01761472505446303,0.012109271981098511,734.2797347085825,0.005071032763675461,0.006737653844744233,1,0.4000000000000003,16
-7.614050717314384,0.1383072632654787,-0.21072952497054365,1.0456916613403695,0.019149785286171495,0.012761774419500034,734.2140041775482,-0.023944225208666747,0.005835864808070171,1,0.2000000000000001,16
-0.019683284085994145,0.10322942744960321,-0.6568673189384806,2.2731211158623315,0.018675305769744775,0.013464976559099395,136.04467549869756,5.224643589983783,-0.00017125524154502371,0,7.0,17
-0.014622959605113261,0.10245700519130777,-1.0484686896350803,2.101591825084635,0.02249814463785448,0.01541460968736767,188.0547215380817,5.407731705057545,-0.0005366072461571461,0,6.800000000000001,17
-0.020917512126456463,0.10389832532566118,-0.8589087836638201,2.248054727610106,0.02252722197982633,0.016069172026675956,241.5419222434102,5.327651507150803,-0.00028439157757711477,0,6.6000000000000005,17
-0.014646150438045024,0.10593008231576996,-0.5733930590696907,2.2284426582922743,0.021448523224368257,0.015506783170852675,294.3320094032976,5.22305750407371,0.0007307432946073693,0,6.4,17
-0.02310146640950452,0.10096908449400832,-0.3644852181168705,2.2999971870374325,0.020904471362089918,0.014407577127328259,346.11997585853305,5.123450346755034,4.575305206043597e-05,0,6.2,17
-0.01489094891452673,0.10392498668303891,-0.4930046751119881,2.269831616353169,0.01898980299751145,0.014699099141229839,396.76256027082803,5.017471695759561,-0.00022697152460535836,0,6.0,17
-0.014425933436978858,0.10075562075712215,-0.3697092552406165,2.341267604624671,0.018095778304869244,0.013025895872375085,446.4316425149105,4.919841761797865,-0.0006663244900894687,0,5.800000000000001,17
-0.00865473079213132,0.09979138786991176,-0.31080101393268933,2.3695715855344477,0.01742176939419821,0.011481172807820897,495.15435360596547,4.815199490762667,-0.00015736915910930034,0,5.6000000000000005,17
-0.012659018949042892,0.08949504978740057,-0.18384075776341957,2.6256419584372837,0.019539713853300604,0.01514738933913243,542.9451834833686,4.7260565554311125,0.00010145850900364743,0,5.4,17
-0.003242079186771938,0.09783808273365673,-0.008074151157426268,2.4247786196130137,0.020309503587501235,0.016713517395815426,589.739802843153,4.6423793589948925,-7.23439142855092e-05,0,5.2,17
0.00045782710284429857,0.09685911110417429,0.14538793152603668,2.4506301457221387,0.020982000330387985,0.01712004462573801,635.6861694398801,4.545939562124495,0.00014326092923311733,0,5.0,17
-0.002996167272465414,0.10485241724820922,-0.12956158637296022,2.2628923923320814,0.018562116929108415,0.016440249729611785,680.668323039951,4.453621086456493,0.00023927018310510677,0,4.800000000000001,17
0.006572154537747812,0.10488407881165288,-0.35776396327577586,2.2402918343349234,0.017086729783289397,0.01602305013073819,724.8688468145933,4.364718300799969,0.0006672920327088074,0,4.6000000000000005,17
0.010859286707431534,0.10480183768592023,-0.3461795476298737,2.234330858485088,0.014285031136788468,0.012798877672784842,768.1017733175913,4.28221504508964,-0.0003772964922820217,0,4.4,17
0.010302215411873905,0.10807294390183733,-0.5122147723750206,2.168508929191582,0.014177196518283157,0.01147304694067024,810.4210223417172,4.193534257256252,-1.2867318636854238e-05,0,4.2,17
0.005299931154197563,0.10561942663720988,-0.3795400392461299,2.22628835613037,0.014452133418424893,0.010725907259599246,851.9986443943254,4.113397566764926,-0.000898564206412466,0,4.0,17
0.9117523792123859,1.8313723554327643,0.3059163262024489,2.4440361026726043,0.0626621052095983,0.0975914019687215,892.7565811814621,4.02717393893241,0.08013332330243353,2,3.8000000000000007,17
1.7470579236496642,2.16740892217669,-1.793417255772266,1.7925010353693238,0.10985162498638248,0.11829206438746068,932.5745380016238,3.9458557550382416,0.11555218204287121,2,3.6000000000000005,17
2.5802538809289466,2.1409901260773516,-1.8123054028405212,1.4853306931995354,0.1575349599940028,0.11764817875815424,971.6106724328877,3.867676282592191,0.11158246246927533,2,3.4000000000000004,17
3.412217037090411,1.7479021825195988,0.20203554906298216,1.2963666464992274,0.2013612371062235,0.09671311392647722,1009.9992677091079,3.7895115075549746,0.0714036858562162,2,3.2,17
4.255104717885381,0.20017697825478944,3.9966865723039673,1.1643334919167871,0.24988217024491802,0.023743615824093085,1047.537028078793,3.7200493385966045,-0.007123689865763306,2,3.0,17
4.188086576789136,0.09718233794199388,-0.35445689759608356,1.0439762650253606,0.24899520994162075,0.022438301218632196,1084.3400540169803,3.650300336203616,-0.0003225935801821966,2,2.8000000000000007,17
4.177999262574672,0.09413075172126514,-0.25332215188937957,1.0465126368104471,0.25026281639179326,0.020250507939819008,1120.4591215449316,3.573337736592173,-0.00025514650500264684,2,2.6000000000000005,17
4.185253958378647,0.0867927310761688,-0.29772001635765966,1.044738298940672,0.24744768678413862,0.020380152641871735,1155.817720191927,3.491283658108145,0.0004616674389116353,2,2.4000000000000004,17
4.191358087192241,0.08087213135846026,-0.6802190771568362,1.043246296664779,0.24842288180502045,0.021988483372916458,1190.496240885248,3.428853750087851,0.0005270025220813224,2,2.2,17
4.191054432708973,0.07501242362179615,0.20993030906230548,1.0311235023384702,0.24539215423752933,0.020279443658095052,1224.4333509228868,3.3599878442671303,0.00031775670115477973,2,2.0,17
4.199842073370663,0.09097183354623364,0.5589990933602684,1.0630665822088785,0.24443227006694443,0.020647185157218455,1257.7199705693909,3.295097926888441,0.0010847220582865097,2,1.8000000000000007,17
4.202566484688214,0.0984317948601623,0.004503474767442395,1.0623361168428667,0.24320301142875964,0.019847697296977294,1290.3300181588017,3.229308169409306,-0.0007076833515685741,2,1.6000000000000003,17
4.184086623425347,0.10535643193955214,-0.1784117756840704,1.0669834807941985,0.24406147514355603,0.020356175056288655,1322.3712926698095,3.1628561820804166,-0.0018752075251411572,2,1.4000000000000004,17
4.179983531353396,0.11177887531747553,-0.48952433297104925,1.067988444352441,0.24380902292214368,0.01934810222752218,1353.625630704156,3.099524438394982,-0.001244428530458174,2,1.2000000000000002,17
4.179919217778589,0.11370229150866516,-0.6256420009570212,1.0679918843535046,0.24485294219682058,0.019248930516941404,1384.3820064378194,3.040198714807759,-0.0009408492015711289,2,1.0,17
4.15819305372935,0.10056831610402546,-0.5989694177078992,1.0520843453328075,0.248115536538237,0.019434126574099132,1414.5017725989187,2.9826792035346243,-0.00038161513133170167,2,0.8000000000000007,17
4.165575547766349,0.09888357144738481,-0.5234571329881854,1.0502308008754158,0.2493120725806554,0.020782578040019668,1444.1221320372529,2.9311489078288098,0.0007158180924882016,2,0.6000000000000005,17
4.17221290226359,0.09799523196723739,-0.6079303275028693,1.048566123164598,0.24980582903874804,0.022049227963365486,1473.030977777991,2.870666550891673,-0.0005168582973411608,2,0.4000000000000003,17
4.173067043591281,0.10220643467718432,-0.31975702128793815,1.0561103686941615,0.2496840259208558,0.021564241649410072,1501.5013960216454,2.8109393960561726,0.0002682037184966718,2,0.2000000000000001,17
0.010263795725232634,0.09685065555558896,-0.43729595307730085,2.366557603859457,0.016998286852708162,0.013989103398603733,135.99211705811626,5.223266134221466,-0.0007816418678932229,0,7.0,18
0.005268437748387034,0.08831848266637524,-0.4205329970524443,2.3965259242366748,0.016592861333985312,0.014172879872485488,188.04986468169554,5.409345128308509,0.0002743811016558608,0,6.800000000000001,18
0.00963219391121569,0.08257076996089334,-0.37482530707579276,2.6946860185287824,0.01672512617833579,0.012566860199502707,241.63251686783408,5.336033219027645,0.00033292853687334214,0,6.6000000000000005,18
0.009978143850871486,0.09109488113259998,-0.43931605746320157,2.444514843302565,0.01571251549637493,0.012203470812143286,294.4652335433065,5.232258859277417,0.00023114948868747763,0,6.4,18
0.015745230362966163,0.09075822926450006,-0.02354860957461824,2.431501100666481,0.01489431450947599,0.011693765194974,346.16859782887246,5.122478394618455,0.00038049539448694,0,6.2,18
0.007352892542369335,0.09425142402205253,-0.1651279239382939,2.3697183041783574,0.015988847452985552,0.01445595880017952,396.9428379087792,5.013899419736873,-0.0002958743299351559,0,6.0,18
0.020244530277097304,0.09646935746865434,0.04590521270274239,2.271927403668841,0.016534814369856612,0.015559636708861048,446.58466482880453,4.913271874968223,0.0005605305169999906,0,5.800000000000001,18
0.006252133584060984,0.10403440179011199,-0.3785012348448764,2.290399939961452,0.016802286611136807,0.016078314229924263,495.271509758386,4.818075092722862,0.00035282975891345745,0,5.6000000000000005,18
0.012891072566718113,0.10197914316143214,-0.26274912850505006,2.32200755406746,0.016349924676204778,0.016417831899816347,542.9800762473516,4.728517680379131,0.00026359773338692304,0,5.4,18
0.003089836050975058,0.1026319367703976,-0.1895136378092399,2.4181099938883728,0.01651429056817129,0.015838816709040353,589.8405567575329,4.634133282656105,-0.00012192307029280145,0,5.2,18
0.012377607255962207,0.11220822828542804,-0.3855575668215603,2.1991508047667305,0.014538590046583214,0.013652447604618702,635.7102089325653,4.545582659022747,-0.00016328009318185695,0,5.0,18
-7.736904519379861e-05,0.10694581392976402,-0.05126038609628658,2.3216428465125944,0.015221695790760936,0.01257387421413049,680.6819349289626,4.450688976985815,-0.0004036897002812866,0,4.800000000000001,18
0.006402979247616335,0.10020750916962365,-0.05395147668913758,2.4726136069461764,0.014764927503128718,0.010950966353962728,724.7242922111336,4.358486382814864,-0.0002790575253482201,0,4.6000000000000005,18
0.0032072771873951213,0.10168896768721504,0.028010169711483623,2.4404233304994687,0.016483458493697204,0.01161584680523427,767.9526262037522,4.274745704586356,-7.399312717405476e-05,0,4.4,18
0.009293022353124703,0.10469370116520797,-0.29979257867715425,2.438738068563709,0.01591252513050943,0.01078594274121601,810.3830356044127,4.203267544350444,-0.00025273521372744473,0,4.2,18
0.011420150620878755,0.09996241245603817,-0.3029203785839769,2.5475042425410295,0.01706728947888225,0.012029900265353133,851.8926112613559,4.11734430101051,0.0008134254405288124,0,4.0,18
-2.1578263511507894,4.380261346739366,0.3106931549837233,2.479338358782136,0.016793523353969796,0.01240972882379544,892.5927530052157,4.029320778038663,0.03713969187873835,3,3.8000000000000007,18
-4.1749009941263155,5.191433523169517,-1.799845971989286,1.813627654715726,0.016810339567501633,0.013299688582340078,932.4805857106262,3.936817534438503,0.06765772898968801,3,3.6000000000000005,18
-6.184099292083138,5.130091275021519,-1.8192465495964822,1.500668944757229,0.015612855875530051,0.013362817243331954,971.5693324091719,3.85957405230311,0.07499930648497627,3,3.4000000000000004,18
-8.194685922363766,4.172529857553402,0.21463274481515215,1.3085737821084362,0.01812377452049212,0.017993066509380144,1009.7976566698745,3.79453314847339,0.05769699987390896,3,3.2,18
-10.209683905056444,0.3992385761157105,9.161159369677259,1.1753160523621826,,,1047.3864011217092,3.723901196908412,-0.016002647973729207,3,3.0,18
-10.056054943324815,0.026034774808493213,9.16115936967703,1.0116621647609119,,,1084.212951009489,3.6492877073342,-0.0010435498001948294,3,2.8000000000000007,18
-10.046036634318558,0.0016977555273425392,9.161159369677778,1.0007614635317996,,,1120.3871511635946,3.5757026108078627,-6.805099926423485e-05,3,2.6000000000000005,18
-10.045383329666794,0.00011071245485436256,9.161159369678826,1.0000496599350286,,,1155.7660849906745,3.503535450309767,-4.43767848922972e-06,3,2.4000000000000004,18
-10.045340726971295,7.219677663907518e-06,9.161159369905041,1.0000032383948712,,,1190.4872170614162,3.43482700874317,-2.8938576346585505e-07,3,2.2,18
-10.045337948803928,4.708029065825848e-07,9.161159393359313,1.000000211179269,,,1224.4237709993886,3.3623135640981148,-1.8871155238353106e-08,3,2.0,18
-10.045337767636662,3.0701561221632776e-08,9.16115933840517,1.0000000137712264,,,1257.6645323582766,3.2837170014008277,-1.2306082043817817e-09,3,1.8000000000000007,18
-10.04533775582255,2.00208159751164e-09,9.161166370838236,1.0000000008980365,,,1290.3079423156842,3.2278574252892707,-8.024925462424526e-11,3,1.6000000000000003,18
-10.04533775505214,1.3055805176464476e-10,9.16112352450741,1.0000000000585618,,,1322.3187665225703,3.167091774254578,-5.233079193583375e-12,3,1.4000000000000004,18
-10.045337755001901,8.513062960051054e-12,9.161902374269106,1.0000000000038185,,,1353.5946321206204,3.108263515456756,-3.4117200980988485e-13,3,1.2000000000000002,18
-10.045337754998625,5.547822883896159e-13,9.192766926460024,1.000000000000249,,,1384.3742400366712,3.048233240257539,-2.2074108012021164e-14,3,1.0,18
-10.045337754998414,3.468795711041879e-14,9.430626081216776,1.000000000000016,,,1414.5686452163636,2.977465868203107,-1.2625910360867919e-15,3,0.8000000000000007,18
-10.0453377549984,1.4796930398031855e-15,,1.0000000000000009,,,1444.0778810285265,2.9238416499303956,-6.532223435505509e-17,3,0.6000000000000005,18
-10.0453377549984,0.0,,1.0,,,1473.0182753740028,2.870445980642721,6.139906278461508e-17,3,0.4000000000000003,18
-10.0453377549984,0.0,,1.0,,,1501.440735874177,2.8097412127144104,6.139906278461508e-17,3,0.2000000000000001,18
-0.0029688222550191307,0.087556318878915,-0.7264006672861139,2.2060961951787004,0.014085434835301048,0.010464669547991839,136.13586202237056,5.2140663913372896,-0.0003438596447016483,0,7.0,19
-0.014587569786521317,0.09983817109820121,1.1123016842511824,3.152388566076349,0.01439526189868472,0.01092978130006755,188.1409178503103,5.396239457333684,0.0009755397806448239,0,6.800000000000001,19
-0.0020535346027558176,0.10288538286294503,0.6129639887700318,3.0915343209557955,0.014739520043624133,0.011029969497970055,241.61455569060365,5.329532184442685,0.0009999634339943602,0,6.6000000000000005,19
0.0019968070355677946,0.10156487217286725,0.6620321049708737,3.1317482838364525,0.01588036776835649,0.012485008724249493,294.3160367721196,5.226670615820641,-8.634272100176665e-05,0,6.4,19
-0.0053774510566785595,0.11499834621196953,0.21254460101793127,2.7633789493416203,0.017299788148760306,0.013113463726211163,346.03586498915945,5.118379258186736,-0.00020676923857715815,0,6.2,19
-0.012617460763982466,0.11917822516098242,0.11101692754119341,2.6542975460361045,0.01863939061539961,0.014990677259042197,396.7442067708696,5.00740242984811,-0.0005499597902021614,0,6.0,19
-0.005763796835565607,0.10933675705293168,-0.3500070685306329,2.3077493351291563,0.019199891353357756,0.015591671041468103,446.408515675148,4.915946278481054,0.00032812423236531975,0,5.800000000000001,19
-0.010883902299328976,0.10876311385828515,-0.24328518790373854,2.3114284743605373,0.019340407676944213,0.01506420486307537,495.1184636704104,4.828141640684801,0.000318608430819552,0,5.6000000000000005,19
-0.004178353216319753,0.11949735064070406,0.14700960204591595,2.753652260910535,0.01929163563684515,0.01411417961495884,542.8800111608883,4.731644206081065,-0.0006648583540482804,0,5.4,19
0.002492043661094213,0.11693283437628606,0.23868484704315351,2.8151466192026047,0.01800073206052261,0.013664115094354291,589.7849572434689,4.642318773224951,8.940447255912088e-05,0,5.2,19
0.0272703678994959,0.11437133156622765,0.3431719703521017,2.7988236504574053,0.016291406897237515,0.011896278711416531,635.6890912295654,4.542469508045572,0.0003215555231888911,0,5.0,19
0.02385821701688038,0.11224797077827439,0.3821634222728263,2.8679606527358983,0.015521110938461416,0.012885994950904011,680.6959153323346,4.452577395546459,0.0001871717774966453,0,4.800000000000001,19
0.0204778918549404,0.11518146543148773,0.4836338529370461,2.813599594439912,0.013605633396599029,0.013007209782156602,724.7780174645833,4.364777075779186,0.00022279357022141343,0,4.6000000000000005,19
0.014363882502944283,0.11350767800120412,0.1402294185316708,2.47867354122646,0.01379359417968148,0.013008166481882084,767.996819669779,4.272024073692682,-0.00023364965517202563,0,4.4,19
0.020673903002022976,0.10471925466732512,0.20466243677798168,2.6562492326873617,0.013470341791658687,0.013127038414174303,810.3003846662737,4.194306597411403,-0.0004084170661646216,0,4.2,19
0.019366972130970054,0.09837829533678913,0.4824364012398137,2.827763755666983,0.014298382409269087,0.012811921928825508,851.8440547881213,4.107183102405564,-0.0005779453304541058,0,4.0,19
0.013421169896713077,0.09497380025259752,0.8485001316330982,2.9565143177482587,0.014070257461816916,0.009572053737550022,892.4979002044123,4.027472748036396,-0.0009095200367862515,4,3.8000000000000007,19
0.011808754447949892,0.08567940008926395,0.4409340271827604,3.278830843606138,0.01675100268989155,0.011154791265398872,932.3856024147102,3.948848118547764,-0.0003858843032983062,4,3.6000000000000005,19
0.003960253034112815,0.07749389055437786,-0.8475187630038268,2.169195767413015,0.017830172104590716,0.013576347563055013,971.5069958151097,3.8698403144516726,-0.00028226014430100967,4,3.4000000000000004,19
-0.008809830840305852,0.08767092673457955,-0.7193898834363517,2.1573853802075487,0.020092682008935353,0.013816520794366561,1009.7927978746077,3.7905992144054155,0.0009229557043289613,4,3.2,19
-0.013119148467683134,0.08659450327284661,-0.03915328544397667,2.454374864196236,0.01978629798412177,0.013720637998668994,1047.3655010457749,3.718934420071141,0.0005150238823337089,4,3.0,19
-0.012985383651545876,0.09285422228482065,-0.4131284942180642,2.292798723760194,0.018647757131685604,0.0143258885572501,1084.259574684307,3.6508802380501675,0.000410160235829025,4,2.8000000000000007,19
-0.012483809499622283,0.09471375872972312,-0.49268443207506296,2.2502438979845443,0.01803813140491062,0.013509434708399548,1120.3452768099828,3.577650541535355,0.00023534085396318855,4,2.6000000000000005,19
0.001399903875683506,0.10238454348464232,-0.5945186525805957,2.2731747162339935,0.018051683384613514,0.01249707355105283,1155.7006050858038,3.504640985124302,-4.795152149634137e-05,4,2.4000000000000004,19
0.010276493033689079,0.09615675409594443,-0.3384379903091679,2.4066485364980506,0.01686547461112182,0.012616981826945654,1190.3938605539895,3.4271508114261824,0.0004988944029137476,4,2.2,19
0.012536190218009446,0.09893733871539998,-0.7669760095565836,2.3335643747386197,0.015871637187689094,0.013230713191730468,1224.3635607077736,3.3574251885006556,-8.138545084143797e-05,4,2.0,19
0.018322105665022875,0.09668036710373124,-0.7779877297787055,2.3645838876570067,0.018495773537928722,0.01355071084705256,1257.6188777515513,3.2974624991623567,-9.765687284616382e-05,4,1.8000000000000007,19
0.021595357189371285,0.10512427237287278,0.3120313394181382,2.8035182776427234,0.01819338892967769,0.013352203552697344,1290.288203290827,3.2352102143834585,0.0002560054445176279,4,1.6000000000000003,19
0.007741301034904959,0.10261139879482375,0.30710892440718274,2.924881250825674,0.015984794353472633,0.01259449673081045,1322.2988398123791,3.16938940883159,-3.461127382038833e-05,4,1.4000000000000004,19
-0.00024634085314385434,0.10746989527611034,-0.015364727690645896,2.800743606660336,0.01740378603036552,0.01328344828700516,1353.7179195615906,3.1083529109917705,0.00040433686909030405,4,1.2000000000000002,19
-0.009065089080710215,0.10774088270930071,-0.040712446742641184,2.7836706814087857,0.018180442286074853,0.012584344477191903,1384.464426875729,3.042075520876859,-2.446448310180982e-05,4,1.0,19
-0.012279728581993226,0.10727923920101597,-0.18989165812070263,2.787158784968292,0.016979357191296104,0.011853684039316649,1414.6238187228312,2.9825015105395227,-0.00040858150497342943,4,0.8000000000000007,19
-0.007384121163869175,0.09523415487380181,-0.3344559074646525,2.569798310283207,0.01693162954246569,0.011833975665504218,1444.1472874638455,2.924048750854593,-0.0002820524378528448,4,0.6000000000000005,19
0.0047376800101890095,0.09394340806646388,-0.24457722838188944,2.609700618845058,0.017256930417372852,0.012195412314140605,1473.115602234081,2.8645563524176416,-0.000706536542652127,4,0.4000000000000003,19
0.019619106150600134,0.08975015731763052,-0.38696934746791367,2.3975981184865995,0.014837572488984652,0.010642243450565761,1501.4413224065243,2.807887870418474,0.00031947237706103035,4,0.2000000000000001,19
0.010048473003749154,0.10171614527339894,1.5007050109377653,3.146044840451416,0.016185785229143494,0.013046367560479888,136.11117144463182,5.225808216797148,0.0014546611473704243,0,7.0,20
0.005676980884988072,0.11267620880330251,0.816999557566338,2.850444569196271,0.014769149321418186,0.011934620095885569,188.08714249060006,5.40136736139398,0.0012239313075784184,0,6.800000000000001,20
0.009732006381207855,0.11712810393209637,0.5302544011068955,2.736031554727077,0.01680871719516702,0.013881091680217795,241.58680768549073,5.325712021863258,-7.492533872380476e-05,0,6.6000000000000005,20
0.009959198886730032,0.1102371087308521,0.8205165138933115,2.905211342342281,0.017322197587117606,0.013915624309795623,294.39907379922056,5.22458999974535,-0.0005510334689815101,0,6.4,20
0.027207383746391523,0.10900762445414763,1.3910398382101077,2.8606663346594647,0.017063647107699184,0.01396003092723297,346.04687143491594,5.115425862211176,0.00011898028486622203,0,6.2,20
0.024286217536973024,0.09959390093060007,0.22888046111875626,2.6928800535213027,0.01709021753890383,0.013848975174014599,396.71888084609776,5.015729592477676,0.00010655930215331063,0,6.0,20
0.026206619012579986,0.10164217053217134,-0.5960211144197372,2.076439141652354,0.01662429995602908,0.013752719257785163,446.42094060986216,4.915839140178852,0.0012811551864543279,0,5.800000000000001,20
0.015320770726042734,0.10501328616033295,-0.993185494903059,2.0546363793385116,0.015454815753940974,0.012073589168079116,495.1659997579248,4.822419223625296,0.00074694188386779,0,5.6000000000000005,20
0.01125690911663785,0.10806377059310625,-1.005612383259786,2.007121805202338,0.015344008929531245,0.011933346798976324,542.8673534380155,4.734234806021911,-0.0007038213438940236,0,5.4,20
-0.017994798915283695,0.10407218470974923,-0.7698446087450517,2.064357450115603,0.015034208050116807,0.011392775729963655,589.741752991391,4.6370320155054845,-8.701703721452544e-05,0,5.2,20
-0.014323787907703847,0.09855726017436423,-0.5375281850335552,2.189403996151294,0.015530568803614316,0.012011099611913267,635.7270275300353,4.550528172110159,-0.0011686319810301404,0,5.0,20
-0.004972855508050593,0.08894990110329211,-0.43887179968193646,2.3770999583127264,0.016371297945453396,0.012359606954172158,680.7354792435233,4.4574794699393,-0.0003013222940946357,0,4.800000000000001,20
-0.0009192663422816936,0.08761293418387871,-0.21345592216334053,2.417083986668582,0.017733997172311344,0.01241206563485863,724.8142391716347,4.367778305347349,2.3288825417371427e-05,0,4.6000000000000005,20
-0.010651048087284313,0.08523764210010126,-0.47654719789082156,2.2879335622029164,0.017465083596929852,0.012568979665621018,768.1259871539721,4.283511649997941,-0.0003984358591229902,0,4.4,20
0.004292017248939531,0.0860864959404277,-0.21352157042204478,2.2804588458846005,0.017368734122182854,0.013175729625854577,810.4949926199818,4.18981974306803,0.00072645881242239,0,4.2,20
0.0007343171113544081,0.09448369915418459,-0.47284351913864686,2.2135635545760843,0.018123341812943946,0.013967128841102999,851.9707663423003,4.112363101986458,0.0003634504562194826,0,4.0,20
-0.01739910958970998,0.09556517108861874,-0.7254173439806344,2.1524806685068696,0.01609572750624439,0.01341690095769357,892.6834425989099,4.028766531063784,0.00048808415200432055,0,3.8000000000000007,20
-0.012709041253893008,0.09009442192187973,-0.47901339552888667,2.29826101247022,0.014911112925833407,0.013752540977159925,932.5455819055729,3.9399478492340028,-0.00044915935495748027,0,3.6000000000000005,20
-0.007981320972373245,0.09131885498121063,-0.26501042687874676,2.3468115255936883,0.015058653084553484,0.013150042072842894,971.5821122717585,3.869265618712862,-0.0010513305520052296,0,3.4000000000000004,20
-0.004027889189376843,0.08459954883506969,0.08077814131049976,2.54012429670646,0.014544192788058314,0.012447703306170068,1009.9308899786816,3.793387246020701,-0.0008741763099680244,0,3.2,20
-0.0055419142482402255,0.0821972096307755,-0.03994416890060881,2.6113358409438514,0.014606268429783019,0.011190741008582418,1047.5001862518573,3.721198356013867,7.027590626103939e-06,0,3.0,20
0.0024177877474454855,0.08457224487803146,1.285469516532963,3.123839019909152,0.01526881793894587,0.011211160433134788,1084.287565447946,3.6473035341994637,0.001215474272158334,0,2.8000000000000007,20
0.011170105922304985,0.10150556414192285,0.41028742073603874,2.58786046615534,0.015869329380878535,0.010633261438704201,1120.3743869059788,3.564738896894686,0.001576786209838592,0,2.6000000000000005,20
0.006115092457356995,0.10487602067889588,-0.21604311650356367,2.515760555484712,0.01681551365699786,0.012080016129670832,1155.6855891282542,3.490532787620247,0.0009610978826770434,0,2.4000000000000004,20
0.012764076139448396,0.10599884658413668,-0.296276270706898,2.4751810259557856,0.017290402617704537,0.012311546048729319,1190.2949794308727,3.4224330058628705,-5.725481527011303e-05,0,2.2,20
0.014269372876990255,0.10630196928493346,-0.44337405408101604,2.4637683932363426,0.016278594912464913,0.012810351293304567,1224.227028260178,3.3595096529208788,-0.0003428689705703445,0,2.0,20
0.01043590527698882,0.10881740361149707,-0.5978402922898169,2.4685923421701466,0.017670696814981516,0.013380295962218899,1257.5604639784756,3.3001782167937117,-0.00015111118581668747,0,1.8000000000000007,20
-0.01301346668627562,0.10159283525878145,-0.7724121843874232,2.6345563650048343,0.01586002989840809,0.01363956456053389,1290.3216162942765,3.2452290004015008,0.00021125122519739255,0,1.6000000000000003,20
0.004966973190497086,0.10168395653658746,-0.5359740122873187,2.65091427632009,0.014222615400304228,0.012245217691036238,1322.3819386373837,3.1750006575128804,0.00019920400722487467,0,1.4000000000000004,20
-0.017517052143065818,0.10859033438581055,-0.8131707806046844,2.452981742596013,0.014238702711621531,0.01248148781643909,1353.7714128101597,3.10338776248878,0.00026739498923920537,0,1.2000000000000002,20
-0.02807280953608024,0.10473192372880248,-0.7509190972168667,2.4873315371554954,0.015227853043569812,0.01210529295654259,1384.5122649963084,3.0331292319580347,-0.00032817775766134,0,1.0,20
-0.022218279192775112,0.1081000231241239,0.0024374748185125306,2.7209307603558046,0.014526369957720142,0.011225374126853873,1414.614060266459,2.9702292464729396,-3.239934902847502e-05,0,0.8000000000000007,20
-0.016144500233331124,0.1103125924553126,-0.14738288828911905,2.6939383136586748,0.014413623144934551,0.010173475780812891,1444.070734313784,2.921957349264246,-7.321016406197024e-05,0,0.6000000000000005,20
-0.030133766724128774,0.1141239682736808,0.10156676685670396,2.5433562189716032,0.015203144468548296,0.010970091729428389,1473.019014925301,2.8697845603421626,-3.3123426835609474e-05,0,0.4000000000000003,20
-0.02027981659319124,0.11217529574855385,0.18401679070115629,2.6344288773028746,0.01659749522574524,0.013178680477209352,1501.4113564072957,2.813278623791505,-9.184974432346199e-05,0,0.2000000000000001,20
0.0028924148998281897,0.09889013497980464,3.378743419063621,4.0156947681590385,0.013267126988233553,0.01016609038695862,136.05024594408297,5.224068908682618,0.00031393943318948765,0,7.0,21
-0.046187609401655255,0.17615508229633617,3.053300253502816,3.438572756236536,0.013816374607045833,0.011692945210336838,188.0927462441213,5.409831325227926,0.004002620013340997,1,6.800000000000001,21
-0.2514468449147754,0.4369013479655935,0.6925678895022678,2.866079716119009,0.014998556938480121,0.012389793599361088,241.33827539507521,5.310184429795158,0.019795929770206555,1,6.6000000000000005,21
-0.6251517518940325,0.7416514127314678,-0.9731999276749601,2.268328194948133,0.015526552795495635,0.012656637148797426,292.65588276583793,5.070284914705114,0.042821285417593294,1,6.4,21
-1.1112571102940054,0.9493111099850426,-1.4330418993364151,1.8945122514683266,0.015925566048364335,0.013497221179804017,340.91667035768614,4.689055965936921,0.05946252666481501,1,6.2,21
-1.7049153675487663,1.0215925753622561,-1.2039656396549516,1.6420247860726316,0.015213896174569648,0.013347838841428166,385.2566257286157,4.216069671338711,0.06556121283726933,1,6.0,21
-2.347791882013978,0.8985614574687221,-0.9497778945956825,1.48100299842326,0.01482702160459814,0.011598714537253007,425.1690475560081,3.727875908790282,0.05783967348658188,1,5.800000000000001,21
-2.915148184538225,0.7405816317851985,-1.1699997217527687,1.3422109708764216,0.01574250014046907,0.012011289886142777,460.56040737536625,3.3022372627645056,0.04776627887240802,1,5.6000000000000005,21
-3.400341478144446,0.6651800395060862,-0.9718401684777165,1.3147349242006403,0.015147459127848394,0.011735854654766531,491.92091059023915,2.936027369665888,0.0428196248365008,1,5.4,21
-3.8347751660552003,0.5870458046179562,-1.1900222163444207,1.2228918428862492,0.015078868666983426,0.012561820276492676,519.9246729789697,2.6302336053903805,0.0377071690716957,1,5.2,21
-4.213685528500383,0.539103906517049,-1.1873620600541517,1.2014690892965818,0.015720634510640624,0.013772636370048667,545.0013478011642,2.363161826495465,0.03447550250961749,1,5.0,21
-4.54374492524444,0.47667135644778175,-1.0213292613052913,1.1567599043805938,0.016620074920091737,0.015507692583513397,567.5295123670188,2.1269760478966564,0.03013063839155392,1,4.800000000000001,21
-4.844606102025718,0.40360572620554086,-0.9733477062367082,1.1548847826061794,0.01632781322125533,0.014724717856561017,587.7328754794523,1.910093159254259,0.025274409874824835,1,4.6000000000000005,21
-5.107539958732129,0.36648163091313307,-0.9951338338842746,1.1370414065742824,0.01774913181387351,0.015561196537291346,605.9730953589708,1.7145841987575912,0.02291049009175273,1,4.4,21
-5.338067616850224,0.33632148949718654,-1.0042145613238727,1.102689713693435,0.01696518514916269,0.014098379230517875,622.2953454138765,1.5385370468166755,0.020874842804424282,1,4.2,21
-5.538974525339365,0.31261616616855376,-0.8622015203147595,1.0981662204421183,0.019115059274275106,0.015954716696425158,637.0104380867419,1.3864544819221527,0.01917043027119485,1,4.0,21
-5.732283176775832,0.28270704089120074,-0.7565953263792187,1.0988982368991775,0.01794029142214443,0.014926488537206602,650.1392955691089,1.2425001371365691,0.017210990413166333,1,3.8000000000000007,21
-5.916542317964429,0.2678301491747835,-0.5936180348669247,1.0971453971521754,0.018090159891564782,0.015318143191219519,661.9739558189718,1.1114282038235153,0.016255414609069454,1,3.6000000000000005,21
-6.081671602428474,0.2604672392927644,-1.0682181902431644,1.0799059409632674,0.018328491827592667,0.014790807669039079,672.5326996890634,0.9957636972092968,0.015632378593708623,1,3.4000000000000004,21
-6.238691948356399,0.25156170634886865,-1.0514199852241717,1.0692767514946473,0.01863979158076322,0.014524375496601714,681.9602130098084,0.8835695532884111,0.014994850473757655,1,3.2,21
-6.378573180691848,0.21632466495368288,-0.9119361072674006,1.0572546168830064,0.017417698848768363,0.01152672398149488,690.2745849509771,0.786694117962674,0.012576047796635353,1,3.0,21
-6.524840378785484,0.20927723402266887,-0.371650990170453,1.0769680858113064,0.01703835226383461,0.011038938044622144,697.7714521607924,0.6978547452881622,0.012185047710572761,1,2.8000000000000007,21
-6.636302011962004,0.18279298622172954,-0.64926401636985,1.0590196033909478,0.015630275489908224,0.010907269249806766,704.2923479804414,0.6119955260073475,0.010388674133320425,1,2.6000000000000005,21
-6.746757466506822,0.17758617789616316,-0.782454341982433,1.055798325884031,0.015005983339313413,0.01000604363830227,710.0361049880421,0.5384503995424164,0.010065996967478104,1,2.4000000000000004,21
-6.8498292599861035,0.17901917979103854,-0.5195463118049175,1.0632354030392062,0.015358710008321239,0.01072208772220965,715.100005407742,0.4698744656481674,0.009872993927198993,1,2.2,21
-6.954486239778251,0.15899384085408955,-0.7145333919000052,1.048728919302001,0.01504933858576745,0.011774873098078512,719.426318705897,0.39593242934750916,0.00838568151169196,1,2.0,21
-7.038249010453535,0.166319468120999,-0.8564956983818437,1.0401992444618455,0.015832830547541813,0.012836780696546408,723.0623035326196,0.3371251981361131,0.009257854207523853,1,1.8000000000000007,21
-7.138191989489798,0.15917676883834686,-0.4942773520050392,1.0527965614341566,0.016793641079522227,0.013997932927209565,726.2098470777647,0.27860214549050427,0.00840315576202568,1,1.6000000000000003,21
-7.2160536358956815,0.14522259379810748,-0.69464676677672,1.0414838781063738,0.016115323243047878,0.01443641087988495,728.7317831071657,0.22208244505369912,0.007360713006061127,1,1.4000000000000004,21
-7.302889258909098,0.15342083160374004,-0.23860223412172488,1.0551199625982706,0.015904811747173488,0.01442920252893787,730.7491241733497,0.18155375267258975,0.00795908818440369,1,1.2000000000000002,21
-7.3734674106691935,0.1380726999224672,-0.5297898576649742,1.0450668769284683,0.015178062084284977,0.013115608678841624,732.298175278157,0.12894299326273723,0.00649075866579383,1,1.0,21
-7.444308449590288,0.14031811883213158,-0.34955482203726707,1.0422513718099096,0.01550889973556897,0.012397433770279126,733.4461524474788,0.0876054300770783,0.006084085591628423,1,0.8000000000000007,21
-7.496522953407386,0.1319909898848664,-0.17191819248599183,1.0440374077169408,0.0144184354896006,0.011693727897598325,734.0762527679169,0.04570142378076044,0.005356261931365305,1,0.6000000000000005,21
-7.560662564050132,0.12705877084344705,-0.2006422014933591,1.0412824439090709,0.015308102922073559,0.01222682355771968,734.3661199060369,0.004251763095320956,0.004443900342701129,1,0.4000000000000003,21
-7.606943595460009,0.13549366258904713,-0.38056591531420825,1.0461600360734842,0.015290222578347645,0.012891783004542677,734.2564214622236,-0.026641654426160725,0.005452120398032819,1,0.2000000000000001,21
-0.017718192271157774,0.08926085926524763,0.32867008628751915,2.7724255752312157,0.016710705552739142,0.014017791572052764,136.08226601800428,5.217388100301302,0.00011261577851078526,0,7.0,22
-0.008853496437423829,0.08603196837504767,0.20429769681262178,2.788533447078114,0.01790507077376173,0.014313956207340973,188.02697480404262,5.40159380393654,0.0008451857105063607,0,6.800000000000001,22
-0.024966574345791616,0.09548110203434064,0.06920223787365742,2.442347614217391,0.01689864017656758,0.01435340760516126,241.54329869827194,5.325915399438809,0.0005784389454602336,0,6.6000000000000005,22
-0.018246143472887288,0.10811057556331548,-0.31345629063221425,2.199277382302156,0.016989400578411633,0.01229288791050199,294.2600441371588,5.2301650091289815,0.0008858776075480379,0,6.4,22
-0.010596083857171363,0.11417559473182781,-0.496488000920587,2.1032764804065365,0.016952210736931726,0.0106390345917571,346.10040700187744,5.1249213045539355,0.000651331749416232,0,6.2,22
0.00211449663611,0.1183310166204361,-0.7278378044749072,2.037982201261747,0.0165813193148721,0.010252220951206212,396.85377847597033,5.026375747680393,-5.562334579782641e-05,0,6.0,22
-0.000923638425475623,0.11123996945877035,-0.5366022286955148,2.005993845404605,0.016346284316787685,0.009761775211803093,446.517779614831,4.91999300987611,-0.0014177300746750952,0,5.800000000000001,22
0.01636196768484439,0.11537470843451804,-0.6469124487291142,2.044355453888732,0.016320732140229256,0.009819292321894869,495.24707614749445,4.81878874461777,-0.0005670495652813548,0,5.6000000000000005,22
0.0114828552641848,0.10852515644168753,-0.49736925019286415,2.1831382284432523,0.014762977071996364,0.009979773735146476,543.0026219619373,4.71934185124792,-2.2216017458417116e-05,0,5.4,22
0.020573952920441663,0.11158324489009125,-0.08361548414357811,2.569121354310736,0.01506116754768307,0.01131433580415642,589.7785766994181,4.630008173678164,0.0005337727008728775,0,5.2,22
0.017754936102405167,0.10445343256639282,0.4301478299080195,2.751418265062352,0.015473822980404587,0.011148729030159727,635.6101032935424,4.544476968115801,-0.0003254016657395969,0,5.0,22
0.010713802318424186,0.10727825092001878,0.23533902724531908,2.7044461487146694,0.01300766357992348,0.010714586860318637,680.6340494901692,4.451984935562966,-0.0018454151380774269,0,4.800000000000001,22
0.0012336940239767468,0.09550575517361841,1.0505794483842568,3.0529686060881964,0.013836328070902298,0.011017649967134004,724.7740228010838,4.368796408206317,-0.0007376306092647157,0,4.6000000000000005,22
0.003661033903966992,0.09052821870256411,1.3709378215563905,3.2184205698765913,0.014609127561411483,0.011397002639696324,767.9525883206672,4.2759934041221666,-0.000666047436146718,0,4.4,22
-0.011171240590804847,0.07255608968392535,-0.4712063924716712,2.3613559285626238,0.014073738096309647,0.011223847516881179,810.3479090102248,4.1972372430659455,0.000487641134375259,0,4.2,22
-0.012436691938025672,0.08804498144183008,-0.5592969589397327,2.2618582103685436,0.013216755737202456,0.011300692997529272,851.8795236382472,4.110596872668849,0.0008991739021541891,0,4.0,22
0.8817970219253278,1.817836121461433,0.35197294707454496,2.568976153542405,0.059480010412457054,0.09169946698819552,892.5242107080267,4.0229934459780194,0.08010080021935563,2,3.8000000000000007,22
1.727106533401236,2.1553618658106988,-1.7812730377773331,1.8754222461173191,0.10752523438895045,0.11606813852723406,932.3691051671335,3.9500182120391405,0.11488862918991052,2,3.6000000000000005,22
2.564746710074817,2.1279748595154175,-1.8074210534171027,1.5511446814678382,0.15420023604918381,0.11719409807373789,971.5143110532824,3.8670230333802467,0.11140078021308693,2,3.4000000000000004,22
3.400278630526177,1.7335909377135073,0.20975854654554782,1.3516568018713828,0.2003292359288362,0.09785763798495026,1009.7702189067647,3.7925858582696423,0.07063708250922388,2,3.2,22
4.241049142360063,0.20701886513244705,6.62924594455621,1.2124877291272362,0.2493863427748392,0.01958821647213899,1047.3172540494954,3.7205849100678705,-0.005927015302866909,2,3.0,22
4.197227196447718,0.10880283744970337,-0.6557242521244548,1.039505884454441,0.2504253719525661,0.020580830335764,1084.2117784991794,3.6456546897600757,0.001170004948522428,2,2.8000000000000007,22
4.188005085859796,0.10198906551771333,-0.6842407506270032,1.0418351732690831,0.24706311016727692,0.020434480114096935,1120.3389757722946,3.577060333937529,0.00030282617427979347,2,2.6000000000000005,22
4.193133673180181,0.10141085291079206,-0.8465891754223529,1.040565060629837,0.24860982792374287,0.020240197895438943,1155.7486303064504,3.508842832339158,1.9920015232615962e-05,2,2.4000000000000004,22
4.19797381387359,0.096271427465447,-0.6490818868927146,1.0393953509913174,0.24935183003422862,0.019479984127158078,1190.4664860600417,3.435610693974052,-0.00019688943939838164,2,2.2,22
4.202588445196147,0.09729390686034887,-0.6135222983679354,1.041240385220735,0.2499075792028286,0.01849251077202593,1224.4945372267384,3.3624521259929714,0.0001728725924848683,2,2.0,22
4.189550377254619,0.0960184023520741,-0.3423741681965642,1.0524276163007487,0.2521788859881547,0.018563401453490752,1257.7800958088558,3.2923585509355964,0.0009029866626809915,2,1.8000000000000007,22
4.204558571586878,0.10084302992837418,0.2770091203754319,1.0669787449620083,0.25466896001785233,0.017632955149427528,1290.4477258921775,3.2331121212866463,0.00014537683180805406,2,1.6000000000000003,22
4.212456643766313,0.08710105624426326,0.8415198859858801,1.0650552740686274,0.25237190430058964,0.0185129540576799,1322.4398129618753,3.1700332960600277,0.0006530427051916279,2,1.4000000000000004,22
4.2138837947277645,0.09231643748106388,0.23306858358448412,1.0646672344960075,0.25198376596600097,0.01953743816376466,1353.788786185939,3.102687614124204,9.539914695257744e-05,2,1.2000000000000002,22
4.214315828543114,0.09399278243103318,0.6390725826207673,1.0645489721027104,0.24928686534144576,0.01970999635304689,1384.4786021711625,3.03745196473013,0.00029947651859971907,2,1.0,22
4.220483466511675,0.094603690413056,0.6984014897073045,1.0629906736844132,0.24985914398172324,0.019678481074155083,1414.5571346173713,2.968695391132915,-0.0006137847123945626,2,0.8000000000000007,22
4.20525698702333,0.08950890439112172,0.9006351683809148,1.0606812195750777,0.24925589809488094,0.018873626112831124,1444.0089262881174,2.915004301449529,-0.0018160800085080307,2,0.6000000000000005,22
4.179224350855166,0.09656808111091457,0.6630985132210943,1.0672459952698017,0.24646426928855603,0.020875535546993406,1473.003923436074,2.872690144332736,-0.002937945043948216,2,0.4000000000000003,22
4.1698429985691945,0.09520823522586341,1.1024426989110019,1.0696536925069016,0.2487790991394523,0.020681990307540397,1501.416023308328,2.8221762309934593,-0.0023987533701778302,2,0.2000000000000001,22
-0.01699333514018053,0.11075776261144368,-0.4151665666818012,2.371777717112501,0.01716210665333506,0.012614263133798641,135.94906033197083,5.222894556567387,0.00016053423763762346,0,7.0,23
-0.014802654252524366,0.11435757006479243,-0.3649200159243815,2.3049226710657056,0.01754465680189975,0.012969581590207464,187.98487656054505,5.409898755494915,-0.0005784653546325578,0,6.800000000000001,23
-0.006145226870340672,0.102732228854845,-0.39791489026356297,2.134671848545441,0.016892491237709705,0.013291054803184736,241.54825033383597,5.339252399971644,-3.0249968180518956e-05,0,6.6000000000000005,23
0.0034959393411777766,0.10520568823585262,-0.49103118463470885,2.0871107091078644,0.017429296879847095,0.01300711107393197,294.3309846757985,5.231499132933588,-0.000595568596051849,0,6.4,23
0.01901358509207615,0.09707686623000406,0.4155149592217948,2.925756100991722,0.0179800506447787,0.013146202000827377,346.07337926050633,5.116808751302689,0.00024841827452184463,0,6.2,23
0.011398885416624469,0.10271118273791503,0.26112298760397756,2.8013154883208964,0.018293370959233054,0.013600837327900918,396.79303257927626,5.012966697563151,0.00024462532770445325,0,6.0,23
0.010593747022521326,0.09570181446813217,0.35406977079462587,3.0065843181258103,0.017851472937246805,0.012980854381927122,446.4370898957935,4.915725352968682,-0.0002620535976502598,0,5.800000000000001,23
0.011835933433191774,0.09429426971064578,0.3716723656750647,3.0460932590803447,0.017360482881315812,0.011714177794770506,495.17416897112423,4.830312495921095,-0.0004267191810716422,0,5.6000000000000005,23
-0.005315871250741393,0.09782227427656957,0.5589472743106287,2.9552942226458083,0.015499102026584293,0.010337302505749706,542.9700087429169,4.736979325889037,3.749165176434346e-05,0,5.4,23
-0.0014078706237682275,0.09731754950061328,-0.3882856210224013,2.3283208147627072,0.015934940777269323,0.010154674310252687,589.8068019471609,4.63538243172291,0.00028553537480797194,0,5.2,23
-0.0037662589216834108,0.0969744711869218,-0.2809738866766853,2.389543461710009,0.016640472437937853,0.01135161459552287,635.6848425906271,4.542057056961749,0.0005660256421995357,0,5.0,23
-0.0015084736276671134,0.10487329758482213,-0.47122627733273825,2.211034686892521,0.017394030344911063,0.012599378923140917,680.7333274508491,4.451648340750291,0.0002848349259304594,0,4.800000000000001,23
-0.003845325719452217,0.11079224015634098,-0.5363966500493502,2.1141748939894263,0.017314400327278198,0.012602456317328193,724.7869813192268,4.365414764386527,0.0001380648839211692,0,4.6000000000000005,23
-0.010300013645455726,0.11273407954084838,-0.7664228726634703,2.070236453097403,0.019145735856897658,0.012763651981301817,767.9228181263454,4.275384118055952,0.00046576494863989756,0,4.4,23
-0.01628000015057609,0.10714183404783889,-0.7069148162002716,2.1622275757546627,0.018088451849231593,0.01276064857035946,810.3474582097238,4.19429461142298,-7.61028274299555e-05,0,4.2,23
-0.009791748360688609,0.1118211118901176,-0.8841068513706265,2.087857161336948,0.01759370149433373,0.012412246462602708,851.9207728705386,4.112601949043999,0.00036054767099924257,0,4.0,23
-2.174046656512777,4.3700009815042415,0.3099219022152844,2.4780318428098393,0.01796410367915897,0.011699302452748849,892.5959538992128,4.035544371849134,0.03376616425811479,3,3.8000000000000007,23
-4.1929399886087975,5.1745853978511,-1.800027822300894,1.8124049065415282,0.01880574399517491,0.012279015637268584,932.4421893888469,3.950695887972622,0.06289819629301918,3,3.6000000000000005,23
-6.187089743610642,5.124305423752348,-1.81959252103653,1.4995591881082575,0.017487481394655148,0.01306774655087687,971.5959212314997,3.8638402630927797,0.07058088889448216,3,3.4000000000000004,23
-8.19730821075202,4.164824989187481,0.21533918688453024,1.307545166625324,0.01906485901988315,0.014570436585878541,1009.8691997018425,3.788873927133257,0.05434978972794784,3,3.2,23
-10.208774622632639,0.3970296979640844,9.161159369677275,1.1743670711338687,,,1047.3677493900086,3.716048708248768,-0.015914109687120672,3,3.0,23
-10.055995648044858,0.025890731500312524,9.16115936967729,1.0115977280412076,,,1084.1867645353514,3.649315984837769,-0.001037776123772489,3,2.8000000000000007,23
-10.046032767609894,0.0016883623090627915,9.161159369678842,1.000757250930339,,,1120.28215362831,3.5712501393938485,-6.767449164585744e-05,3,2.6000000000000005,23
-10.045383077514586,0.00011009991303811761,9.161159369481073,1.0000493851817198,,,1155.7042354749397,3.5058331515075576,-4.413126024557325e-06,3,2.4000000000000004,23
-10.045340710528178,7.179733157285593e-06,9.161159370991706,1.0000032204777225,,,1190.307875203759,3.4277388441782626,-2.8778467092617325e-07,3,2.2,23
-10.045337947731655,4.681980827319553e-07,9.161159387518705,1.0000002100108718,,,1224.3123045140378,3.358727845996017,-1.8766746391588007e-08,3,2.0,23
-10.045337767566737,3.0531698070945694e-08,9.161159439762294,1.000000013695034,,,1257.5841247115486,3.294886889925455,-1.22379955478956e-09,3,1.8000000000000007,23
-10.04533775581799,1.9910048060822455e-09,9.161161472563672,1.000000000893068,,,1290.2900700359219,3.2317908114041427,-7.980522551570753e-11,3,1.6000000000000003,23
-10.045337755051841,1.298355358499384e-10,9.161098453217994,1.0000000000582376,,,1322.3262304986065,3.1840468110005933,-5.204024602716205e-12,3,1.4000000000000004,23
-10.045337755001881,8.466371058930132e-12,9.162478176702528,1.0000000000037976,,,1353.7939450175647,3.1135510189513935,-3.3922653995828393e-13,3,1.2000000000000002,23
-10.045337754998624,5.510979377883341e-13,9.197606375728148,1.0000000000002474,,,1384.5448634718744,3.0472625148130716,-2.2003428232651182e-14,3,1.0,23
-10.045337754998414,3.4199047320093007e-14,9.531849590516826,1.0000000000000158,,,1414.708022044656,2.9795645505611423,-1.2625910360867919e-15,3,0.8000000000000007,23
-10.0453377549984,1.4796930398031855e-15,,1.0000000000000009,,,1444.1664569031682,2.9117088474529504,-6.532223435505509e-17,3,0.6000000000000005,23
-10.0453377549984,0.0,,1.0,,,1473.063963396634,2.865000229066281,6.139906278461508e-17,3,0.4000000000000003,23
-10.0453377549984,0.0,,1.0,,,1501.4171285722002,2.8102255293459093,6.139906278461508e-17,3,0.2000000000000001,23
-0.024056523268150574,0.10049417283172472,0.006629152930344162,2.3665667052907424,0.01868148594147007,0.013684097310053484,136.09961584827658,5.2224022567911685,-0.00023021354341024787,0,7.0,24
-0.01476043078579642,0.10142999009411728,-0.21386327481915446,2.386661378293275,0.01641899818839809,0.012136879170517279,187.9960375974173,5.399699345176776,-0.00073168986676123,0,6.800000000000001,24
-0.009308444701135801,0.11177906452675047,-0.4273948392050042,2.509244733956877,0.014773466535033144,0.011967603470955417,241.55490540754155,5.329807840011539,0.0006018977183577584,0,6.6000000000000005,24
0.0014216090211983728,0.11046085396305087,-0.03382890702758079,2.547942304462629,0.015273939322525614,0.011794414620104872,294.3497295861851,5.227878727267628,0.0009550243000132685,0,6.4,24
0.0008411106375535516,0.11423762658126484,-0.09560481958392542,2.46384566478021,0.014930037034718601,0.01103235008668767,346.15158301020114,5.132317079301436,0.0008456199723684903,0,6.2,24
0.004995999901632834,0.1215637649678068,-0.19832894714851435,2.313431319177132,0.014094304797989956,0.009874895794538138,396.93591841939144,5.035217918515097,0.0001313383247104242,0,6.0,24
-0.009908184917633126,0.11658336033393918,0.020337890994663432,2.4054898520642065,0.013654261251811075,0.009850073891419259,446.7020731447774,4.920949219286131,-0.0014580462953941561,0,5.800000000000001,24
0.0015794549257677603,0.10270780074758931,0.3784821543875352,2.6495886337921903,0.017035193662854553,0.012791186900876191,495.3774289420946,4.816810404442036,-0.0007822746328792199,0,5.6000000000000005,24
0.0008141667781515666,0.09883410360985151,0.27989734532070853,2.7536732940676565,0.01867853458148167,0.013398933377036468,543.1266296189316,4.717405680360962,-0.0006085069685362662,0,5.4,24
0.004182662152049956,0.0909740080124537,0.4779401562891148,2.9884711735468636,0.01925179017862078,0.014023313722533301,589.856872751825,4.625497035813097,-0.00047333291497471755,0,5.2,24
0.0068963675658550464,0.08391955635310275,-0.04307962058695303,2.8515254341732073,0.019719871545728847,0.01514980481296533,635.7080909758396,4.546667098088606,0.00030387145480594566,0,5.0,24
0.006572228122853411,0.09194431183153476,-0.3300364861670402,2.6048193198889917,0.020785488333248274,0.014710904743579322,680.6198439544365,4.45010102707591,1.3078795074969374e-06,0,4.800000000000001,24
-0.014194301860981456,0.08820004669592406,-0.7833818769882108,2.1586264686768275,0.01921826136433854,0.013869223840077985,724.7040802012048,4.358712828476056,0.00012230388962183205,0,4.6000000000000005,24
-0.014078565559257357,0.09227419861619873,-0.8443265162399634,2.066010610691988,0.018982711445621074,0.013689060603205403,767.9529524395163,4.280216724373526,0.0007337783514846985,0,4.4,24
-0.009546343604581226,0.09521600742391388,-0.92822970346116,2.0155084300096764,0.01875598220832254,0.013804442964206345,810.3105276775274,4.192853449552842,0.00018994481902054878,0,4.2,24
-0.012943409693761834,0.10453689485228049,-0.8091754541499054,2.1613624657132173,0.017727400972389465,0.012370972021688492,851.809306732785,4.11907046501475,0.0008763801687410683,0,4.0,24
-0.0075729344921270396,0.10189976109388885,-0.851765012202431,2.2283033032480755,0.01706952942837498,0.012686402650322325,892.5579725381281,4.02966826286714,0.0005146646628028525,4,3.8000000000000007,24
-0.007595846660575885,0.10067802693307766,-0.770855310500377,2.2551503830805912,0.016217747004789302,0.012137456590511814,932.4625499347094,3.945024129748679,-0.0004602409478370424,4,3.6000000000000005,24
-0.007215436175528762,0.1001241425148974,-0.46166902982530633,2.3868841878187936,0.015007781532002405,0.011910250586004398,971.5862864082803,3.8781034555300415,-0.000192174466486229,4,3.4000000000000004,24
-0.010862629301193439,0.09649327129330472,-0.2512984893448582,2.467350121182664,0.014032639512792393,0.011328067105507236,1009.9092355589921,3.795713302799513,-0.000829645681978805,4,3.2,24
-0.009974406001615503,0.09325442240939671,-0.20408928629340473,2.5546310417091758,0.01460522066981678,0.013199471913102154,1047.4552081961122,3.7214588701012605,0.0005641040298164657,4,3.0,24
-0.010987505151937598,0.10931676140339985,0.688163021031301,2.811060571480566,0.015561510763437916,0.012959700985936753,1084.330972165888,3.648189002654078,0.0011441358005683142,4,2.8000000000000007,24
0.0004299302184583867,0.11159654826490578,0.42026953112771714,2.7677695647319878,0.016137565905782355,0.014202847919139321,1120.4700494205197,3.5742403158150946,8.256517272537839e-05,4,2.6000000000000005,24
-0.002399645120139364,0.11151180867536292,0.5097700198103889,2.769239619006221,0.017895498039567387,0.015116395897609842,1155.7299807125514,3.5012535124384456,-0.00022680044850184624,4,2.4000000000000004,24
-0.01110270948625589,0.11432166694894463,0.3459910485832305,2.6889053010030506,0.019741850953245415,0.015743908923414998,1190.3983464998764,3.4246000467883424,-0.0012500389621106917,4,2.2,24
-0.002321305335769702,0.1087596009504294,0.5862551745875466,2.839327306990468,0.019875887804128443,0.014626330481358023,1224.355824983492,3.3526476879205243,-0.0010200285530746573,4,2.0,24
-0.006315947775314503,0.09139373972111163,-0.2610876862334126,2.791698739357366,0.019460574092826893,0.015304206952898775,1257.640176529326,3.2945469829520535,-0.0002755947924381919,4,1.8000000000000007,24
-0.009123792054713456,0.08734961476853269,-0.19569933303533826,2.9118939646277315,0.01908568165278156,0.013814298335785109,1290.2784948531562,3.240540236705376,-0.0006943554802074406,4,1.6000000000000003,24
-0.0011866893656593874,0.08800632185425719,-0.5901826044202023,2.2417221288726106,0.017742002889372353,0.012969928401409913,1322.3155337514418,3.1706414539391274,0.00010329453131133093,4,1.4000000000000004,24
0.006883082510796262,0.08927942660282444,-0.7212639180391403,2.203289181052831,0.017231313778843217,0.012559377256053581,1353.7283767252761,3.1075069345002886,0.00042827382503489425,4,1.2000000000000002,24
-0.008739634952319757,0.0847541676039679,-0.41359591515896943,2.315428989877218,0.01770817094697037,0.013433361625652989,1384.5582585373552,3.0473259536641253,3.7648821710238456e-05,4,1.0,24
-0.004017709858766335,0.0924874349967405,0.2708437327133586,2.8892383024944093,0.01684781813841509,0.01308560739621822,1414.6530040053317,2.9821614557452203,0.000551767385316592,4,0.8000000000000007,24
-0.010404390903907117,0.1010018519694746,0.2232622153838113,2.634000568876577,0.016439528859162476,0.012759633112268687,1444.118803442021,2.918091289241164,0.0002877778018779121,4,0.6000000000000005,24
-0.01919811378231673,0.09823798186171133,0.5136181177212542,2.6711782251724596,0.017683206914492083,0.013280914872872541,1473.0610159520136,2.856373107368027,0.000719052425373641,4,0.4000000000000003,24
-0.020748712310936196,0.09572179493554024,0.731268873438681,2.72963109497509,0.01784294391302968,0.012222907300282283,1501.4391002711939,2.8065000639269577,0.0006591884481954151,4,0.2000000000000001,24
0.01313646252305507,0.09808953182568841,0.6582018383764816,2.6617077011037913,0.014306349480348857,0.010464365904420393,136.12517492127992,5.222722763867291,-8.717329658055551e-05,0,7.0,25
-0.010006179710017205,0.10730628244347412,0.289079718376164,2.4444313769972914,0.014672932198685302,0.010813103265517782,188.08018137875385,5.395094142871009,0.0009970658000934287,0,6.800000000000001,25
-0.021248413558304008,0.10196211754280113,0.3603860631361435,2.528521385544178,0.015366809112070622,0.011073423219456268,241.62779853526888,5.322874982592673,8.894416149898535e-05,0,6.6000000000000005,25
-0.019962185862497914,0.1045716846643642,-0.003386694653294331,2.37274779691353,0.014171720731138784,0.01117663951025145,294.2920064897416,5.227640664316185,0.0005046311537826706,0,6.4,25
-0.023669145381834573,0.1049912037015459,-0.10029786257019557,2.3467227772051533,0.013903431783322304,0.010221815729566222,346.07871781389093,5.121635815225341,-0.0003414258785391452,0,6.2,25
-0.015734706204106524,0.10019968379085008,-0.2792038015886793,2.4907545200031995,0.01587159101039621,0.011348126372794205,396.79923092190177,5.023639596147983,-0.0005725846198960216,0,6.0,25
-0.004664045795795594,0.08628530935920528,-0.1569555205889599,2.495700896809743,0.01603066232472239,0.012124423083108704,446.5167319105799,4.91472109731064,-0.00011310819810187974,0,5.800000000000001,25
0.0047026787000357135,0.08941518726069148,-0.4566569904196984,2.408532478433364,0.014908587294745672,0.011997469566109125,495.1840420128678,4.819330319106087,-0.0006263705735509613,0,5.6000000000000005,25
0.0027974783518085996,0.08402195182629657,0.18355331695107235,2.565296622177509,0.016170251965455833,0.012475328056706946,542.975056890615,4.725167647604581,0.00016129001570939117,0,5.4,25
0.00020229791741851745,0.08739844415561424,0.21238694883931197,2.467578370787538,0.01706912770329767,0.012571906690716025,589.84566859489,4.640340478584158,0.0004777510525652763,0,5.2,25
-0.011332800588800247,0.08699293906924235,0.1794382002699284,2.4578966788588708,0.016418467874716444,0.012461755991376458,635.7182086078752,4.550508186625585,0.0005398848616968083,0,5.0,25
-0.022359908155599472,0.09450225980419992,-0.5340595763159723,2.333200091861972,0.018803064996267816,0.012736748009953731,680.7163266119463,4.453244605327585,0.0008322936696520463,0,4.800000000000001,25
-0.023717625625499394,0.09388433689040836,-0.48737148914611206,2.339723565223066,0.02072696079571669,0.012624451054372562,724.9027826749483,4.365316236761025,0.00042322871728715084,0,4.6000000000000005,25
-0.016184413761151047,0.09469563766108322,-0.708505114098331,2.3591181839450877,0.02072477812595302,0.012587876299005962,768.0645368796349,4.271127721925876,0.00015615843296729046,0,4.4,25
-0.016903786414068773,0.09732052360771906,-0.6571244884987153,2.2943995587711785,0.019537245539266036,0.013003408991942205,810.3600572012485,4.192455531113628,9.386408428384693e-05,0,4.2,25
-0.010181423246153056,0.09918924653335108,-0.6233195485629448,2.273372967664932,0.01907927171311455,0.01269452329970934,851.8844556912876,4.108728309684138,-0.00034411258330239064,0,4.0,25
-0.000320202176639246,0.0938849799536276,-0.6006026713742041,2.192993373180091,0.016477036030185452,0.011343310245903225,892.5935359120317,4.024658595314798,0.00019707555176536626,0,3.8000000000000007,25
-0.0028141383747277726,0.1089781885258014,-0.2407060947390276,2.7782793075106995,0.015458118508229273,0.010771650124274593,932.376140650459,3.9483866827613463,0.0008252246099533784,0,3.6000000000000005,25
-0.01407111878219646,0.10589848147474792,-0.024525224392365264,2.834628944089955,0.015177566573141288,0.011765091289295858,971.5078262736097,3.8673776204369963,-0.0002272539680684859,0,3.4000000000000004,25
-0.012243560732408986,0.10058463253343754,0.1762501037754869,2.9886362386744145,0.016186198198411432,0.012138840127724803,1009.844789181745,3.7945847765317713,-0.00032020770877802475,0,3.2,25
-0.014890654177521332,0.10043087705742616,0.2529837122911398,2.982488186189345,0.016499234624124847,0.012825744267437137,1047.4213408219723,3.7223751068634634,-0.0008781538569565158,0,3.0,25
-0.015646728008027785,0.09645680616767732,0.41862054932721504,3.098679567686528,0.016388918063124595,0.012826455637452272,1084.2653522013197,3.6514275496296906,-0.0010861085043364872,0,2.8000000000000007,25
-0.0063362252193340345,0.0947986906138462,1.9227867152303633,3.4359337211708714,0.016868955081856516,0.01265955724348857,1120.4006593327765,3.5733824198896245,0.0006499031594018342,0,2.6000000000000005,25
0.0017213465604314529,0.09279597077930757,1.8241855477898703,3.5174618994691706,0.017593225337643955,0.011379803657614243,1155.7528774551542,3.4971817868514457,4.417394638732464e-05,0,2.4000000000000004,25
0.0005197780714491223,0.09328179240657539,1.7647396407927918,3.4997013910264863,0.01672036829834692,0.01207439276772664,1190.4622337049004,3.432871440945102,2.0018423707744238e-05,0,2.2,25
0.003767868428413407,0.09102438575335582,1.8584591346050603,3.583419549047002,0.017048055760344686,0.011505806689316802,1224.4383680207982,3.365155405263062,4.28657066856279e-05,0,2.0,25
0.005113791168814643,0.09083475423797949,1.8096687051003135,3.588240635792123,0.019077810033663507,0.01313843952079711,1257.685910504463,3.293922090950106,-3.7625153794755594e-06,0,1.8000000000000007,25
-0.008061417343138075,0.0746995058891172,-0.9810999619068181,2.063577735253501,0.01817720228013835,0.013788551633947524,1290.3678293016592,3.23328453470157,0.00032241230572321937,0,1.6000000000000003,25
-0.004697996308142072,0.08364414717630769,-0.9217369885838975,1.9180373284747654,0.019343288948883045,0.014977209005169832,1322.347331267607,3.157882240875325,0.0002551517397740642,0,1.4000000000000004,25
0.007749611922529817,0.10114004950198005,0.7265905212396544,3.3915847863556228,0.01998174726640814,0.01455271199835641,1353.5744758156932,3.09413710391754,0.0012642629483335481,0,1.2000000000000002,25
0.0002707135426989399,0.11509773023666182,0.18110913888181202,2.9891992717874656,0.020638867550312856,0.01458606985893703,1384.293174077073,3.0387529053834608,0.001697647408494662,0,1.0,25
0.007803015733016751,0.1155015943412029,0.17950713615963698,2.971843448208175,0.01936758306784643,0.013316906735054562,1414.5000808944137,2.983445329745218,0.0005538328961369077,0,0.8000000000000007,25
0.019926881859067002,0.11199264922851522,0.46067559790155777,3.023634271723503,0.019161582092913375,0.012732989234403738,1444.0310353474724,2.936175981664437,-0.0008399326526788364,0,0.6000000000000005,25
0.013178555170423817,0.11114146426930936,0.4968593602125009,3.0736434789649403,0.017836694182202333,0.010884195775472557,1473.0108327067342,2.8735549548114823,-0.0011058449254331983,0,0.4000000000000003,25
-0.0015223009760309877,0.09449087701716752,-0.2189207528125836,2.6590149806793035,0.017190354052320417,0.010269487896988191,1501.5188348053196,2.8114907112978895,-0.0008038341521891104,0,0.2000000000000001,25
-0.004696039125970105,0.10528814176765806,-0.2581864575219166,2.329802256880298,0.014255169488158064,0.01290144190219834,135.95970377105644,5.220776594587095,0.0004147265247228042,0,7.0,26
-0.05145811605488181,0.15986566997265658,2.9020103212988184,3.690398342741543,0.015954630906473852,0.01272845503563188,188.11649125441113,5.408890954702919,0.004450888796136439,1,6.800000000000001,26
-0.2698534665204982,0.44728865434981524,0.4630369681103752,2.7490992193400667,0.01713906940339651,0.012283011298611474,241.36081964008227,5.314965560900642,0.020976788641284414,1,6.6000000000000005,26
-0.6349989421692782,0.7475736234221088,-1.0455762818346508,2.165397493438477,0.016949962299541727,0.011723613287562032,292.6677382268963,5.070104402344226,0.04272287221877839,1,6.4,26
-1.1197207125368127,0.9405154159866663,-1.4751714180776572,1.8336291749971612,0.01654358819731712,0.012442915459645076,340.90794282769514,4.69033679678884,0.05847621836140033,1,6.2,26
-1.7181802538618407,1.0043019148167802,-1.1819107596562055,1.6567435788033231,0.015704248330669853,0.011522305613599801,385.3351136570354,4.2095654385308,0.06503280131252535,1,6.0,26
-2.3751515796855793,0.8902342628444186,-1.089457941845964,1.4554865281807816,0.015266621853972477,0.011771004640342022,425.2046972083836,3.729566180895033,0.05754137177098747,1,5.800000000000001,26
-2.9329663733684583,0.756768170332974,-1.2169959902559375,1.3446458674775519,0.015185327337728918,0.011188056785718357,460.55921214274605,3.3027970413662104,0.04875865365641126,1,5.6000000000000005,26
-3.412709985091956,0.6627100714720511,-1.0685659490501946,1.2946510458106884,0.016016120664405057,0.012245558577259402,492.0573061111551,2.944668277542447,0.042541636867208826,1,5.4,26
-3.846073532092333,0.571193567965609,-0.9791582432726464,1.2339252522578334,0.017237266661821096,0.012686573541363546,520.0398994481984,2.6311591622755035,0.03663357352781178,1,5.2,26
-4.210597290765899,0.4965841510108708,-1.3243280765939487,1.1661484443397325,0.018956995168204552,0.012624511060161417,545.0882738582296,2.359317503745091,0.03171387108085245,1,5.0,26
-4.531814285697439,0.4726425110144748,-1.031817071122023,1.1637526693731153,0.018690710034354616,0.012396116225110164,567.5660374009783,2.118087163904074,0.030066790043362043,1,4.800000000000001,26
-4.831278772814024,0.42171102644186537,-0.9864574493415454,1.1452950763856338,0.01813432859222681,0.0123491841540312,587.8001940175498,1.9005901311666225,0.026653792058049287,1,4.6000000000000005,26
-5.09262180959519,0.3725099723326342,-0.8588360706729077,1.1280059574094086,0.017143337317062704,0.011962130597657496,605.8562413253051,1.7113699278756298,0.023354881910086805,1,4.4,26
-5.327495110283238,0.3422713954680662,-1.004992532043014,1.1200755124466129,0.01697566780184589,0.011267207831449447,622.2416368955676,1.5425475195153187,0.021395286897356668,1,4.2,26
-5.537221071278607,0.2981278224337971,-0.982745601804365,1.0904870281907715,0.016382119680069154,0.012240692362363635,636.9141496856637,1.3844980137748353,0.018237467729302046,1,4.0,26
-5.7222523267634235,0.2776281295215823,-0.9036812690849243,1.0770161040907993,0.015396508261579935,0.01180302783856257,650.106030259747,1.2444984138427928,0.016782237204714962,1,3.8000000000000007,26
-5.890739478820535,0.25882913246698663,-0.8609902409695676,1.0792731323586522,0.015960629086208263,0.012486669851467154,661.9202861067727,1.1165326305042749,0.015530809271795834,1,3.6000000000000005,26
-6.055484676112018,0.2498898979942402,-0.5802797212147217,1.0772544214997424,0.015845092613897993,0.012217373462729508,672.5457635622566,0.9918535965012705,0.014715600609325879,1,3.4000000000000004,26
-6.214352459206961,0.25979840341780397,-0.7786546470091924,1.0829687240509362,0.014536724356369551,0.011579727113119942,681.9529879296229,0.8875635794174526,0.015522967606417542,1,3.2,26
-6.35806724176224,0.23302465022007687,-1.1988107207738707,1.05869931550807,0.013794722783086098,0.009257050122261088,690.3616593886649,0.7872889793657868,0.013533908712942437,1,3.0,26
-6.497833793659805,0.2287946760714414,-0.5511873156702554,1.0752650232677314,0.013349122749801746,0.00925869692526354,697.8261621479894,0.6986719980236439,0.013003958438339184,1,2.8000000000000007,26
-6.6318598560725945,0.2083908166533762,-0.4929165725754916,1.0564326149996095,0.013117591112503586,0.007937840162133463,704.3765025224557,0.6123198146628441,0.011461896566181212,1,2.6000000000000005,26
-6.751705366397485,0.18954459540264754,-0.8940986442160441,1.0587966406036402,0.013832037485363956,0.009183510448907747,710.1555458299061,0.5371450838961055,0.010218734900509497,1,2.4000000000000004,26
-6.858567119295815,0.20045742916381393,-0.576913163750898,1.0649850509364323,0.014886173793572138,0.010122290635127717,715.2284993832404,0.4701102241447522,0.010980398410374608,1,2.2,26
-6.9654812027332715,0.18365474887663072,0.06483532449503526,1.0684805774143409,0.016548895100405848,0.01269637898946359,719.5671509947522,0.39983625166595005,0.009138088310977321,1,2.0,26
-7.0567809168535645,0.16493606036210737,-0.7637458628978644,1.0547336216814283,0.017429765807739236,0.013265067842166085,723.2238013717147,0.33805959801948293,0.00814084854456015,1,1.8000000000000007,26
-7.143096758369612,0.1615395330848882,-0.664552540222898,1.044447337108151,0.017310450480903548,0.013822820433081,726.3825506584683,0.27950527245208423,0.00770477654995913,1,1.6000000000000003,26
-7.212505541318388,0.14651191666816957,-0.34309380122285527,1.0344462574311308,0.017132550088838752,0.013149772395864099,728.9286131366448,0.22483970193224675,0.006225690122919936,1,1.4000000000000004,26
-7.291440736151746,0.1610730004303208,-0.16213051664535172,1.052161458762284,0.017334231927549588,0.013179509886793223,730.8751871999334,0.17542235451200935,0.0073896463566776125,1,1.2000000000000002,26
-7.369150761475806,0.15797618019556253,0.019331087352374876,1.0591877328400847,0.01563857885289119,0.012344667187236478,732.4181019620524,0.12925534972425726,0.007663635254721504,1,1.0,26
-7.43035202882022,0.1499311976426229,0.0461715562252607,1.0504905297507852,0.016340851267642956,0.013305669363587073,733.5381618640548,0.08329801732187166,0.0063435391782796415,1,0.8000000000000007,26
-7.487594164782468,0.14361730644817092,0.09680291710613931,1.0424796500201876,0.018585172846828098,0.014180243969600949,734.1809150412387,0.04672057998093837,0.0058496586290382535,1,0.6000000000000005,26
-7.557283370191553,0.11979089842169328,-0.8587770993665194,1.0329254805413157,0.0207086250507305,0.014967426244891143,734.4046918186068,0.006922911529888709,0.0042153654856820376,1,0.4000000000000003,26
-7.6064346986856455,0.1232113170504354,-0.7223753810219047,1.0364006412446891,0.019469777327206207,0.01507757639843664,734.3130421380921,-0.033224821436163975,0.0052905205052218175,1,0.2000000000000001,26
-0.007589432812246739,0.10749242807006082,-0.3303105753252371,2.281518655991842,0.017540106128081448,0.012848350923636398,136.0927407478914,5.220649205538452,8.570852648608155e-05,0,7.0,27
-0.011517871495166072,0.0933650905253877,-0.047758389317025696,2.4817204189198825,0.01737860593215137,0.012090460726800464,188.07133039562302,5.398469285663052,-0.0003792326051625815,0,6.800000000000001,27
-0.0070782383839865706,0.09890719887068938,-0.11682423888032067,2.4428394823245703,0.015550021751504044,0.01085531192755925,241.55514487931214,5.324150276098003,0.0008019524683653333,0,6.6000000000000005,27
-0.0034067295954128083,0.09722033888604524,-0.4264810442653615,2.4901508195649042,0.01600950313840894,0.010914343000673359,294.2871959025772,5.2300890204061945,0.0006807071550449945,0,6.4,27
-0.0013233892081412119,0.09518591084345561,-0.33859511570056355,2.544715238092216,0.016035937581487934,0.011568606637496818,346.06147161974957,5.1218932931721515,-0.00046762838101182917,0,6.2,27
-0.006805869827647404,0.08907417381360676,0.030562003026496587,2.711522086488115,0.018403372919545795,0.012644996609053447,396.77468097975196,5.021314242531119,2.8234830707937186e-05,0,6.0,27
-0.00036573774139477157,0.09712181332362693,-0.4733208747343296,2.494220031107202,0.017114530575287095,0.012272971041880618,446.4617919878316,4.9208331213020715,-0.0004989479321766134,0,5.800000000000001,27
-0.009722803619528405,0.08769527360460151,-0.7932645976662589,2.1130729247748414,0.018017406424657878,0.012006274443163562,495.20982140292347,4.822537696566639,0.0001886169778018227,0,5.6000000000000005,27
-0.01083017764448964,0.09156341961379225,-0.43975377693010476,2.2171898670957004,0.018699149506583482,0.012912758339377795,542.9457624314696,4.72958797841093,0.0006009362389102946,0,5.4,27
-0.008070032744874736,0.10762728562674986,-0.282578865687908,2.4262116683204678,0.01810513359343007,0.012363619465155089,589.7874389739868,4.638850631710432,0.0006891350364196415,0,5.2,27
0.0009036315580808835,0.11297917285921494,-0.715106791768052,2.3178253511767513,0.016739788512601505,0.011906370506442812,635.7040472276524,4.550100159192186,0.0006564886961542238,0,5.0,27
-0.005461551728592997,0.1135929242779961,-0.49015180731074715,2.3026629623437564,0.017356942575843935,0.011602498468690518,680.7925696562905,4.4624618200733055,0.00039193093041274503,0,4.800000000000001,27
0.004592500030873776,0.12243173868955941,-0.5360134701811163,2.2295471212513633,0.018143232787416395,0.011812969539952915,724.8309902478137,4.362350662204914,0.00038868358027877687,0,4.6000000000000005,27
0.00993810682535575,0.11953896817387483,-0.5528201540695399,2.2771235576356395,0.017348144825708917,0.010971608864661007,768.0318940204478,4.268462639930767,-0.00024898977712089533,0,4.4,27
0.003756800481326796,0.11138114680244988,-0.4267895587540158,2.4510862941953038,0.016687684822161142,0.010172764223695393,810.3792405524703,4.184757967347243,-0.00020534098072756194,0,4.2,27
-0.009236920653045742,0.11251858654307008,-0.2586434807589928,2.4194118838858163,0.017171389164861973,0.010260538044134973,851.8928463271027,4.107509843061216,0.00024682435600049924,0,4.0,27
0.892582392219324,1.826936038855355,0.3070328877248101,2.4743482353865467,0.06504148650948696,0.09751540764955803,892.4970269764007,4.035071190763693,0.07992720137830998,2,3.8000000000000007,27
1.7306025832768943,2.1584597858036325,-1.7919892258457877,1.8148876513642775,0.110944406733992,0.11767940556521223,932.4091933665503,3.9494802423626196,0.11472465742650498,2,3.6000000000000005,27
2.5736407839216238,2.147606585340956,-1.8125491457077942,1.4949257945562942,0.1552687254171886,0.1155924290946278,971.5160909287213,3.8678738854280055,0.11269831610530008,2,3.4000000000000004,27
3.416309561471629,1.754978944261949,0.2194916499026447,1.3020524512366747,0.20487081018878622,0.09573465013730875,1009.8284706207273,3.7927308199479364,0.07217849558538024,2,3.2,27
4.272513130746253,0.18475601330171051,4.337302740802543,1.1669475914533654,0.2532208472612656,0.020659110300525405,1047.375730350398,3.721338340101759,-0.004701616914913112,2,3.0,27
4.22369851080559,0.09598318612394298,0.08393356289943155,1.0523903925908513,0.2516036330223427,0.019448041407778907,1084.1931054976242,3.647469555933814,0.001647200281132627,2,2.8000000000000007,27
4.229947961595859,0.10259317207470874,0.10145420084233026,1.0507985919239353,0.25057264167376014,0.021390672364375415,1120.315422867828,3.573654490547379,0.00043623988193694795,2,2.6000000000000005,27
4.226336930971988,0.10830502556691601,-0.31782231898020497,1.0639469427927042,0.25096369739984586,0.0199798404990529,1155.7104798807682,3.501938810771111,0.00016071636730609625,2,2.4000000000000004,27
4.217543623054743,0.1139444615232238,-0.49857152359465573,1.0661269874801007,0.2468570613968795,0.02061818150853484,1190.3444043042693,3.4276665548760334,-0.0013746499355772582,2,2.2,27
4.215866719901847,0.10951290166534161,-0.19693703781396366,1.066579844785114,0.24537162769993798,0.01975329356228467,1224.3635030736878,3.366717218640832,-0.0004870927894077318,2,2.0,27
4.211076954741471,0.10992645753957196,-0.22285072536749384,1.067789515663756,0.24571172661537083,0.021783162110961533,1257.669759732662,3.29571536313443,0.0007049519592653036,2,1.8000000000000007,27
4.21902137032244,0.10474054138081304,-0.21801362482051578,1.0658128473516375,0.24673658261232012,0.021278520432900662,1290.2747425951618,3.2286548106588375,0.0013782448260114583,2,1.6000000000000003,27
4.21702191370617,0.09344033608367622,-0.3816403917765423,1.0398972566043911,0.2479707610800282,0.022291755360491498,1322.2447531860003,3.165508478589264,0.000856354317092411,2,1.4000000000000004,27
4.2181709128545855,0.08306576504326808,-0.5847984828688353,1.0396665374399052,0.252021384061636,0.022210446017935606,1353.6569120104891,3.100466819099939,-0.0014080618268803554,2,1.2000000000000002,27
4.213990187423853,0.09663043100358179,1.1886424562349562,1.0432417874453022,0.25068761596561645,0.02247666378550113,1384.4008480185494,3.0497347010240787,-0.0008610308069908568,2,1.0,27
4.2058472162895875,0.09192918019612627,1.5789767335264129,1.0452862267883962,0.2485078343999403,0.022056447726397546,1414.5369767724103,2.988595635567157,-0.0008254829148902006,2,0.8000000000000007,27
4.191166650731736,0.09097549838815289,1.3329433993502597,1.0489509714482417,0.24824398837855113,0.02197300861449197,1444.1266724148345,2.9267863402880896,4.858187516085686e-05,2,0.6000000000000005,27
4.186406498326281,0.09802856050408557,0.6137774422832751,1.0501040106680726,0.24788689183760482,0.021466662117314513,1473.1166573678572,2.8659049361290028,0.00017943155441565282,2,0.4000000000000003,27
4.19252356428511,0.10465975687385257,0.2928780742997512,1.0485334212122321,0.24448152497635298,0.01999028352591818,1501.505996448695,2.808664265426378,0.00024329172618141152,2,0.2000000000000001,27
-0.00213299702306267,0.10421354635014823,-0.4356365020202313,2.5863852278769377,0.01585598665009618,0.013363907249333772,136.17930211818276,5.219695791085778,2.8439721818489586e-05,0,7.0,28
0.0008737110538537586,0.11303736265770635,-0.7196797012291931,2.384926156337029,0.013064735699480518,0.010683558728749612,188.16630416072928,5.388190476328905,-0.0008257059703110058,0,6.800000000000001,28
0.009871008133744781,0.09963872610231624,-0.6884495727044389,2.177105219124434,0.01468823052845103,0.01073327990800685,241.58469880690973,5.3179141832985,-0.000118315615637779,0,6.6000000000000005,28
0.00783723844899096,0.09805977588992827,-0.38034125670443686,2.2160000399822315,0.013277044407409058,0.009737316479001092,294.20341948448413,5.2200138877113424,-0.0008237592959912686,0,6.4,28
0.008666147213290985,0.09688895680341267,-0.08722407190963821,2.240947470781054,0.012046888290757157,0.008902428707445793,346.0226343530068,5.128091434171905,-0.000337425697829647,0,6.2,28
0.005312386442111418,0.10010054911732337,-0.21615891094009898,2.174762366696815,0.012702604842201239,0.01014826428974228,396.77281437212514,5.03038400577884,-0.0006407379066135091,0,6.0,28
0.004188583011778375,0.09492214306046727,-0.2146929359390004,2.2944198548748758,0.014152925935674236,0.011217561995662557,446.5651832888551,4.932678212423581,3.108252064961614e-05,0,5.800000000000001,28
-0.009324783944484997,0.09522796746682252,-0.843407047645607,2.2655745068692967,0.014008690088768531,0.01127473209612011,495.376261697628,4.833391874500758,0.0005997942489648043,0,5.6000000000000005,28
-0.0065346494959476675,0.09168245046358404,-0.9369782676959932,2.089355111092859,0.013727886623308318,0.011063185491829913,543.2008788011352,4.721932290619009,-0.00028213038850680313,0,5.4,28
-0.0033191317111913297,0.08889258085067307,-0.9612268025744197,2.150764911263771,0.01480443629806576,0.011437019630649477,589.9934208730882,4.633464606670778,-0.00016741897428346525,0,5.2,28
0.0045423188434757815,0.0800890647685978,-0.6841638671822659,2.1512350449777466,0.013173355956600758,0.01096725001245823,635.8978844134164,4.540472109352376,-0.0007782735419611408,0,5.0,28
-0.001445637372053915,0.08931740867002232,-0.7682527838509356,2.317087832513695,0.013523362981414202,0.009989939715562146,680.8652598134447,4.453636081037288,0.0004339111618070422,0,4.800000000000001,28
-0.002902113414358736,0.08874443037449432,-0.2207479740217173,2.560414310217808,0.012194927857949355,0.009787661768382838,724.9058239315274,4.365859527018225,0.0008474788416384086,0,4.6000000000000005,28
0.0037040464242440035,0.09338583608097965,-0.039278222708478694,2.432533654053242,0.01499980333670166,0.01125976624673031,768.1215388175121,4.2719460135423555,0.00022561877524423135,0,4.4,28
0.010183474893463749,0.09211108548021339,0.035936408316770585,2.4529276261687527,0.014173795410466851,0.010870291268799879,810.3898480285181,4.18217115398934,0.0002377100452240073,0,4.2,28
0.01612442377675133,0.09971757605948417,-0.5005387150582092,2.2500840887007145,0.01429982373249315,0.010104090927699358,851.8772016302557,4.104452772883679,-0.0005765000218100561,0,4.0,28
-2.1409468324666285,4.3892849149398225,0.311297988989061,2.479864701425792,0.013715540174456708,0.010473849804070177,892.5540470681537,4.029795575338412,0.03527401525434463,3,3.8000000000000007,28
-4.158573584468609,5.205242628834697,-1.800112565668513,1.8141096837312314,0.015566206751714459,0.010816067085874527,932.4572209573021,3.9532436809244196,0.06536156236167334,3,3.6000000000000005,28
-6.173908808006837,5.143110868954776,-1.8199681590794545,1.5010868238245527,0.0124666139023343,0.008801591373219198,971.5394330457151,3.8729417054757462,0.07251729135140461,3,3.4000000000000004,28
-8.19258268902558,4.177527957303439,0.21365811007181357,1.3089407446689942,0.011719589260483687,0.010509170735494119,1009.8684632300714,3.7874781146728793,0.05603824540439795,3,3.2,28
-10.210004214813255,0.40001668993936973,9.16115936967734,1.175650290350032,,,1047.410185866981,3.7125761894613847,-0.016033837048003263,3,3.0,28
-10.056075831066849,0.02608551644366144,9.161159369677227,1.0116848634295907,,,1084.207534160721,3.6444125170851644,-0.0010455836731062776,3,2.8000000000000007,28
-10.046037996430572,0.001701064443675258,9.161159369670516,1.0007629474892876,,,1120.2736133880883,3.576571943487668,-6.818363029351476e-05,3,2.6000000000000005,28
-10.045383418491577,0.00011092823282964359,9.161159369662249,1.000049756721417,,,1155.6655728628748,3.507812312290259,-4.446327500632274e-06,3,2.4000000000000004,28
-10.045340732763655,7.233748777059018e-06,9.161159367782671,1.000003244706483,,,1190.389462765822,3.4357753287836137,-2.899497746245411e-07,3,2.2,28
-10.045337949181654,4.717204991511294e-07,9.161159383279358,1.0000002115908564,,,1224.4009554421684,3.366790026209251,-1.8907935180551973e-08,3,2.0,28
-10.045337767661293,3.076139868614741e-08,9.161159567029248,1.0000000137980667,,,1257.725223108958,3.3005594244862815,-1.2330067476203536e-09,3,1.8000000000000007,28
-10.045337755824157,2.005984188087818e-09,9.161149852991509,1.000000000899787,,,1290.360269931891,3.2312147857763303,-8.040561425782766e-11,3,1.6000000000000003,28
-10.045337755052245,1.3081250842010734e-10,9.161066884281773,1.000000000058676,,,1322.4010341892981,3.1700541417382917,-5.243328066291538e-12,3,1.4000000000000004,28
-10.045337755001906,8.529798973377868e-12,9.165344191578333,1.0000000000038265,,,1353.7752775823583,3.10747013565527,-3.418391802663417e-13,3,1.2000000000000002,28
-10.045337754998625,5.553742494412885e-13,9.20118802982757,1.0000000000002494,,,1384.5191199481562,3.0454768816555364,-2.2074108012021164e-14,3,1.0,28
-10.045337754998414,3.468795711041879e-14,9.430626081216776,1.000000000000016,,,1414.6864601682944,2.9872166554972313,-1.2625910360867919e-15,3,0.8000000000000007,28
-10.0453377549984,1.4796930398031855e-15,,1.0000000000000009,,,1444.1970848331555,2.9171042972889403,-6.532223435505509e-17,3,0.6000000000000005,28
-10.0453377549984,0.0,,1.0,,,1473.0898570059474,2.8587369262651423,6.139906278461508e-17,3,0.4000000000000003,28
-10.0453377549984,0.0,,1.0,,,1501.4559997136703,2.805269820951565,6.139906278461508e-17,3,0.2000000000000001,28
0.004501030221889703,0.09116182301076219,0.17653580270998237,2.9362851209491088,0.014445088047477057,0.011978570259801482,136.11565120491937,5.220564557614136,-0.0003809698100654371,0,7.0,29
0.000875198361264008,0.09642664755229437,-0.05259058755980428,2.7792998175253616,0.014420415130742015,0.01163899817549945,188.05478412781315,5.404004990594776,-3.1305214902009003e-06,0,6.800000000000001,29
0.00047525563588241503,0.09757571853182576,-0.09552342754783893,2.7466524252381057,0.014838799355943504,0.010079039757309984,241.53947594866034,5.329560093694236,1.4126197161151337e-05,0,6.6000000000000005,29
-0.023972708278964763,0.10118577074693128,-0.5122494033087248,2.351478505625827,0.01463908662849871,0.010455633506573636,294.31890350096796,5.227354299639072,0.0011724384216884223,0,6.4,29
-0.01145058084194712,0.10631535294927577,-0.5594617849832568,2.287722349231667,0.01597004259533593,0.010678835926816267,346.0937373917904,5.114354647824525,0.0008908732264709343,0,6.2,29
-0.006206496049169167,0.12218038150313797,-0.43971336453301957,2.465204672039934,0.016127509845416606,0.01103102628248908,396.76125316747283,5.021242941006606,0.00045983807273197887,0,6.0,29
-0.007262030927875709,0.12080501957497446,-0.37728762796319515,2.491961093628252,0.01598197431247346,0.01127310873641563,446.4590284419487,4.921584966140531,0.0002175669602141492,0,5.800000000000001,29
-0.004972819866476099,0.12331599914059554,-0.46418897642146595,2.443689488205128,0.01688095446200963,0.011692396790803876,495.19722679088295,4.820700783222101,-0.0005523132464251883,0,5.6000000000000005,29
0.007296968413325372,0.11202136594371216,-0.47322515864430637,2.6864976068616224,0.017008603007397413,0.01110084569756124,543.0055487030247,4.733590301859603,-0.0002153247531083592,0,5.4,29
0.006976975437385849,0.10895545840549062,-0.2904269130802293,2.762293323379257,0.015902755688847085,0.010898464392672523,589.8313818489676,4.636468484003674,-0.0009208378170120476,0,5.2,29
-0.008571849329233279,0.10164043628121429,-0.8419756632339879,2.097649617417015,0.01651335650325503,0.011078137817232717,635.637309231051,4.538618893381027,3.980469598868326e-06,0,5.0,29
0.0015819021789151594,0.10862136017428753,-0.5835448724728489,2.427610222692734,0.01548890983551118,0.01157077783174239,680.6216863594491,4.448667526338811,0.0005914717600450697,0,4.800000000000001,29
-0.0008948196578306577,0.11258501445101672,-0.2861119510682446,2.4871481872603884,0.014207507553382771,0.011691899225069687,724.6944291258764,4.358261399940813,0.0009625860369910186,0,4.6000000000000005,29
-0.004155626109938387,0.11479594342957071,-0.14270862353070823,2.4376959243277514,0.01427036459045814,0.011864949009621083,767.8309345546692,4.280240440146026,0.0005842177461085746,0,4.4,29
-0.004403955964421478,0.12343001612162523,-0.3191944024263744,2.2672194754464785,0.014599515549541664,0.011062990533058934,810.1516967941357,4.196357400943876,0.00017559955056792106,0,4.2,29
0.009532006143522828,0.11890942954405552,-0.16756355765206532,2.3472575705994263,0.014945703967149573,0.011166547068483138,851.7470241932904,4.110933203884612,-0.0004956992777458357,0,4.0,29
0.008734078394083824,0.1152886780266391,-0.1613904503383452,2.421818450394579,0.01607345228216163,0.010513212622131294,892.4117140644807,4.028389046203165,-0.000181894189468381,4,3.8000000000000007,29
0.019714497297267625,0.1058028635130973,-0.03672732761853892,2.575291699967846,0.016398722677008735,0.010096408864270719,932.3085917100233,3.9484196271214067,-0.0006308782412373753,4,3.6000000000000005,29
0.024788942132589958,0.10120319054956578,-0.14791385424022652,2.6594186813697283,0.016498448312840957,0.010448965343829482,971.4308354109266,3.872728658119963,-0.001062934391902682,4,3.4000000000000004,29
0.019269578328971967,0.09653589089994702,-0.5777750274795266,2.0808109345926415,0.01687275471022888,0.010571241986106678,1009.7407081222239,3.7880605855945673,-3.197649013318899e-05,4,3.2,29
0.012577742703081962,0.09367903870609695,-0.692700935994349,2.1675784962344395,0.01626280096809534,0.010980279698357678,1047.3080006670575,3.720859264026073,-0.0005980454329256049,4,3.0,29
0.007200462425127431,0.08905008138771368,-0.8298407998888853,2.0005915933797476,0.016311552447578776,0.012504871506588888,1084.1663331985362,3.6482003928933504,5.209176312942622e-06,4,2.8000000000000007,29
-0.007263253055042891,0.09282627406887434,-0.9315770750997578,1.9799324613470437,0.015298095505958198,0.012290888046453414,1120.267916633412,3.5758459515839576,5.25529697899509e-05,4,2.6000000000000005,29
-0.0028615176287217618,0.09093802592488892,-0.9077183994083824,2.0263238540764887,0.015654265903221453,0.012325284648817493,1155.685481824832,3.5116778894287353,-0.00017760457462737925,4,2.4000000000000004,29
-0.004887618636064595,0.08727617594296166,-0.7158820785486779,2.1109100336494726,0.015314274359804632,0.01194254137809199,1190.42773242166,3.436868358083093,0.00039135291756806415,4,2.2,29
-0.012643199369588092,0.10055123518182509,-0.3033292821312945,2.722993690617611,0.01572407230574166,0.011738328579870037,1224.4279705431682,3.3694171370289987,0.0004970384227944121,4,2.0,29
-0.005686438545656393,0.09831929426826774,0.014044561946183975,2.802403216820519,0.01385658790125886,0.010309563987648485,1257.7448751000456,3.298779258676418,-0.0001734450824730487,4,1.8000000000000007,29
-0.001190342443072441,0.09180094679339529,0.5709493168797373,3.0062486239544284,0.01472785925277833,0.011061407351383083,1290.382470042817,3.2270430400042356,-0.0005393362360021397,4,1.6000000000000003,29
-0.005545830939822483,0.09500854916136282,0.21389987975944402,2.899966283194947,0.015912187061423708,0.01109352382990259,1322.4276949300995,3.175380872900588,-0.0005664945772972035,4,1.4000000000000004,29
-0.013209917238216623,0.0938694206608808,0.1947290115145126,2.9109904572734666,0.015610459979799459,0.012478828166040469,1353.7467825254605,3.1034765404644533,-0.0006520117289513075,4,1.2000000000000002,29
-0.011722303864362536,0.09008953145072315,-0.57313022563461,2.1566375068855543,0.016338986020675694,0.013223163349498555,1384.4367905115453,3.0392017112708385,0.0010483242473733904,4,1.0,29
-0.016050982219329546,0.08939388616788227,-0.8097831999380967,2.1569224999612575,0.018108307752991576,0.013272680581454628,1414.6206112251423,2.9856006329886133,0.0006250294106003356,4,0.8000000000000007,29
-0.02936201791841941,0.09621281809273682,-0.9265183982239567,2.029904787564211,0.01789729326500389,0.012920653324607484,1444.17415483926,2.9203729951859887,-2.335408669417515e-05,4,0.6000000000000005,29
-0.028749696249568427,0.09445805726015252,-0.6911862358947283,2.0680922641765256,0.016158689550021137,0.01371423194835783,1472.9852482829945,2.8657739761718353,-0.00028482391557068277,4,0.4000000000000003,29
-0.007321944622259305,0.1127465838107127,0.9212692420783863,3.305121599905743,0.015744556475485148,0.01315086772480388,1501.399761877484,2.8066806067427863,0.00015704402844030318,4,0.2000000000000001,29
-0.018155988563423382,0.11320589393630237,-0.6103213573727846,2.5457566508559935,0.0184764558457295,0.012335917588987829,136.10353205176645,5.2256686995516,-0.00030506241288391346,0,7.0,30
-0.03135965636211111,0.11332213213474321,-0.9228386256538048,2.481184238529933,0.019052214225853507,0.013273015592190924,188.05539887345753,5.408268374660857,-0.001316432995550356,0,6.800000000000001,30
-0.019611404068075017,0.09611441748403916,-0.9939187077255935,2.1655094720090533,0.018092503898493265,0.012472076148705706,241.57148496536502,5.3317015610464695,8.036863535537892e-05,0,6.6000000000000005,30
-0.013792447936829827,0.09920156655936871,-0.9867489026087313,2.121402169415373,0.016717809032968985,0.011720868287764568,294.3469051221379,5.221249726319587,-0.0006682077107278266,0,6.4,30
-0.006777567596663523,0.09642097999161543,-0.7735663416962288,2.198464774606909,0.017059810042054976,0.01207484153712696,346.11293454459735,5.116474779472541,0.0003044205037937887,0,6.2,30
-0.008209949704641093,0.09507780407084727,-0.7723406134406718,1.9466043734039131,0.015491795239418344,0.012228220888440552,396.74020588358115,5.018433474608162,-0.00022594488647939535,0,6.0,30
-0.013799156578565308,0.08924398915272225,-0.508971763616644,2.056789273847703,0.01428541913874934,0.010625756514070734,446.4398794384959,4.9206089378897815,-0.0003371622709169487,0,5.800000000000001,30
-0.009276077080091401,0.0886049217815546,-0.5363378405102779,2.085114243684105,0.01374055940306027,0.010575554606475041,495.1844911726219,4.825126504871198,-0.00042026270488810093,0,5.6000000000000005,30
-0.019528581568729733,0.08855302808230701,0.07421261936199297,2.5355140055108083,0.012778130138474779,0.009261463833656227,543.0026082616401,4.73140594060959,-0.00046688113446232137,0,5.4,30
-0.021889307289571027,0.09038009707116083,0.2540071479136006,2.4722415442478156,0.015308716262568538,0.012851568801199593,589.8302637011464,4.641314633491278,0.0004173563625105317,0,5.2,30
-0.028879282727813448,0.09614040074081413,-0.2177216320551607,2.3101376320171547,0.01678685623707203,0.012879267192243759,635.74843344154,4.544420174201876,0.0008212532265178583,0,5.0,30
-0.021933158824654627,0.09470260323419359,-0.03522856025299248,2.3863627376694403,0.016756181612516324,0.013397645148259718,680.7127333862404,4.448963937236749,-0.00010398937961093227,0,4.800000000000001,30
-0.015965778923072552,0.09183226327156532,0.20279549979531097,2.4893047707181952,0.017253607222883483,0.01351215219577587,724.7087337759613,4.350855404316999,-0.0004435180826729553,0,4.6000000000000005,30
-0.024589260276107184,0.0915462400768295,-0.32569358700287276,2.446832998738199,0.01854696617345603,0.013123711121018771,767.8960164429652,4.271333017858388,-0.00041031409372612636,0,4.4,30
-0.01825107164954758,0.10066732415745148,0.24836257583062782,2.649757579504258,0.01654727461903006,0.01135991322194513,810.2141189711602,4.191968522102058,0.0009892333655615536,0,4.2,30
-0.025938900104103758,0.10164998481621618,0.6508279231383782,2.5833421592655643,0.01687661249580998,0.011117173959226956,851.691884363934,4.110958822387855,0.001743071896330306,0,4.0,30
-0.03128587863515963,0.10885596140247077,0.16872681104263254,2.3924007107440644,0.01837227165594811,0.011341269729987283,892.4213916901128,4.034426545079473,0.000754663622082638,0,3.8000000000000007,30
-0.03363271494398531,0.11539714024251259,-0.1445992107936993,2.254306939152086,0.01878209814847077,0.012368536532831034,932.3943403502616,3.9488364902198407,-0.00015726503455660816,0,3.6000000000000005,30
-0.022489017366378716,0.11757652486326833,-0.15696040548103474,2.2645353955245033,0.017529375595702845,0.013878841121924754,971.527111168873,3.8769789082218207,-0.0010277907396641446,0,3.4000000000000004,30
-0.024205706373354147,0.10682844950496034,-0.15352754589690454,2.3467530595533046,0.01634605209292463,0.012906633339586585,1009.8371588932295,3.7954687864658365,-0.000597524735457594,0,3.2,30
-0.011071796212895882,0.10147921226989368,-0.3294113343689369,2.232094434449758,0.017452678378011476,0.013943639969482828,1047.4809025411935,3.7189210440712204,-0.0003789380987441591,0,3.0,30
0.0012658316262689389,0.09847824103118388,-0.4427578059842978,2.2452839253340002,0.01724128210961348,0.013899175556635082,1084.3119686342018,3.645579971694793,-0.000364911188613326,0,2.8000000000000007,30
0.0007772166507629721,0.10329300419152086,-0.12254831045382586,2.5066236173940557,0.016942849379012834,0.013450849837660117,1120.428916267603,3.572451623869849,0.00046043874339705846,0,2.6000000000000005,30
0.0009332120793460088,0.10834389871756209,-0.3125441699102067,2.389745665670223,0.01820662819472796,0.013617486604501664,1155.7835591569014,3.5048650737767293,0.0004967219935376692,0,2.4000000000000004,30
0.005617488947500384,0.10243992834040858,0.08218154907370323,2.523701745693314,0.019068749234016504,0.0138934590704006,1190.5100230926366,3.430260910820299,-0.0003656706018692333,0,2.2,30
0.01047312902219747,0.10716430646450179,0.634116343035819,2.8887842152262553,0.017047377408667845,0.013622422635659725,1224.4929381492861,3.3654649954136175,-0.00036907233553823074,0,2.0,30
0.0025646314627585233,0.10880446604042726,0.5816563651361024,2.858258716826766,0.016666802626337827,0.013148341641147369,1257.7875545173042,3.2959261006649547,-0.0007463322443900514,0,1.8000000000000007,30
-0.0007349026921375701,0.10338610085305934,0.71065975458388,3.008832275623405,0.016307194575349016,0.012509121979889045,1290.3865134027674,3.2264967921715098,-2.723923690481616e-05,0,1.6000000000000003,30
0.001373494008448619,0.09666163225099082,0.8521643204757519,3.217899481273129,0.01483280893439323,0.010754464165440715,1322.3705722324892,3.1620815751057325,0.0005418722235718652,0,1.4000000000000004,30
-0.003805990479546501,0.10366931787902119,0.23504894438005586,2.9986283667534397,0.015061359529679557,0.01166836271457065,1353.746957384114,3.1045175764369977,0.0001456483426415318,0,1.2000000000000002,30
-0.00689749751242549,0.10927511506020691,-0.724018077269915,2.19101575696894,0.015774996877022537,0.010659277984060547,1384.4486177173874,3.0443917186080407,0.000939210378026389,0,1.0,30
-0.0008551866849136891,0.10602987145513655,-0.7024580268161502,2.262586273549092,0.01544222971195964,0.01109934259177455,1414.6027216490163,2.9872706688817035,0.0002261487801390025,0,0.8000000000000007,30
0.0015201247832728909,0.10007058044534432,-0.6662956611230246,2.3971226426202468,0.014999907645703026,0.011407445189832967,1444.1736315446335,2.9234599193431943,-0.00035953983349578647,0,0.6000000000000005,30
0.00282373532274813,0.10265996635659526,-0.6482104847268872,2.3360337085127774,0.015153926179670804,0.011461693184436215,1473.1538697114368,2.8655689497693593,-0.00035394252781117584,0,0.4000000000000003,30
0.008860246875749867,0.09668594591534707,-0.3895260588770708,2.4707659157531037,0.014885426595943834,0.010496327804398823,1501.4857294266972,2.8072552570729696,-0.0005397995453556122,0,0.2000000000000001,30
-0.007594263872263376,0.09119443721320107,-0.06974634607660812,2.6316756948637643,0.018464111913863608,0.01493732202392224,136.20630848365693,5.217104478612889,0.00018290230612687163,0,7.0,31
-0.05646359561281347,0.17528496539731575,3.591021669017949,3.588781007117115,0.018520731931282147,0.015247510461391391,188.27291545600346,5.408424405157076,0.004379054046312715,1,6.800000000000001,31
-0.2630882844573417,0.45034170936090184,0.4607262741598017,2.723428423148473,0.019875781711584484,0.01687184194672909,241.6108820516048,5.3089351322003955,0.021555265255969392,1,6.6000000000000005,31
-0.6375722093920672,0.7567119679863774,-0.9319187038331238,2.2851923841848523,0.022041200730872658,0.018181279979581612,292.90731338537444,5.069695350276548,0.04365220970821633,1,6.4,31
-1.1274036626523374,0.9657854306784647,-1.4320926166498087,1.8404773721446444,0.02017582061198187,0.017664203764373474,341.04226506223466,4.690278867435695,0.06012618900540871,1,6.2,31
-1.7302723684248267,1.0071183784578592,-1.207234021335182,1.6400277437377497,0.020964795178109535,0.01802428174832098,385.42923880600375,4.203742877022386,0.06507430753237907,1,6.0,31
-2.3685364574650984,0.8822017931041595,-1.0355244621762358,1.4440938617120158,0.019582332936845522,0.017649847920833475,425.31096608777875,3.71944806840974,0.05696183978153984,1,5.800000000000001,31
-2.9302018406617054,0.7461542179468018,-1.0448265158005199,1.3520093453101165,0.017399249674076175,0.014355930255134108,460.5756917791129,3.2957352106291355,0.04819321596192065,1,5.6000000000000005,31
-3.4065434941534782,0.6552783951270731,-1.1301926758652643,1.2584908249886968,0.015744092381421524,0.011166642292708126,491.93629061538485,2.939899252710844,0.04224659962373965,1,5.4,31
-3.8361246951084316,0.5917612617436256,-1.091062621290608,1.252373393368213,0.016707021108291416,0.011236464374474408,519.9791479989682,2.63168083857759,0.03811744894564666,1,5.2,31
-4.21297596444806,0.5348042239121545,-1.0490939166865687,1.2225708560099953,0.01602535452751214,0.009916943578894142,545.054744975436,2.361049859768542,0.03418753252790716,1,5.0,31
-4.5377010573461884,0.4700801709822814,-0.8813752397024932,1.1592973930825805,0.016699519290273735,0.01062933382384758,567.5423074166188,2.1263355893473763,0.029736420979742197,1,4.800000000000001,31
-4.826849686280035,0.3988539323517694,-1.1524839937482483,1.128667233882866,0.018065494369324142,0.011369333628141267,587.8358025328693,1.9114830677182755,0.02505816821779935,1,4.6000000000000005,31
-5.087099329035174,0.35481059422671557,-0.769920835456817,1.1565402413655943,0.018767085282888923,0.011333826570958674,606.0372515913658,1.716173991103589,0.022085646611811487,1,4.4,31
-5.321420537902326,0.34682488496141345,-0.7018792676833896,1.1119787283778728,0.01862326214697539,0.011940110954310431,622.3306628203018,1.537362339378109,0.021562695151743874,1,4.2,31
-5.526783454161984,0.3213855585707091,-1.21731203896283,1.101384851587965,0.01942504365514836,0.011595536008964529,636.9715173423389,1.3754673169322154,0.020123598780353025,1,4.0,31
-5.72837080163581,0.3014665711213673,-0.9364221690889498,1.0943784434084614,0.019671286640960836,0.01178403204402043,650.0616310472254,1.2272519761196152,0.018717554003890823,1,3.8000000000000007,31
-5.921461740728985,0.28034636333511076,-0.7128883715031251,1.093402314908675,0.018301971988218656,0.012404960048853712,661.8327872003096,1.1077245188789473,0.017327483069376086,1,3.6000000000000005,31
-6.091308423466772,0.24879661986136323,-0.9901759053630559,1.0817299591813094,0.017929561984399545,0.012823429937922357,672.3705341924021,0.9966196166808998,0.015256750068780217,1,3.4000000000000004,31
-6.245215706666959,0.24971553224888005,-0.8234296479354493,1.0807959676182937,0.017430111067327784,0.012753307133782362,681.7961543685431,0.8898440107762721,0.015021421224414832,1,3.2,31
-6.383154878321533,0.217927550769898,-0.6826437392154925,1.0670473325807937,0.016566360576819806,0.012367667424322888,690.2056732306796,0.791501738210896,0.012419470150921999,1,3.0,31
-6.514866448651676,0.20178733163626209,-1.0753218952279011,1.0473430572240585,0.016373912941808174,0.012693722108969546,697.7268781071651,0.6985306338589964,0.011439452552815024,1,2.8000000000000007,31
-6.6362959311990775,0.20286062901116575,-0.9017740708496311,1.0637359009375016,0.016257510102109195,0.011184204230064956,704.3168512093088,0.6187955280946102,0.01160450859369721,1,2.6000000000000005,31
-6.750463515177878,0.19015759122554954,-0.5928998260587006,1.0522097175118348,0.015697257269493524,0.011452774217646415,710.1281076928001,0.5445979170547341,0.010609838002843739,1,2.4000000000000004,31
-6.854428143707699,0.1949480589507255,0.05719842031029376,1.0682936263955214,0.01643562542570482,0.011186444859197705,715.2278675644837,0.4730155542620986,0.011167129570383865,1,2.2,31
-6.956198465248958,0.15589084787896762,-0.7676857197491671,1.0528224119665393,0.01752469434338277,0.011479155685746568,719.5880118688406,0.39997415932262587,0.008578962171391378,1,2.0,31
-7.039852253002661,0.15127001676013782,0.21419746232475978,1.0573575273293847,0.017870035272842096,0.010701584555476781,723.266433599382,0.333135966226558,0.006981120205704906,1,1.8000000000000007,31
-7.122250215253522,0.1576422763104984,-0.5314668371616209,1.0452192955385298,0.01677060395462769,0.010932326392149418,726.33667628089,0.27338802687441244,0.007413984051264107,1,1.6000000000000003,31
-7.1958416345377705,0.1487680505670115,-0.8517520038703879,1.0398843588059883,0.017042981732663786,0.010331632930109481,728.8620210211755,0.22377976510429573,0.0066692158109541,1,1.4000000000000004,31
-7.268099155494463,0.15595294407319998,-0.9373129070268029,1.044676639166165,0.015462721255592164,0.010284951064297724,730.8199133414674,0.17616390566004134,0.007239088987269191,1,1.2000000000000002,31
-7.346409982940237,0.15914425951261005,-0.5790457395068946,1.0387043841170889,0.01414530843681181,0.011321831219327188,732.3113318253713,0.1280835312424072,0.007030566537850967,1,1.0,31
-7.431366048712241,0.1515037481565066,-0.5897003554064706,1.0423656779469568,0.01405052979660594,0.011491345509747787,733.3831059391596,0.08309099230640629,0.007364467990122738,1,0.8000000000000007,31
-7.492680271264129,0.14309205520411666,-0.5673973875407317,1.0344619863588034,0.01474174142653096,0.012115550292135329,734.0621968012247,0.04398358500625532,0.006487355123988276,1,0.6000000000000005,31
-7.557452087187167,0.13120293443142148,0.4646137024449808,1.0353759998325978,0.014999557796996061,0.012105688061992985,734.3071208028574,0.010665186111486216,0.005013424758188453,1,0.4000000000000003,31
-7.613831961980551,0.12347895197514017,0.6442842367714765,1.0473362121397913,0.01589759925392313,0.012083520691487416,734.2238909729908,-0.023274941510837473,0.004681745815029168,1,0.2000000000000001,31
-0.008705755411337434,0.1003484648349093,-0.5088014411741377,2.2485877726883947,0.01404708696080938,0.0110492280121392,136.11574775294918,5.221554879350075,-0.0004200696485830563,0,7.0,32
-0.010917472979586541,0.09932635811506607,-0.5496265352880436,2.266505605770635,0.01453196410018597,0.00962407510880367,188.10283185261275,5.395335743891405,0.00012268863527066,0,6.800000000000001,32
-0.007118281037124732,0.10171478141390455,-0.5864304829714211,2.2213415701552335,0.014087556335631746,0.010380711533139787,241.58230340185196,5.318573083872843,0.0008232450652429679,0,6.6000000000000005,32
-0.009427663392438095,0.09939274862157865,-0.5568770898238609,2.268520761476324,0.013052536563951911,0.010086005158291271,294.28684378653446,5.2258677906493185,0.0005440018786875061,0,6.4,32
0.001484440659994629,0.09761148285554912,-0.44908105529387,2.3202231923470995,0.014221402152314332,0.009485714243710301,346.0903510037951,5.129493913326124,-0.0002913898410884942,0,6.2,32
0.01012791753085316,0.09221529387064446,-0.6667656579001946,2.2118513703088514,0.015223345705624976,0.010791991742724568,396.8242262207634,5.024366821591294,-0.0008035169483549684,0,6.0,32
0.01000785718110594,0.09808147638228613,0.021609033299255564,2.6059350185800803,0.01530540078392013,0.012379973150336747,446.52491815695544,4.921337029782707,0.00012881799424284478,0,5.800000000000001,32
0.006069577025605662,0.09240242860788207,0.5076805383311616,2.7746487766217522,0.01520488952356363,0.011852695179207706,495.2546115403668,4.817297891377615,0.00015308520902812916,0,5.6000000000000005,32
-0.0020237025564360527,0.09656249930890418,0.4038867885665165,2.6603547500040334,0.017094909446533198,0.013249161382701205,543.0212133858763,4.7220439565448,0.00014996229778004437,0,5.4,32
-0.010184156058508946,0.10913298523551121,0.2153614385984688,2.5476155390659336,0.01701035931923167,0.01370733497606186,589.7513571862823,4.63154717373848,0.0005189510369401471,0,5.2,32
-0.011110702877738032,0.11256055166521582,0.09471622545626213,2.4687465953876373,0.016941066142847506,0.012730203125262851,635.6684172263859,4.545425245520178,-6.8153478426973e-05,0,5.0,32
-0.006165942976253906,0.10277178857285008,0.25798329109747264,2.7123201714969416,0.017053330071828937,0.011437183026860843,680.728923372614,4.459550686773723,0.0003327380176450688,0,4.800000000000001,32
-0.0015447075244434075,0.10420525421282165,-0.09509326707984389,2.67961681698137,0.016563382349254353,0.011340907848882505,724.8233356626869,4.36489731098818,-0.00036890935243149317,0,4.6000000000000005,32
0.004512484412541751,0.10049274343061232,-0.1929327542067707,2.776067213019404,0.01575089108308294,0.010197203791707807,768.0089553851394,4.277128541066875,-0.0007680841613839642,0,4.4,32
0.010867051906015874,0.09700474084707494,-0.6635270578499632,2.052014602566173,0.01481397474029233,0.009879549858629462,810.4531310886358,4.191456419152834,0.0005784053317898943,0,4.2,32
0.0006184883933455837,0.10161015901017631,-0.7404394087956021,2.0218967974868827,0.014101971162234949,0.010452708114788717,851.9167374338243,4.103891800944391,0.0008770173103852665,0,4.0,32
0.9026793677820046,1.8230683778792796,0.30700811176591536,2.4994004287291376,0.05996936609246017,0.09433112733191018,892.5493115083607,4.029200916738671,0.08066365633845955,2,3.8000000000000007,32
1.7510188871745198,2.1717963340827366,-1.7995327416653146,1.818936137708674,0.108164992120026,0.1173748997723753,932.4505760618313,3.9468044562499083,0.11602251911258822,2,3.6000000000000005,32
2.596845564627241,2.135027909781958,-1.8119417813025052,1.5063238678909656,0.15414344511101863,0.11727765119643771,971.5908497279717,3.867683390989397,0.11201386335976675,2,3.4000000000000004,32
3.4255031036836767,1.7411300080009997,0.2222858743054248,1.3152375972026773,0.20096083590632405,0.09598156480091805,1009.8405866228582,3.7949415303319625,0.07116315250871287,2,3.2,32
4.258000823448518,0.1825737193229648,6.147719236755723,1.1834222287024203,0.2466392460775737,0.01837538191380257,1047.420427969388,3.716948290350222,-0.007525456120709595,2,3.0,32
4.193797449885173,0.07980076058045014,-0.0064387605594493635,1.0494189210287586,0.24763619167627443,0.01794487854408832,1084.2904093457373,3.6485002270374656,-0.00175638619251825,2,2.8000000000000007,32
4.175838392358419,0.07985606733507988,0.7067519987302284,1.0539302917211242,0.24693587949209767,0.01826830416756623,1120.4278471386278,3.5788532314010015,-0.0006646517660384305,2,2.6000000000000005,32
4.173113745282738,0.08574389155139897,0.11850417640805189,1.0383120648267856,0.2485401084804415,0.01931720269441813,1155.7401768984105,3.503522283089577,-4.739148660306663e-05,2,2.4000000000000004,32
4.171044303941415,0.08754329893367165,-0.09406670238292891,1.0388178853357808,0.24792743703931044,0.018987131962094114,1190.449329290784,3.4325186703247557,0.00012512691387075065,2,2.2,32
4.18975208069846,0.1065760463753477,-0.029424603576007513,1.058190397711797,0.2493989507166963,0.01839836767309013,1224.4293965452466,3.3580001780673747,0.0014337717001909466,2,2.0,32
4.191428034855598,0.11508590852498812,-0.4130704637084488,1.0577119335550325,0.24992873221266787,0.017691244361695332,1257.764459276077,3.30267962315075,0.001117980625045589,2,1.8000000000000007,32
4.1934895413421795,0.12242375157692512,-0.659564291775427,1.0590133661148269,0.24952634611867755,0.017828094847409003,1290.3595957445882,3.238608375066048,-0.00012957102253673616,2,1.6000000000000003,32
4.196947729073355,0.12374451407396335,-0.8693986803946325,1.0581319286601645,0.2486418917422658,0.01647952405484341,1322.3974529437858,3.1674719627935093,4.6545750252701425e-05,2,1.4000000000000004,32
4.202853653464178,0.12215817312441098,-0.8995420729753945,1.05665771039876,0.2523812025272049,0.01773453054237285,1353.7122818185758,3.0993716604497394,-0.0005883717983594794,2,1.2000000000000002,32
4.194126912188224,0.10833982207541877,-0.5401156013980017,1.0589483583002972,0.25209832974418767,0.018706652581969897,1384.4645327915755,3.0327927642213632,0.0006815625655785567,2,1.0,32
4.1937846093389535,0.10248586389248505,-0.4122656936637594,1.0590711267031894,0.2507632452171684,0.020042288485800436,1414.4906926592002,2.9788425623036847,0.0004033707875880716,2,0.8000000000000007,32
4.20840796714866,0.09578808597403804,-0.5039453510544911,1.050103407192311,0.2506322806695522,0.020920330952048802,1444.058259907214,2.923986758425627,0.0007803158802052426,2,0.6000000000000005,32
4.205251935070912,0.08101696924327795,0.11002242759446901,1.040192578106046,0.2520284538646539,0.02098656753204108,1473.0150705003514,2.8695956628446724,-0.00014023041292195626,2,0.4000000000000003,32
4.203808298376557,0.08612090417192446,-0.13446028127381826,1.040525059867423,0.25056897123324984,0.02191304510654047,1501.4759322830619,2.8152918629938943,-0.0005653737882233767,2,0.2000000000000001,32
-0.0009731307188281335,0.09020827875492264,0.7836734568776711,2.9457437411907614,0.015132444096818904,0.010661937667104576,136.04249070709588,5.224796441141926,0.00116964282971794,0,7.0,33
0.0013830461561258611,0.09717385721055956,0.4147790228311936,2.7344678493393353,0.015343098033852502,0.010680379778652114,188.12056735478083,5.3968311051673235,0.0011688781475899547,0,6.800000000000001,33
6.747216402178901e-05,0.09964448542957438,0.10231779209349545,2.6669432447252417,0.016843776507336303,0.011370056844513612,241.54633591092545,5.325462552960466,0.00023078254495172078,0,6.6000000000000005,33
-0.004424898431840411,0.10184450402212097,-0.0805121943519036,2.6068237909873195,0.017333784017700735,0.01227336425253113,294.29111337628984,5.226307666049203,-0.0005763593644011559,0,6.4,33
-0.01921417761996059,0.09888988506849289,0.2809211453718685,2.636982996051788,0.017199317756750626,0.012200209713270942,346.1042523982993,5.131047454298052,-0.000204606385720277,0,6.2,33
-0.012980855189819764,0.0921141427308161,-0.2655557337541894,2.169499374116849,0.015441919171605516,0.012209833345104625,396.84624982288403,5.025094617371873,-0.00020084093493222773,0,6.0,33
-0.015286218905477671,0.08167966278008622,-0.289687767256424,2.4283036119052253,0.014873757682326225,0.01185771213435083,446.49256672543095,4.920725660083765,-0.00017700027117972737,0,5.800000000000001,33
-0.012824169460660813,0.0848891485257962,-0.38641161721040174,2.3506668416911984,0.015122526607656575,0.011447335607378756,495.2730765232424,4.82011390736581,-6.0026599198511776e-05,0,5.6000000000000005,33
-0.016139925723497116,0.09284646358483281,-0.03154029971042771,2.7109367062502403,0.014663353040358817,0.010924043019777483,543.0107100653169,4.7207079282967195,0.00025370112672223926,0,5.4,33
-0.0054977024562263554,0.09145599866330034,-0.15453746993588746,2.789124750224074,0.014615108780565808,0.010624693983696584,589.8171926451098,4.6409290534755625,0.00025668694631502884,0,5.2,33
0.0023970746388440717,0.09419989379263377,0.00949419841068222,2.711973936520616,0.01744065928435436,0.011961748863984453,635.7403554362924,4.551691120256171,0.00032133655626355375,0,5.0,33
-0.0002636883469686133,0.09741951158122027,-0.17559640428496692,2.6232023072984543,0.01679516809378752,0.01260342974916305,680.7885913832953,4.455237467684996,-0.00014102496535803004,0,4.800000000000001,33
0.0036249367933469685,0.09398640509943165,0.13429206331661314,2.7169707270175394,0.016016742802429196,0.012751414220700693,724.8144442884692,4.3597879261800605,-0.0006232451279341459,0,4.6000000000000005,33
0.01638501795063429,0.07979943661533458,-0.02946232162498097,2.516812639021078,0.015566129231008165,0.012224150230426018,768.0797587823565,4.269365651943702,-0.0008052674066072206,0,4.4,33
0.007039550058894649,0.07894160141508658,-0.031926762306963674,2.587832478891149,0.014368733251291968,0.012381578197187885,810.350241189054,4.185408713587738,-0.000472741099123021,0,4.2,33
-0.001767923973157649,0.07775656791312152,-0.07094677655341952,2.407909951979516,0.013132978124986323,0.010769987868405521,851.8272416929871,4.107564325950583,6.298583802305714e-06,0,4.0,33
-2.158917858531193,4.376491622312864,0.31096431791018064,2.478016932564801,0.01378851064251363,0.01083496523899793,892.5113694560347,4.031599550055698,0.030915302598575178,3,3.8000000000000007,33
-4.1829602390036715,5.181964210731029,-1.8004415568055312,1.8121904387962027,0.013785023338640527,0.010831315402596273,932.4501291198312,3.94851404392337,0.058675366218168934,3,3.6000000000000005,33
-6.195156158123585,5.113714779693985,-1.8199562085582555,1.4993076149083824,0.015185465923925001,0.011896066171585553,971.5141670654182,3.873402184914419,0.06563869396987727,3,3.4000000000000004,33
-8.205110649297678,4.148345115653755,0.213617902107623,1.3073094385362936,0.02011219422784789,0.011485020007306347,1009.9155977694961,3.7972794931866267,0.05158065133382033,3,3.2,33
-10.208556099662923,0.396498850121003,9.161159369677309,1.1741389723189912,,,1047.501637075305,3.719960534525415,-0.01589283175540595,3,3.0,33
-10.055981397928143,0.025856114344358673,9.161159369676877,1.0115822421656417,,,1084.3531540223134,3.6485404791292217,-0.0010363885670741024,3,2.8000000000000007,33
-10.046031838344534,0.0016861048872757703,9.161159369671287,1.0007562385378048,,,1120.4315186113026,3.570759132888498,-6.758400758847699e-05,3,2.6000000000000005,33
-10.045383016916198,0.00010995270414665657,9.161159369546862,1.0000493191517272,,,1155.8204089028914,3.495999757622583,-4.407225462355675e-06,3,2.4000000000000004,33
-10.045340706576495,7.170133507178318e-06,9.161159367899279,1.0000032161717896,,,1190.4731411957694,3.4309456197169386,-2.873998888670798e-07,3,2.2,33
-10.045337947473962,4.6757207978339427e-07,9.161159345279406,1.0000002097300775,,,1224.4749261949107,3.3645620192207515,-1.8741654254959235e-08,3,2.0,33
-10.045337767549933,3.049087557575875e-08,9.161159531071167,1.000000013676723,,,1257.7843823160665,3.3026286380644008,-1.2221633196804946e-09,3,1.8000000000000007,33
-10.045337755816893,1.9883424959564138e-09,9.16116327112933,1.000000000891874,,,1290.4649546369626,3.234644914373205,-7.969860526867109e-11,3,1.6000000000000003,33
-10.04533775505177,1.2966216359197347e-10,9.161185124244799,1.0000000000581601,,,1322.5025416733072,3.169017992413918,-5.19730292000035e-12,3,1.4000000000000004,33
-10.045337755001878,8.454795990525326e-12,9.160560063161205,1.0000000000037925,,,1353.848259037693,3.1016004915817375,-3.387921104680217e-13,3,1.2000000000000002,33
-10.045337754998624,5.510979377883341e-13,9.197606375728148,1.0000000000002474,,,1384.5550430736178,3.036918484114205,-2.2003428232651182e-14,3,1.0,33
-10.045337754998414,3.4199047320093007e-14,9.531849590516826,1.0000000000000158,,,1414.666379200753,2.979602246079029,-1.2625910360867919e-15,3,0.8000000000000007,33
-10.0453377549984,1.4796930398031855e-15,,1.0000000000000009,,,1444.1495062084866,2.917302937796019,-6.532223435505509e-17,3,0.6000000000000005,33
-10.0453377549984,0.0,,1.0,,,1473.1133822724587,2.869036815275992,6.139906278461508e-17,3,0.4000000000000003,33
-10.0453377549984,0.0,,1.0,,,1501.4668100121332,2.8095995044308877,6.139906278461508e-17,3,0.2000000000000001,33
-0.0069905468297043714,0.1079940185460783,-0.03314183393782422,2.3631931101523054,0.01635633213615611,0.013865785126155323,136.19787405149347,5.220924918673244,0.0003702045201384515,0,7.0,34
-0.014626981077109951,0.10638822499286597,0.23943630674263394,2.3811308668814255,0.016020859014342168,0.014920141215797116,188.10443436748707,5.393725121818715,-0.0006928167566890566,0,6.800000000000001,34
-0.010875895649651217,0.09940738262337924,0.7630889259969411,2.557234216362937,0.015064037579300908,0.015928737785793453,241.66640883747917,5.328685185076119,-0.0007083471534574149,0,6.6000000000000005,34
-0.019463241506701753,0.09557587486689015,0.44384438429015605,2.939325301891942,0.015452151638753709,0.01445683828309866,294.43300209439457,5.2262829061763885,0.00044260574760933115,0,6.4,34
-0.01850311029973618,0.09236035279174835,0.16040742638476857,3.0436480270637927,0.016231616907881018,0.014894716070621043,346.13642349627736,5.131094115190203,-0.0009806050192465241,0,6.2,34
-0.008774132036171098,0.08435265814725923,0.7213060497917554,3.3815255490186718,0.015607409825680154,0.014479815351386992,396.8664043589657,5.024895598929693,-0.00018604157118091164,0,6.0,34
0.0012108782222976478,0.0895294939356833,2.0449881596086197,3.2032367799540222,0.017387465615879057,0.014709562926919096,446.6111335955236,4.912738599501048,-0.00013984009748858138,0,5.800000000000001,34
0.005365507153823691,0.09130123550308662,1.725878521390717,3.1358490792433233,0.017787864002883663,0.013266364729878438,495.2557594975867,4.81877092002305,-0.00021493161533713757,0,5.6000000000000005,34
0.02014521695809229,0.07729289586189445,1.3367647826045497,3.5875874506651955,0.017282490245061517,0.013395263200040817,543.0120435810272,4.726165837613096,0.000405502617253714,0,5.4,34
0.01729844460300061,0.08790829572749219,0.24952269020018392,3.1992683862164206,0.01666373701924785,0.011437600629122939,589.8108221167621,4.637173967457242,0.0003599508185417175,0,5.2,34
0.017982056982889107,0.09220253383827097,0.35974832182679073,3.051293071449947,0.01745875720677752,0.011634138600218667,635.7269969240931,4.546585281363426,0.0004225711563992869,0,5.0,34
0.015146549407867369,0.0906881148397181,-0.49235354376233254,2.2907384340211623,0.015221255598003882,0.010606652449860941,680.7237028939348,4.452468363605836,0.0004581178443258866,0,4.800000000000001,34
0.016111399272220016,0.10242904430067307,-0.7230199460768754,2.0313432059046765,0.015941144247011395,0.012157476473684033,724.7863097528732,4.356949076510652,0.0011863045423661052,0,4.6000000000000005,34
0.024770305515833604,0.10763036206208883,-0.6487490615566629,2.3312671934333893,0.014890521533065826,0.012239393576260636,767.9557751086269,4.271243604219967,0.00035232155878731585,0,4.4,34
0.02609217634704748,0.1030838534044045,-0.4475356606633132,2.421111454420798,0.013858573075073863,0.011795871758095634,810.3056084133925,4.190934571240221,-9.582728840667552e-05,0,4.2,34
0.026517280471187687,0.10360151008518603,-0.6826866397858145,2.4073487563358973,0.013845810128711626,0.011369346707302715,851.8300025934789,4.116526184083445,-0.0005837423692819097,0,4.0,34
0.02520940912235733,0.10132464008796047,-0.31529303157653166,2.465707403573262,0.013208163714751055,0.01131524111966123,892.5355345497775,4.037226215448177,-0.001377520736336778,4,3.8000000000000007,34
0.027478735320569804,0.09514483311765078,0.5161471727628362,2.5991658389564987,0.011196662725701164,0.009041351819062075,932.4648439483781,3.9536613353548415,-0.00014266083292430228,4,3.6000000000000005,34
0.00705028528588812,0.09566748089590864,0.07603208258810756,2.390697341929339,0.011110734136255828,0.008641049927642154,971.6026902201137,3.87199095477183,0.0002107260526759579,4,3.4000000000000004,34
0.008116139329764632,0.0930211015109644,0.34247182037872204,2.455993765948522,0.011954774597073427,0.009594312278958864,1009.9484949513076,3.7950026191360497,-0.0003638086650508353,4,3.2,34
0.008600642774854977,0.09332706988307232,1.860507402190298,3.1401549723573607,0.012484026562070127,0.009300595165847018,1047.5130404186564,3.7230773604437744,-0.00017418894537475163,4,3.0,34
0.014834964105845309,0.09025313350071838,2.376694713029802,3.2171003462535297,0.013103040777966512,0.00907560422926149,1084.283209488994,3.642507059268079,-0.0006396620064491423,4,2.8000000000000007,34
0.007800065253714565,0.08434444866443154,2.2234573837631766,3.474474412574043,0.014739120809658566,0.010815058472938899,1120.3577118276764,3.5678826970973923,-0.00020358493555821438,4,2.6000000000000005,34
0.018487227013061495,0.07904270819898464,3.2381732842664075,3.6238945438106307,0.016850645227747485,0.01165682207519564,1155.7040701924407,3.4946331655522886,0.0002931423135846947,4,2.4000000000000004,34
0.010333139670214155,0.09126188841032692,1.697492001257122,3.2042083994592483,0.016850725376389146,0.012372116018655496,1190.3508738682256,3.429254993407545,0.00045227665948330276,4,2.2,34
-0.004809976953718621,0.09131628349216966,-0.10115872473375598,2.5136895361731306,0.015764380852473003,0.013463686078251888,1224.266459752453,3.3635561909975333,0.0007528497432553935,4,2.0,34
-0.020426694821683883,0.09504097614700459,-0.5443696527051971,2.3635317383936663,0.01633314126183613,0.013712301954990909,1257.6385194790532,3.298031863325311,0.00044036722896720684,4,1.8000000000000007,34
-0.016818697254669487,0.10836686441422991,-0.6438988081037569,2.133459551741549,0.017190997394909216,0.013705758270158727,1290.3144217636163,3.2351309018326075,0.001028434653990387,4,1.6000000000000003,34
-0.029940368488647517,0.10874176061739815,-0.7193061311128188,2.073373922332802,0.01665205209996426,0.013018353235567472,1322.33108276589,3.170711490697897,0.0005309084914952068,4,1.4000000000000004,34
-0.026863966739288897,0.11165925093820951,-0.7018538061684945,2.0365627501203036,0.016387824787221526,0.012085355320344776,1353.7029886773184,3.1083761093683533,0.0005354134471389216,4,1.2000000000000002,34
-0.016581373243611985,0.10850372732027433,-0.7478757017491064,2.1315477295451175,0.016986309548982118,0.011086302597477154,1384.4679653609846,3.0400423667147964,-0.000576513117829284,4,1.0,34
-0.0005348880501423192,0.11807736796635407,-0.5520458852170052,2.215652414549382,0.01787348067290779,0.010527057789723156,1414.5774596545116,2.9808048770215683,-0.000640176813646429,4,0.8000000000000007,34
0.00929699476361514,0.11335855208384074,-0.4420984875451537,2.3000285970604484,0.01618129082586682,0.008953435301973775,1444.1460549962503,2.928804820254409,0.00027952417062821356,4,0.6000000000000005,34
0.008658076751995269,0.11075389750614228,-0.1176613840072025,2.354853642253551,0.015769322452995952,0.010520543351097965,1473.1189263561857,2.8703547536048646,-0.0004565320977606715,4,0.4000000000000003,34
0.007041656069400917,0.10444174389263311,0.20493827380777319,2.499158629366147,0.015700358783461484,0.012646565593579802,1501.5004805014694,2.8136952771282933,-0.00014740490351112956,4,0.2000000000000001,34
-0.0026076858106646094,0.09995609318387884,0.09644326671023018,2.929713267241538,0.017504485746155502,0.014928313286784206,136.2286183705226,5.221650648976031,0.00029103745600272984,0,7.0,35
-0.005287947388944716,0.0997162402706979,0.18019535447585033,2.9335738362395523,0.018782627637969593,0.016506645044642283,188.21123428607478,5.403454561743129,0.00018768222930754663,0,6.800000000000001,35
0.002239585437420321,0.10607783559438103,-0.2992694680702197,2.760970397933102,0.018387743042110837,0.01613042997380248,241.71579015273264,5.332571110146111,-2.1626158031197367e-05,0,6.6000000000000005,35
0.014195332675566583,0.11207448760268947,-0.6131138707464907,2.5927010367940952,0.020006662927311982,0.015810580659039057,294.5093694450893,5.230245840289851,1.732178150906433e-05,0,6.4,35
0.011239172502832906,0.09688596985322083,-0.66276871176487,2.1591669316254074,0.017685685635484755,0.013281405214117383,346.26055478229574,5.117699187504332,0.0003661271245525428,0,6.2,35
-0.004679164668546143,0.11487389546366739,-0.41096107820337746,2.3661904439132053,0.01773313869813851,0.013099365105485669,396.9433789105125,5.017802808170218,0.00024549241428979755,0,6.0,35
0.00043953601522015606,0.1123131518394211,-0.30103612112937883,2.4221685719963846,0.015178639319138707,0.010518627902897116,446.60815050687734,4.9169716284781515,-0.00033639877221270514,0,5.800000000000001,35
0.0038329132110328213,0.10667947774147131,0.03299851669925635,2.5484237403963905,0.01553442091264813,0.010695850611371108,495.29924499812313,4.818621940380267,-0.0009180407021879047,0,5.6000000000000005,35
-0.004476078326976523,0.09637735207938346,0.5399450216290664,2.8195900425486298,0.01358896833645618,0.010615935493880685,543.0821514308832,4.732762958623647,-0.0008294170119815973,0,5.4,35
-0.0012998860119198975,0.10216907615060081,0.9220347108893017,2.7270455437061014,0.01367434970810141,0.011032763134496167,589.8796075721983,4.632690700912452,-0.0010380432767398068,0,5.2,35
0.007943762640758079,0.08694847538629637,0.519156839058037,3.1911268790825873,0.013914152964083347,0.011983097118394695,635.7616032192732,4.54352144081143,0.0002125933609486571,0,5.0,35
0.0036708529533564897,0.09125585765191666,0.6403417804742522,3.0509052753678256,0.013911422465139954,0.011981713881145743,680.7324370409472,4.449065254502554,0.0005929580483547575,0,4.800000000000001,35
-0.007202849833681591,0.09684547660359648,0.7839165952970562,2.86910302877051,0.013825404571906414,0.01186776092560606,724.8623407273117,4.362019062910473,0.000419911384329658,0,4.6000000000000005,35
-0.0010012723013260317,0.10021579110763297,0.47577638307984405,2.780285822179847,0.014717168208190436,0.011924689052275885,767.9954910462386,4.278626849868721,-6.903511782051389e-05,0,4.4,35
0.0034989666468109703,0.1078670689178313,-0.18818542086588552,2.3545593575886725,0.015772559045293465,0.014060889662387397,810.3854571927291,4.191520785773578,0.0003873833195571769,0,4.2,35
0.01247156719538057,0.1092812342673636,-0.3021706681015792,2.3100377363797335,0.01422460333687166,0.012396507436006088,851.9013097891392,4.110598583428174,0.00024696363049610227,0,4.0,35
0.003947272927969825,0.10897735294177519,-0.3363915447856427,2.330262141736682,0.014883438911885243,0.013287929507219066,892.6318635743631,4.026983626481657,0.00015755287997922863,0,3.8000000000000007,35
0.01059072117816814,0.10323802231993584,-0.2972108800017885,2.448344080020271,0.014966686970131687,0.0138324817257933,932.4641075877282,3.947830427298061,-0.0005105502199522642,0,3.6000000000000005,35
0.010890624397784838,0.10789241471660632,-0.10180589896469527,2.3668239285426003,0.015460083953328265,0.013523363718269623,971.5851456770016,3.866735397908312,-0.0009156863764149491,0,3.4000000000000004,35
-0.0033161997490178344,0.10018923043533182,-0.215720648555922,2.560584871179551,0.014326269653480583,0.010946114468451845,1009.8812312055669,3.78878705376326,-0.00010207664416422134,0,3.2,35
-0.006705236121045488,0.09682114657840514,0.015739132526441324,2.6446761135850445,0.015349942864496188,0.011788936364640193,1047.4199675985408,3.7155572904272796,-3.34831778662526e-05,0,3.0,35
-0.0050091999190168554,0.0923397173133258,0.2795917041615148,2.775640468899413,0.01603794718973312,0.011169337275174397,1084.1883935337205,3.6433673097325685,3.5492545828918976e-06,0,2.8000000000000007,35
-0.0023860716803006123,0.09795780699972774,-0.04885874045405547,2.619584148251577,0.015570912368959355,0.011296155452117911,1120.293895007854,3.5716152102597962,2.5394385328147815e-05,0,2.6000000000000005,35
-0.005330516755545499,0.10010967065548942,-0.3636920634541845,2.2963530130711995,0.016060897490944404,0.010996448096968963,1155.6547231162874,3.503643801079853,0.0005676422178831241,0,2.4000000000000004,35
-0.006386454294101645,0.09910618403849865,-0.5206684292380204,2.2410645197688055,0.01584323613693,0.011114053754425703,1190.3688881562966,3.4379408943246075,0.00048695718880210816,0,2.2,35
-0.010820084372460173,0.10318341155098189,-0.7788844330986615,2.1450650209575985,0.017644292130383262,0.012051749647960784,1224.411725653087,3.374359493840879,0.0004980814675465713,0,2.0,35
0.004748206030614957,0.10977670744315647,-0.7911899241279707,2.105998109779118,0.016129916943455277,0.012004948411404433,1257.7528355975137,3.3016794084392718,-4.786629642401247e-05,0,1.8000000000000007,35
0.0017965632849968665,0.10455270475083699,-0.5884913933428355,2.213001130202669,0.015458281347634256,0.011027838500133485,1290.4191088550758,3.2343383522482343,-0.000804656633084615,0,1.6000000000000003,35
0.006340450015026568,0.09615955025122178,-0.56898947052805,2.401201917431384,0.01651187232800764,0.012231205677527012,1322.4367317589388,3.1659546092379345,-0.0005169754549403958,0,1.4000000000000004,35
0.005184513568922219,0.09514987114045367,-0.6388583059712243,2.4283834345343682,0.018374343288874117,0.013008413165909108,1353.7709381550603,3.1014548930068715,-0.00032337913709163817,0,1.2000000000000002,35
0.00939272160978934,0.09936957545099388,-0.23296350081269068,2.504453688206646,0.01595656650153131,0.011477249236543455,1384.4245578672947,3.0390315388364066,0.0005136765385189031,0,1.0,35
-0.0006017482493333007,0.09649839144869347,0.0849074209458518,2.5906485590530055,0.016534910812668002,0.011228796141693604,1414.5470118147675,2.9778840763884507,0.000765588344145823,0,0.8000000000000007,35
-0.0022295209101360304,0.09682525271467794,0.024951091075485987,2.581256137668631,0.017282018760541897,0.011699083072397937,1444.0872912521256,2.9230410197483874,9.435757074557442e-05,0,0.6000000000000005,35
-0.011944702128296496,0.10655843617599817,0.4459718580095178,2.9291180511959554,0.015124856082765205,0.010682736666715653,1473.0271570140776,2.867346993480872,8.191301412827925e-05,0,0.4000000000000003,35
0.0007782263518234656,0.11009648115871196,0.30473857017258066,2.8530325318397005,0.013425943760184219,0.011001374416130628,1501.4240878172166,2.8139790135683573,1.4202266866085303e-05,0,0.2000000000000001,35
-0.008691768864078036,0.10452449473688828,-0.093028556524136,2.6915243599953955,0.0161217224764426,0.010960978601475867,135.9959511464933,5.215288620854037,-0.0005032056749892797,0,7.0,36
-0.06812667830147964,0.16939938008754907,0.8856743132393654,3.0205484905799813,0.016726412323634463,0.010964201627443295,188.00025679742168,5.408915159762596,0.00355450835056064,1,6.800000000000001,36
-0.2622930658421046,0.4365568887886137,0.20048988217338692,2.559059281073747,0.01668168374899869,0.010835233125911668,241.345366104075,5.307741857450571,0.020546422802248436,1,6.6000000000000005,36
-0.621531675865235,0.7393312585092365,-0.9816819011580611,2.1822154985760873,0.017625219139965155,0.012476540269374949,292.55431660831414,5.063589897099974,0.04212212030195477,1,6.4,36
-1.124289584641222,0.9660662101734624,-1.3689623140698322,1.914445395785223,0.016754422683361428,0.01192689548515,340.759212002169,4.68425881642994,0.05988264932087491,1,6.2,36
-1.730625231945472,1.0247512988805123,-1.2085768793756022,1.652428321928395,0.018140933311197642,0.013951925065457204,385.18144911329074,4.214726194970356,0.06532432613440442,1,6.0,36
-2.382309869863371,0.9060135571566873,-1.1299837861884525,1.4675068753472258,0.01737128634970789,0.014170134637320645,425.11736032614834,3.7318823867025266,0.058445555527668926,1,5.800000000000001,36
-2.9514566576456343,0.763339276520144,-1.0602369135462186,1.323289690872261,0.017711527167130096,0.014805094867044087,460.5276506905573,3.3180922724764943,0.04907842345900694,1,5.6000000000000005,36
-3.4341532204913126,0.6385753549363494,-1.1031240667933808,1.2842918932734604,0.017691928584087132,0.01365657553107729,492.0087611823391,2.945260468884525,0.04097165555528144,1,5.4,36
-3.847661738203748,0.5600367348344726,-1.0093584566963754,1.2200109242458557,0.019589970057183662,0.014402274639014855,520.0225396980553,2.62319888288451,0.03593269082013052,1,5.2,36
-4.218064370468674,0.5057755770277432,-0.9994137753560599,1.1979736372850143,0.02058831876627666,0.012447395966190648,545.072936825839,2.3556706239385568,0.032417667677302114,1,5.0,36
-4.53541328853686,0.4592818468374527,-1.2002706754150057,1.1488257377107203,0.020990316559500233,0.011985346557678234,567.5175837450508,2.1140390345082327,0.029362140647856944,1,4.800000000000001,36
-4.827818549648952,0.41809536074008,-1.099266843833282,1.1421126166212385,0.020104533561348302,0.012190129908215422,587.7139475101985,1.9098652137383907,0.026539809078826894,1,4.6000000000000005,36
-5.088184790109124,0.3639609197880494,-1.0625796236317264,1.129148607478007,0.019656135895521967,0.01311025051117476,605.8614039527213,1.7141999262133119,0.022925098811006087,1,4.4,36
-5.328262683209601,0.33581434185466574,-0.9256846880554459,1.108003506326525,0.018790247511683445,0.012690609594939216,622.2554086968172,1.5413225603603327,0.021008378613610566,1,4.2,36
-5.532460763934634,0.31023648113725916,-0.8007404277220753,1.0894834598628194,0.017460885689070497,0.013055811321518243,636.9197261689363,1.3869842697376888,0.0193996656032715,1,4.0,36
-5.718069685474819,0.2678468887638179,-1.0956614607229027,1.076917326006695,0.014985328437825967,0.012865220159399282,650.1619669901938,1.2431494269975383,0.01655153415882721,1,3.8000000000000007,36
-5.896846067862161,0.264709268350745,-0.4827896833978955,1.0918283899673236,0.015608923287925567,0.01336454481818901,661.9394413413191,1.115544099197437,0.016220025087018614,1,3.6000000000000005,36
-6.07241452522466,0.2545079149075228,-0.7125004111275572,1.1012486996045858,0.016831134872803837,0.01420966044087862,672.527303738097,0.9905214479668296,0.015419322387752055,1,3.4000000000000004,36
-6.224758404743226,0.2530159611285623,-1.261450158490347,1.07435179535048,0.016383294707610557,0.013539493123005461,681.9138875138547,0.8819674809021255,0.015375837525289891,1,3.2,36
-6.382878695547585,0.25216040639592013,-1.0047074572501407,1.0723649961514103,0.015628884451524848,0.013218539193553876,690.299203764625,0.7831493720560163,0.015153739890590765,1,3.0,36
-6.525501327592458,0.210868847610455,-0.7218491168253767,1.060630468281493,0.016433172131271795,0.01304046095310958,697.7062774827041,0.6967323666870817,0.01211640510994217,1,2.8000000000000007,36
-6.651466314822876,0.18919040051418828,-0.5787044522611886,1.0612707524214124,0.01527131001376926,0.011558396536238769,704.2794324398945,0.6167945174780607,0.010784822642542997,1,2.6000000000000005,36
-6.766481675300125,0.17580362161393526,-0.9182523730807146,1.0491473063695957,0.012882774268862302,0.008598455998439117,710.0434598734223,0.5380015661372166,0.010081618928414466,1,2.4000000000000004,36
-6.860859363378779,0.15154799122091583,-0.8995471789763205,1.044487400946123,0.013168022014201242,0.009275906407221956,715.0639848062839,0.46335455029338196,0.008079802979547489,1,2.2,36
-6.943812520481746,0.156192784016866,-0.554511184495222,1.0488186688962748,0.013322800110336033,0.009176771696916388,719.4409714066414,0.40173734556179447,0.008231450605734674,1,2.0,36
-7.036968118950418,0.14950952799848383,-0.8604543528520803,1.0432033844648734,0.014514414155457853,0.011161412604705141,723.100493821777,0.3367725917604328,0.007675377111207816,1,1.8000000000000007,36
-7.117350510861797,0.15059105946008308,-0.7643475792509595,1.044350587233423,0.015624384697555324,0.01133692362448927,726.1735816577803,0.2786510930158444,0.007665819738958035,1,1.6000000000000003,36
-7.196460890631674,0.16377202026903925,-0.7338850843610074,1.0386604665111479,0.016260072307049872,0.012355974975641245,728.7454062540505,0.2273830107501787,0.008840051269472732,1,1.4000000000000004,36
-7.2822258349573765,0.15188705283761264,-0.1798524704362272,1.0403595863346085,0.014917255560437343,0.012469015746475501,730.7817503124676,0.17366860649065194,0.0077708479565180896,1,1.2000000000000002,36
-7.3627128873137,0.14610952669946503,-0.10050185379442667,1.0476709278178467,0.016932923435484533,0.01346324141123841,732.2918397826127,0.13337899840860426,0.0074153758867882965,1,1.0,36
-7.432360556104002,0.14189493581695606,-0.0038944800803348834,1.0470970165789453,0.015839721589815968,0.01200209424287892,733.416038094633,0.08686258066379211,0.006885503780181813,1,0.8000000000000007,36
-7.506363106812927,0.13530719942829997,-0.4871535017676467,1.0367941524551294,0.014939033159572368,0.012821677497442728,734.1057003719427,0.044142799457421326,0.006516684880667089,1,0.6000000000000005,36
-7.576289508281587,0.14758757884335544,-0.5529309397644862,1.0492789331571664,0.01427380808074039,0.01253319551036242,734.3642521067684,0.008219000535670453,0.007108950864095498,1,0.4000000000000003,36
-7.646069923323325,0.14151430329253875,-0.8973612226380987,1.0397216934073839,0.014657003224144738,0.011919759765554575,734.2805971910228,-0.027310867508643765,0.0069155598172382345,1,0.2000000000000001,36
-0.011875925958360001,0.10740003326240943,0.7166400738521346,2.9939350356270555,0.01957428338280051,0.014421585662181987,136.17616308345703,5.227642946955824,0.0012319595851231296,0,7.0,37
-0.014576464547779467,0.11161211813850547,0.276434503298316,2.873963066275026,0.02065914953669866,0.01439958448522654,188.15610396331846,5.4002639426335985,0.0012273455667248896,0,6.800000000000001,37
-0.009091099543747917,0.11515231869624341,-0.045797472668096084,2.8008504801678655,0.020239151142054438,0.012816033711639061,241.6657027053781,5.325469014684505,9.899707499008356e-05,0,6.6000000000000005,37
-0.005528491779656828,0.117382958227135,-0.18880823172825334,2.753235149609751,0.0198421944423111,0.012539409314580858,294.46108159236246,5.223833795126966,-0.00021762804313650192,0,6.4,37
-0.00954531787365844,0.10529740478866098,-0.6102479429535532,2.144516083747731,0.019482422505323563,0.012141319431439907,346.16698126385427,5.12339249692922,-0.0006761793917236585,0,6.2,37
-0.004117760549766805,0.1034112800528102,-0.5413345346412455,2.220899429867602,0.02045251598802116,0.012891039095375095,396.8871929346826,5.025261541576722,-0.0006473737307241967,0,6.0,37
0.0011125390089245695,0.09810559275391202,-0.10924293199522461,2.342748091383784,0.019161126068100262,0.013675898179424714,446.6352170599566,4.921742815306247,-3.5132002709422064e-05,0,5.800000000000001,37
0.013008831211751885,0.09671514812780807,-0.08711205520080822,2.354946756643337,0.01803937209833597,0.014055059214053449,495.40619179687485,4.824910851184703,-0.00013786001567737225,0,5.6000000000000005,37
0.0129427053309953,0.08806753049914116,0.12196572110283954,2.5816555291991743,0.015976565651264332,0.013146390009393286,543.1431438414993,4.728864000494398,0.00011894513472651069,0,5.4,37
0.017423572155128058,0.09128887943039761,0.07015184288268506,2.472319784661938,0.01710714104185085,0.015763471017805928,590.0134482378357,4.636630447962487,-5.4209381568141926e-05,0,5.2,37
0.018534443910470256,0.10220695983023327,0.00602870679243761,2.517416224396803,0.016070323591811403,0.014692312645475195,635.8704078209761,4.540065843762726,0.0008948198917006899,0,5.0,37
0.028023686570113514,0.10426918489291048,0.3946955570151669,2.421048750203968,0.017057258279013717,0.014329059605692931,680.8006102722869,4.442961427245798,0.000730924285002822,0,4.800000000000001,37
0.01739225261869016,0.11061589399635528,-0.01289652027136734,2.335474710163376,0.018505990129537686,0.01483701131584289,724.8949618104704,4.3636648052616644,0.0007556391473748599,0,4.6000000000000005,37
0.0076981289253443596,0.1186710262051029,-0.4555998371937484,2.199517480439557,0.021450479646118837,0.015550235854048921,768.1176391312114,4.274249346342185,0.00019282225809278382,0,4.4,37
0.010367712453072324,0.11589462962560462,-0.28881217011777416,2.247880312650477,0.019995917483622828,0.012638933095160463,810.3926121707788,4.1921679203411895,-0.0011305954278772114,0,4.2,37
0.024366637857201993,0.10398702297400979,-0.1386491542912376,2.438285545115145,0.020440082850783216,0.012798155328484027,851.9199285293575,4.107782595186604,-0.00022900722475296915,0,4.0,37
0.9091420724037398,1.814046084524006,0.3437387231944058,2.5352352505001283,0.06517512096766133,0.09051993937744421,892.6095929756556,4.016475340909622,0.07956078894154592,2,3.8000000000000007,37
1.750996623858702,2.1508914474149563,-1.7834780934075964,1.8510771524941294,0.11098739117515036,0.11228997550399594,932.4472824224282,3.9448849967056177,0.11484188643841653,2,3.6000000000000005,37
2.597796226428402,2.118212840071244,-1.8110201366583134,1.5285269726171886,0.15474879248372916,0.11383748248250161,971.5451883832922,3.873071901233273,0.11270837752179161,2,3.4000000000000004,37
3.4245033891941006,1.713895780525957,0.20331217920936373,1.3352455563932402,0.20157214990429956,0.09457777413181705,1009.8682356316556,3.792787714148109,0.07100350766219234,2,3.2,37
4.246031477771512,0.20445801780481027,6.7881010087025935,1.2004647898800729,0.24568894915746767,0.019846789733630136,1047.4758256929867,3.7237859780014846,-0.007227725079962435,2,3.0,37
4.188212680036286,0.10184965213362644,-0.1229758732925017,1.0515642304821762,0.24579188596969573,0.019919100434264647,1084.3585749836716,3.6475555467866054,-0.0006637952326677693,2,2.8000000000000007,37
4.187300019504142,0.09992609269104191,-2.6031835147044546e-05,1.051804697964436,0.24679588287393792,0.01933602581431692,1120.3929039171621,3.5677775780002436,0.00040284545521015596,2,2.6000000000000005,37
4.18028691110587,0.09830605206042045,-0.2839629504860044,1.0381845195812143,0.24584990161340792,0.018565381261340417,1155.7377743248255,3.497408096053004,0.000744342160658426,2,2.4000000000000004,37
4.190467146521348,0.09965723726502765,-0.1543375879569897,1.0356560105713202,0.2437145159415517,0.020280422336084743,1190.409874532036,3.4244232899066205,0.0007005412051335892,2,2.2,37
4.183136470666045,0.10558090384583065,-0.7058792930056046,1.040649278581684,0.2456246536201607,0.018948036323983838,1224.3214695625031,3.3608896381145286,-0.0013452096103783481,2,2.0,37
4.176170413141219,0.10468477728634658,-0.7729239201005758,1.0423895618921373,0.24833261357950698,0.019791350277421252,1257.557925577198,3.296364680136774,-0.0014665626033930697,2,1.8000000000000007,37
4.1723819172838885,0.09626556395543383,-0.48358970032603077,1.043385118028768,0.2491928833607485,0.020571403467469843,1290.229602568609,3.228428428739355,-0.0003072096085048337,2,1.6000000000000003,37
4.181440106486101,0.09413694147370762,-0.5235636390351126,1.0411378431743001,0.2500768487187177,0.02029998616866821,1322.2609330391301,3.1709117303669654,0.000791123410456049,2,1.4000000000000004,37
4.181072770384614,0.09985190729292459,-0.38196033003499474,1.054856397151166,0.2524726993863555,0.020098202559006368,1353.6308872712261,3.1080491842507167,0.0020437426837632534,2,1.2000000000000002,37
4.192808024376327,0.0974489150758345,-0.23866582637295197,1.0519194945580954,0.2534195941995962,0.018849207752799284,1384.3690182064133,3.0443334626679746,0.000618861021386513,2,1.0,37
4.191446703813024,0.09890389028420266,-0.37954608478528673,1.0522525816647303,0.253574462956089,0.0187821989927725,1414.5166466455737,2.9797844424839655,-0.0009699468161473499,2,0.8000000000000007,37
4.189294313295559,0.10650265202135861,-0.5908298102182572,1.052747065661564,0.25139324867816515,0.02035449639805617,1444.0503559278552,2.9186104166033093,-0.0014109040848340818,2,0.6000000000000005,37
4.17902700306164,0.10498089006899747,-0.4185990337889893,1.0553414044461307,0.2521818313973894,0.020153869627803692,1473.0455488248062,2.873912915716971,-0.0008225206423033602,2,0.4000000000000003,37
4.167099337678783,0.10384649291748947,-0.07815985637639722,1.05724162824628,0.25207949134341573,0.018752194611714616,1501.436976416053,2.8165327150419674,-0.0006841670420418392,2,0.2000000000000001,37
0.00010229825451354285,0.11625950682852691,0.925392688695954,3.2564350901702444,0.015545255677191623,0.012717050890563087,136.0131752222206,5.217297089871408,0.00018076525505314272,0,7.0,38
-0.000337931025985222,0.09307128865032313,-0.9294506742083777,1.9521405084401677,0.016564494904540757,0.012814257489169319,187.96480234935643,5.401909602474226,0.00036308801798879125,0,6.800000000000001,38
0.0018524978328790503,0.09525553121848677,-1.038431916692997,1.9070221213872738,0.01769962939916596,0.012491515512823764,241.53221228623303,5.332554908480022,0.00015802833832227788,0,6.6000000000000005,38
0.0004753144247985841,0.09449873537870597,-1.040583349111124,1.9226406460150072,0.018316972973656878,0.012541720976087046,294.31325314927346,5.237441903002409,-0.0005473477394487056,0,6.4,38
0.004434409375971173,0.08818788016787325,-0.8736971402159579,2.0576016038755776,0.017466267752917694,0.012123559194776876,346.11049024628954,5.1279547855228165,-0.0009668319660197043,0,6.2,38
0.008362514232392078,0.0838031411746961,-0.37826656384976554,2.538110880316653,0.017405460277271204,0.012904015355089121,396.82207997406925,5.017196999222957,-0.00011893414397057709,0,6.0,38
-0.004377003664549363,0.0936367102019901,0.3754951176186343,3.091975088213738,0.017617855011880117,0.013863398525043364,446.6056974968296,4.918352723284401,0.000319707288709617,0,5.800000000000001,38
-0.010651657918273816,0.0905079701778985,0.683916544764875,3.1800318537537824,0.016880764616938694,0.015102941379933978,495.30219192925296,4.82254411070026,0.00019958787810136355,0,5.6000000000000005,38
-0.011640146977433888,0.10406401393549922,0.10567619127596695,2.7676451412023653,0.01698794475868903,0.014810658817397137,542.9783820453707,4.7234762518728495,0.0010275921550185665,0,5.4,38
-0.018343341673560002,0.11351097894526252,-0.2097703474835777,2.5200968230385126,0.01786334928911403,0.014781971289616766,589.8004830435763,4.634511777072474,0.000389710137429655,0,5.2,38
-0.036121927680416326,0.10832729999865007,-0.12507368563673404,2.5356579690569427,0.01632464423699453,0.013819766017075503,635.7576441113608,4.539759083326821,-7.968590339292624e-05,0,5.0,38
-0.0155575196001688,0.10261936867659636,-0.27624995136732045,2.5006141582838994,0.01474658235293088,0.011916343138807385,680.6903034611668,4.456852478272586,-0.0005813396992068364,0,4.800000000000001,38
-0.0028565887046899273,0.10714619558840961,-0.4547967817041907,2.4220090053944605,0.013711287017791864,0.010406549985165237,724.7848281223705,4.368927056852644,-0.0012964277895796692,0,4.6000000000000005,38
-0.006036986276375274,0.1082300334173606,-0.38290111552957384,2.394825339410622,0.014484855286721564,0.011011697136989105,768.0818030651669,4.278016521646507,0.00035799508590275204,0,4.4,38
-0.00344639292076586,0.10685072015529545,-0.6107944305010604,2.368334728423116,0.012568541012306618,0.009530572458653554,810.3919605825399,4.188177452946263,0.0010070051196777576,0,4.2,38
-0.005134086369953721,0.10291154381037684,-0.38161438993067165,2.457174851476098,0.012797752816191874,0.010380949336731336,851.8729164894894,4.106520470455022,0.0004230162225215294,0,4.0,38
-2.173935588002102,4.36914578794531,0.3097506330783948,2.47755795658495,0.0125279361471466,0.010980412260981155,892.5995388181987,4.029158678302034,0.03145044445032105,3,3.8000000000000007,38
-4.196910533060771,5.170552799567958,-1.8001022091937187,1.811913066764404,0.014082358025051296,0.012028930033988148,932.5030399781047,3.950678407885632,0.05955232866973857,3,3.6000000000000005,38
-6.203845471924476,5.10273125271418,-1.819781943353138,1.4991235319957852,0.009571476720471627,0.009041659034102333,971.5783672038489,3.8752866730562907,0.0678011677642441,3,3.4000000000000004,38
-8.206190522816838,4.1457082705084645,0.21297421475163691,1.3071549696080114,0.010631637195216648,0.011981677525205906,1009.9699657484547,3.795887915930311,0.053371131332645254,3,3.2,38
-10.20841532847806,0.39615688112822234,9.161159369677339,1.1739920251997176,,,1047.4922322368711,3.71079358052178,-0.01587912463956906,3,3.0,38
-10.055972218088526,0.025833814180368855,9.161159369676904,1.0115722662280007,,,1084.2981292566344,3.642199203231772,-0.001035494711381287,3,2.8000000000000007,38
-10.046031239717367,0.001684650669717151,9.161159369677232,1.0007555863604884,,,1120.3849749163735,3.572834180645758,-6.752571830227423e-05,3,2.6000000000000005,38
-10.045382977879077,0.00010985787306382175,9.161159369663187,1.0000492766156024,,,1155.7387506744572,3.500075433973663,-4.403424355543709e-06,3,2.4000000000000004,38
-10.045340704030842,7.163949471015219e-06,9.161159369062453,1.0000032133979342,,,1190.3556501712787,3.4325042840215922,-2.871520147325344e-07,3,2.2,38
-10.045337947307956,4.6716881113235165e-07,9.161159375849108,1.0000002095491907,,,1224.4227375595233,3.3624784877915816,-1.8725490096799535e-08,3,2.0,38
-10.045337767539106,3.0464577715518075e-08,9.161159952024542,1.000000013664927,,,1257.6307721860612,3.29157821593167,-1.2211091580663982e-09,3,1.8000000000000007,38
-10.045337755816188,1.9866281569546004e-09,9.161152220281581,1.0000000008911047,,,1290.2499978290252,3.229816076292764,-7.962989810277929e-11,3,1.6000000000000003,38
-10.045337755051724,1.2955035237949305e-10,9.161110597814837,1.00000000005811,,,1322.2659152482042,3.1692157025984184,-5.19259309946791e-12,3,1.4000000000000004,38
-10.045337755001874,8.44771828337929e-12,9.160289413622156,1.0000000000037894,,,1353.6804697748623,3.108582874195534,-3.3858435857746965e-13,3,1.2000000000000002,38
-10.045337754998624,5.498391158483548e-13,9.203180787152744,1.000000000000247,,,1384.4025151694814,3.0536898621770563,-2.1851717859868872e-14,3,1.0,38
-10.045337754998414,3.4199047320093007e-14,9.531849590516826,1.0000000000000158,,,1414.6158819589295,2.983540910793373,-1.2625910360867919e-15,3,0.8000000000000007,38
-10.0453377549984,1.4796930398031855e-15,,1.0000000000000009,,,1444.1502904199983,2.919714070120415,-6.532223435505509e-17,3,0.6000000000000005,38
-10.0453377549984,0.0,,1.0,,,1473.1107632865312,2.8619567909015515,6.139906278461508e-17,3,0.4000000000000003,38
-10.0453377549984,0.0,,1.0,,,1501.478084161174,2.809784217468623,6.139906278461508e-17,3,0.2000000000000001,38
-0.0067826517346212855,0.07848037851923612,-0.17861084831841767,2.7736026479811984,0.01646210360567048,0.013027567925750093,136.24560470502362,5.219389596094389,0.0005074285826042162,0,7.0,39
0.005773182331704825,0.08031260146956144,0.11041927489623449,2.7134913131214646,0.016537235720598568,0.013883767248491665,188.1545713930863,5.396148379928708,0.0006561015818985648,0,6.800000000000001,39
0.003635773149148303,0.08949145128956996,0.014529052947226617,2.508005609511268,0.017441347800813158,0.014080411230303864,241.61662445029833,5.326387815003039,0.00048031527848190966,0,6.6000000000000005,39
0.00622893196875899,0.08865536536724361,0.1745098557550251,2.5274314096158412,0.01775899802638369,0.014291100969493025,294.35443635799095,5.220143193365845,-3.907732726717944e-05,0,6.4,39
0.008018310942087749,0.09020161424986384,0.17132692787178883,2.480374572869107,0.0201216776655588,0.014521601623653629,346.0969812331743,5.1175836996017345,-0.0001678548177274908,0,6.2,39
0.02427373134848234,0.08722978200624716,0.024818687008275386,2.479114916280407,0.01901199728057174,0.013011896341537205,396.757170592725,5.019829350217441,2.532048464289155e-05,0,6.0,39
0.017844910040820176,0.0823484568140589,0.2801539711898471,2.664750297991776,0.019711365730339717,0.012887902321670327,446.507648557059,4.922179524078809,-0.0005689231827846714,0,5.800000000000001,39
0.022746029635326542,0.08722911844832745,0.423307129575365,3.1811165528573317,0.01950870345962878,0.01261442627895016,495.18576904745635,4.820465825562783,0.00039712881996440075,0,5.6000000000000005,39
0.024201169130944642,0.09047821655011312,0.4023690947377365,3.061701809501192,0.02057123136462403,0.013265176020406468,542.9925753912412,4.728891419520536,0.00032844039173169184,0,5.4,39
0.01603106316750759,0.0932221478800952,0.23255887677030707,3.0327261617080956,0.017677339451359676,0.012867272961868483,589.7761579848888,4.632844823638115,0.00043396311910187083,0,5.2,39
-0.0014649866906684278,0.095015413676663,0.688831650366371,3.0196823816906435,0.01726664044094001,0.012602667573687243,635.7016839498383,4.543961350284862,0.0007176445605299855,0,5.0,39
0.002737329020466578,0.10140751213195395,0.15208485682480033,2.828632180931551,0.015457405193323979,0.011702799709286359,680.6578741879281,4.457686802813789,-0.00023296277778633745,0,4.800000000000001,39
0.00465982574335574,0.09140883503162799,-0.4151414777615021,2.445397206488594,0.015676708843784706,0.012228358246095871,724.8286147900646,4.3670570324742535,-0.00027526793171322615,0,4.6000000000000005,39
0.0004734892363435354,0.08703963761309583,-0.5054524896451307,2.3490253027625765,0.015051404459782702,0.010321163863418364,768.0754583220446,4.286774188297064,-0.0007188021901657481,0,4.4,39
-0.0045920363367684645,0.0902528335116665,-0.42536326455841156,2.262442894580066,0.016863790492916628,0.011212350231405791,810.4327471764237,4.191758639741483,-2.0576474411334057e-05,0,4.2,39
0.0057227934089829815,0.08886441471658581,-0.2372757253440918,2.295971205354268,0.016350760863836432,0.012663253750980588,851.9367260498947,4.108526673855347,0.0002856077403960721,0,4.0,39
0.0022002427397234546,0.088975327747878,-0.52092995900315,2.2687273275488633,0.017756808282386505,0.012548137530056229,892.62960566723,4.021931959091673,0.00038316735723216037,4,3.8000000000000007,39
-0.005711100686839075,0.0948104672635429,-0.5971502446546024,2.1258301040505985,0.017083167057012558,0.012088850764324508,932.4313795559419,3.938891139979328,0.0005647283900031326,4,3.6000000000000005,39
-0.003268162700372035,0.09635486865022716,-0.770314443838187,2.0943966214318834,0.016475805117496467,0.011868399741989902,971.4445072361594,3.868142011038818,-0.00023586837839316768,4,3.4000000000000004,39
0.004759201085731301,0.09669916832487727,-0.4867557208959443,2.2473232768657128,0.015687394146931533,0.011582248437153875,1009.8291409374102,3.7955760873624294,0.00019614719657086018,4,3.2,39
0.004026249301281044,0.10408793266948684,-0.7658067948738831,2.088779929858958,0.015139350989299345,0.0094627425452706,1047.4052020507575,3.72518864158007,0.0005861891649903733,4,3.0,39
-0.0009115372737804675,0.1131148320624598,-0.7348839417434445,2.2318076314215363,0.014969705759279837,0.011882142804658626,1084.2149009641225,3.650134834868701,0.000920577424928216,4,2.8000000000000007,39
0.00397626192846271,0.10990121039474532,-0.30179416335467835,2.2956113844335855,0.014431925139350987,0.011585460465043192,1120.3573622196059,3.571693316150616,4.621112488676206e-05,4,2.6000000000000005,39
-0.0027181637761799064,0.11029205387366085,-0.23357408253071332,2.2882946027037843,0.01531892163066848,0.012484973807542064,1155.748712001376,3.4956623747532327,-0.0009155754106458315,4,2.4000000000000004,39
0.006341451382656516,0.11561417604500744,-0.23918337250901,2.5030553003316847,0.015807395962518723,0.011893139632485119,1190.349769790109,3.426811052947919,-0.0003483729426526305,4,2.2,39
0.007158976207094769,0.10908467025265751,0.0718983279591554,2.651130881385038,0.01638708814519422,0.012760527652602025,1224.3038822131034,3.3625452430372844,-0.00016078510042882326,4,2.0,39
0.004800659739136216,0.10062427757744212,0.36040385886368753,2.8770049407823493,0.015571652050049335,0.011101950304234847,1257.6449438962989,3.2985645429851527,0.0005868589378543854,4,1.8000000000000007,39
0.005034851525823244,0.1007431697434617,0.1494291277975779,2.8732855765350096,0.015928200028251266,0.011599157188818666,1290.2750493252556,3.233272755648848,-0.0001994586634045124,4,1.6000000000000003,39
0.008636738491675287,0.1080272372243231,-0.28442186202298503,2.6742508949119417,0.01573246095579453,0.011374090838407645,1322.2336004019544,3.1648060381513896,-0.0003787066936376021,4,1.4000000000000004,39
0.005691682826602642,0.09820824067332368,-0.393530746731626,2.2871776616655746,0.015355223467287082,0.011557368677001868,1353.661401696502,3.103760041921423,1.1055595502561005e-05,4,1.2000000000000002,39
0.008004839638847787,0.09144827430362527,0.033076708345733064,2.4508916076060134,0.016304166581026944,0.011263009551648473,1384.4696717182917,3.047614139198505,-0.0007845843018303485,4,1.0,39
0.018402339239413115,0.09999208478277488,0.7268935317222947,3.047484910863699,0.01881987298114895,0.012637585541491931,1414.5353373593473,2.9832930509681654,-5.1205274548046456e-05,4,0.8000000000000007,39
0.017206107234285666,0.10443313703714095,0.3883213315550793,2.9276153100772584,0.018438176916769303,0.012087139715837377,1444.0771003075265,2.9221350976988054,0.00010698352112239649,4,0.6000000000000005,39
0.020459595227430523,0.10829839482243123,0.18635202114647864,2.8112252699767897,0.0187952528730408,0.011889904198425944,1473.0588127380374,2.8585451858718454,0.0012451782963019693,4,0.4000000000000003,39
0.006696897399518878,0.11649982240290015,0.4106526434337061,2.656006024056363,0.01958512085524795,0.011613915824521261,1501.4436407368082,2.8091280310244335,0.0010294247247824339,4,0.2000000000000001,39
0.015829524212114192,0.09287500795827873,-0.6158997732235831,2.087128606227209,0.0154163467531545,0.011126692538168295,136.00171979516958,5.224679739368806,0.00023506301013439073,0,7.0,40
0.018057022325608997,0.08988817725493456,-0.9475069003837784,1.906242697867743,0.016699049423586257,0.012190723446021207,187.97000991379565,5.401474880555113,4.9369205535897914e-05,0,6.800000000000001,40
0.01764433963850584,0.08810096630003324,-0.8329520169447515,1.9451455393517803,0.01854889806228634,0.012514855737630916,241.44462908268594,5.327449833796679,-0.0003692801942514005,0,6.6000000000000005,40
0.020604395481228818,0.10153798080613075,-0.42872443070167465,2.6008896653675073,0.019067743749175355,0.013191556379333537,294.2857565545136,5.224037949028095,0.0008481528759680792,0,6.4,40
0.006959629829967138,0.11069663358853923,-0.23187135247285884,2.430410213548046,0.019392014117312114,0.013679217034596779,346.04089649116,5.120956407696002,0.0012953242082303577,0,6.2,40
-6.659204316684263e-05,0.10965702227725412,-0.1687576137138076,2.458394396830733,0.019029404102772852,0.013127269152837342,396.76962344741116,5.0283409913572,7.507906107613833e-05,0,6.0,40
0.008018828321954486,0.10997295464678833,-0.07538337061966782,2.444709661939752,0.01986855547480859,0.013383109519563657,446.5363376033503,4.927308270080184,-0.0005057441140324898,0,5.800000000000001,40
0.0059334616744704145,0.11115515516474328,-0.16634200231524643,2.4217428293409506,0.019903784629312204,0.013788054852935498,495.29255592835676,4.8211030372105315,-0.0014202046872081246,0,5.6000000000000005,40
-0.0023603221464195915,0.09775469928334479,-0.27440962086254794,2.704103594813567,0.019777210397751953,0.013475191974164365,543.0543428213645,4.728704927266038,-0.000373326315616562,0,5.4,40
0.013594295540573502,0.09891039230758567,0.13686779262330395,3.073334892473482,0.018535095552939217,0.012831533104812085,589.9055095079148,4.634333460528706,0.0011483801071395165,0,5.2,40
0.009347170992326077,0.0975334090921298,0.3650371620710624,3.131977074930299,0.019084874221138044,0.013175882591559029,635.7753898709591,4.545764644083647,-3.1441682294099074e-05,0,5.0,40
0.007575748648219943,0.09992679023182462,0.21767797924455712,3.062286482623479,0.01663288758215309,0.011557148914503561,680.7433795334007,4.456111870566586,-4.663182456577968e-05,0,4.800000000000001,40
0.0024411977100882356,0.09942864146831955,0.5245585270934141,3.0856918123788613,0.01580619204639014,0.010798446579890451,724.8444417610664,4.362774889853944,-0.000627141914037667,0,4.6000000000000005,40
0.0032596914713354883,0.0973751211529349,0.6762240334340661,3.1499336741586097,0.015721088169577832,0.010972448902903076,768.0695665642196,4.278131613004131,-0.0005011500356974623,0,4.4,40
-0.005481522899787839,0.0820270521699389,-0.20452164840815446,2.569387322668979,0.015232952662327737,0.010156119431504337,810.3575985079516,4.189817777518642,0.00022694318082510197,0,4.2,40
0.008644628822912066,0.09745096275557774,0.033147039391808075,2.9512349724595506,0.015213872574874969,0.00961589968191337,851.8845685000263,4.11007015657633,0.0005124289565940244,0,4.0,40
0.004139142498013404,0.09253516613330151,0.5258096880885246,3.1172875965636844,0.017399155539157787,0.011059902100476093,892.590949172035,4.030004119188262,0.00022203536434183826,0,3.8000000000000007,40
0.015988625621173,0.0977644875335733,-0.0328712433953231,2.914060102309093,0.016880234221582847,0.01153425823192635,932.5241637896881,3.9530296499529456,0.0001509082110466474,0,3.6000000000000005,40
0.026053908952730215,0.09459811312843917,0.029802470849515927,2.940729727490723,0.016814842410778397,0.01098812325443067,971.6510528233266,3.8814909331021132,-1.8493798249006602e-05,0,3.4000000000000004,40
0.03276172930704269,0.08990773562802482,0.4364624244032398,3.013959973892048,0.01771409572066391,0.011714129771712573,1010.0350004017943,3.795759260404546,-0.0008422672175128817,0,3.2,40
0.02222801267956057,0.08105607394636652,0.11400089448434692,2.691657513616393,0.01631608616163719,0.011985002852794184,1047.598756793947,3.718397980204013,-5.3028609892933704e-05,0,3.0,40
0.02558136070266843,0.08221530594808064,0.002496708479402976,2.6269390731382187,0.014438915251359123,0.010583505488458116,1084.3816998507814,3.6378174253180005,-0.0003812774215005079,0,2.8000000000000007,40
0.011346510992563445,0.08295258441381469,0.3905567059671311,2.6778308605574055,0.013970523284626531,0.009103356846726487,1120.4137719988548,3.5639339375354155,0.00047383589036231364,0,2.6000000000000005,40
-0.004943785794670247,0.08620353292672533,-0.23206826163190675,2.5969704886198284,0.013741279525815421,0.008996136354761057,1155.7612746565148,3.5004866505080363,0.0007710687136193659,0,2.4000000000000004,40
-0.0007494320142021865,0.09481639974143781,-0.6893908797826809,2.364952039159747,0.012365928566351787,0.007876702106232923,1190.4515779248852,3.435791311053612,0.0007035517323202842,0,2.2,40
0.002050936135568794,0.09542529905971821,-0.8209183446959814,2.3493827798735682,0.014156650834936873,0.00922670695035876,1224.4422124318194,3.372190901756076,0.00033862805763983843,0,2.0,40
0.006012416337167609,0.09985741926362783,-0.9516200526397167,2.2414936225788233,0.014781280763523218,0.01109916642241928,1257.7745517432113,3.2997525635664333,0.00012556114898583812,0,1.8000000000000007,40
0.006644437220897578,0.09306690963889525,-1.104917127312271,2.0375418814133206,0.014450914644348955,0.011384730093333479,1290.4548392602926,3.228454023588274,-0.0005870945180281841,0,1.6000000000000003,40
0.018113555735252404,0.08398521884828357,-0.9463153190072617,2.2118499410827552,0.015268986739679241,0.012671394897010833,1322.4738949805403,3.167860800936389,-0.0012710980298493873,0,1.4000000000000004,40
0.011830446946251136,0.0871792966854515,-0.6004317637841914,2.4179063879098566,0.01603578594315529,0.012852982616318346,1353.840379551982,3.1078760875805544,-6.864181696103951e-06,0,1.2000000000000002,40
0.008876669608813406,0.09230749408510365,-0.4066171834678638,2.4917088446395934,0.015297755227363829,0.012234435599530248,1384.5373668874918,3.042585563568955,0.0005832067084296437,0,1.0,40
-0.0010861472413531755,0.08867646875840333,0.04012469998639734,2.6057459795140225,0.015802133779582412,0.012157343216147061,1414.6459905411193,2.9759552852320796,0.0010769409486197533,0,0.8000000000000007,40
0.00219490483170222,0.09219157713476228,-0.05966154470799934,2.505860565674021,0.017437908830555494,0.01211414777018242,1444.184889708928,2.9187038319896352,0.00042974683804084793,0,0.6000000000000005,40
0.002028034127647829,0.09447187135673983,-0.2865759211005554,2.445508073492193,0.017059347989849982,0.011706589240336697,1473.0962954121794,2.8654473288432105,-0.0008326293840154068,0,0.4000000000000003,40
-0.007904924116623455,0.09395664540591679,0.48226524877973187,2.513967769499742,0.018324454889013284,0.012663735714642575,1501.4844259004096,2.817731048199984,-0.00017084450947938372,0,0.2000000000000001,40
-0.017206482656248637,0.10118353501877819,0.02139856373864779,2.9858454276943385,0.017691093258075732,0.013831001367650027,136.12230489528028,5.226876943547163,-0.00040512409828781016,0,7.0,41
-0.06641942170005502,0.16507778724148367,2.111752735349465,3.614384336354616,0.01725885626069795,0.01325405467465423,188.17322420165456,5.404307911868651,0.0038847749671225536,1,6.800000000000001,41
-0.269441739018041,0.444818824138486,0.3877564124025419,2.66001698512404,0.016950359146701927,0.013227064594084785,241.48354808580146,5.299549759657527,0.02065204667334284,1,6.6000000000000005,41
-0.6397616406042398,0.7331618239076215,-1.0002065387626446,2.2132566256221606,0.015419984590807657,0.010578633244809179,292.68889714187696,5.065452669656179,0.04269079982396016,1,6.4,41
-1.1343151781145808,0.941041610190531,-1.4473019254486443,1.7923847606772714,0.015854067119014558,0.011380530778240364,340.91630985652546,4.688335785616655,0.0595622281565002,1,6.2,41
-1.722446489648804,1.0005368800368113,-1.2005242009827162,1.678711551914864,0.01735748372131802,0.01221818329241503,385.24335620329964,4.2141370969082335,0.06407242726911232,1,6.0,41
-2.3683074532046073,0.8857555907168965,-1.0696159003339727,1.4915537551947515,0.019548224757765596,0.012230297577985966,425.21179680724526,3.7275188596889675,0.057075528703724766,1,5.800000000000001,41
-2.9293475003186646,0.7545598472258398,-1.1331079418472407,1.3289060832198452,0.019259356668977167,0.012842620266124692,460.59576408586213,3.305979772916263,0.0485271306244,1,5.6000000000000005,41
-3.419701664489944,0.6619941352821792,-1.1931311212399218,1.2781087833434683,0.017645691351063208,0.013319510863394354,492.0275499431414,2.9411027624625854,0.042470265544921885,1,5.4,41
-3.8474702539102084,0.5930899610300889,-1.047933453033349,1.2344067570461035,0.018193828588374608,0.013359125280002986,519.9979170861753,2.6277788468238015,0.03791220013620118,1,5.2,41
-4.218270484960866,0.5105704470474712,-1.0775635753445938,1.1858983122178213,0.01804088393555288,0.012987631406727934,545.0830423983443,2.356711902180865,0.03258380150825599,1,5.0,41
-4.542904675954013,0.4605209153739324,-0.9661407522700838,1.1921323258202874,0.016282413420665415,0.013052366898659675,567.4959463731693,2.1151317527027627,0.02916691009490679,1,4.800000000000001,41
-4.851682218785756,0.41949143589883514,-0.9494747454559858,1.1221787566446746,0.015329694820255604,0.012942041090944477,587.7142229835612,1.9085437842793544,0.02649252334616637,1,4.6000000000000005,41
-5.105094297136754,0.36965606224338027,-1.2767310987888632,1.116479172016489,0.016139194564625346,0.01245077438073144,605.8701235354672,1.7186869936164901,0.022878668637369853,1,4.4,41
-5.338907440255138,0.34896267318585766,-0.829169942964159,1.1097560824178416,0.016034264013804353,0.011943606456361474,622.2125144526135,1.5417827124886696,0.021346389847158167,1,4.2,41
-5.554225674170421,0.30102637530251247,-0.8351032754492893,1.087139833757367,0.015373931952806287,0.011572340864620568,636.8690501100322,1.386193418030352,0.018218587698883904,1,4.0,41
-5.74291627703266,0.2578031107893028,-1.261969408141259,1.0827362442953699,0.016241477365191735,0.011125681405106145,650.0497152297776,1.2359449074898692,0.01565527815713342,1,3.8000000000000007,41
-5.910753468892328,0.2649160132573504,-0.7657125374902227,1.0697503136242295,0.015927222474423283,0.010021746269748912,661.819265734147,1.110575450429867,0.015973646620219217,1,3.6000000000000005,41
-6.078422568670934,0.23928740574650936,-0.8949847465965544,1.066589095118316,0.01825500216662279,0.01260024472059936,672.4282899712473,0.9984290708669262,0.014577396563626336,1,3.4000000000000004,41
-6.228248080832612,0.23514551317928506,-0.9856514094055351,1.067786022042394,0.01754676231947128,0.012786054412200406,681.8910495177852,0.8925221724362216,0.01435859225045402,1,3.2,41
-6.369441049453784,0.2184418820923061,-0.8756072000052018,1.060307538606865,0.018391897452415124,0.014747757752491056,690.3155872095634,0.7949459554516224,0.013041681675683932,1,3.0,41
-6.517407086003474,0.2171457797598059,-0.4410303342169182,1.0775875925371454,0.01817412835692725,0.015206255163947226,697.829565430098,0.7000563436425842,0.01267651683208656,1,2.8000000000000007,41
-6.640043704552994,0.20810955155791783,-0.7205192775609834,1.0658272912308988,0.018236788333055306,0.014589573815390175,704.4520387598808,0.6143135162340553,0.012056662203345211,1,2.6000000000000005,41
-6.758265046390218,0.193336142259657,-0.7890405009089556,1.055586339173418,0.01694856579281886,0.013270327607273499,710.2046377459227,0.5378172775775588,0.010784463803882927,1,2.4000000000000004,41
-6.865246062170088,0.19046778779080922,-0.2237135847780798,1.070085854263665,0.01765280385146454,0.013915929844056719,715.1922340032936,0.46103837823740806,0.009957749095778132,1,2.2,41
-6.962980998804731,0.16764737347144104,-0.19979063378544204,1.0551639145891287,0.017231173302742438,0.011916021233449672,719.4996221493357,0.39337244460771176,0.008004633331377542,1,2.0,41
-7.044870127677518,0.16419090892430235,-0.8724674768477825,1.0438973178256483,0.016671927729999415,0.01209244076041871,723.1139012799918,0.32754373847721135,0.008051961549835708,1,1.8000000000000007,41
-7.129490311194468,0.15936156431645898,-0.9149533609790659,1.0406426626489942,0.017431543049912204,0.012586832230204471,726.1223587914951,0.27157645553553167,0.007633936086912828,1,1.6000000000000003,41
-7.214312321198602,0.16216068232878134,-0.6374384241084452,1.0388758097540367,0.017262401781875436,0.012765389681348575,728.6226620589733,0.22493279416395806,0.008179890187820796,1,1.4000000000000004,41
-7.2919206277259105,0.1467786818804674,-1.0238287192870608,1.0347665970465685,0.016628353425150805,0.011911790454338805,730.6442180713448,0.17635096466873984,0.007893645463167417,1,1.2000000000000002,41
-7.376418820658416,0.14127073359902917,-0.4725655309258019,1.0406521378509026,0.016939638748471868,0.01224661238295413,732.166879379807,0.13327007988702153,0.007542979586414189,1,1.0,41
-7.448366679170991,0.13067286940887413,-0.37018076154548263,1.0370350357512377,0.017110049677132207,0.01208825861453196,733.3263199300603,0.09180562440690375,0.006744693871158697,1,0.8000000000000007,41
-7.5216936700752,0.1245261109111344,-0.2510028231427768,1.0437726777163567,0.01615734537045727,0.011924179719538854,734.1176040847474,0.05551719935829538,0.0062605247149638875,1,0.6000000000000005,41
-7.591045903692758,0.12953444112636986,-0.7150531799508073,1.0362733705321463,0.01598533884915172,0.012222905218612794,734.4351763691441,0.015082199508367476,0.006634959393246855,1,0.4000000000000003,41
-7.650621886926819,0.13021066249002214,0.30970000643568385,1.0492917188714808,0.014852237883401412,0.012315302874592699,734.4348342952612,-0.0192569599449845,0.005325023901458665,1,0.2000000000000001,41
0.011369747862637378,0.11403032998571667,-0.3727486305603023,2.2954486695808773,0.015687594825526254,0.012731993207393415,136.21913526667487,5.229329292375137,0.00026941986333106003,0,7.0,42
0.022819230549888256,0.10732067804437463,-0.18419758697073174,2.396640741880135,0.01776959302192875,0.013542337949042397,188.2233156536983,5.4017786873676155,-5.966167494335338e-06,0,6.800000000000001,42
0.027013946429757102,0.10788030862346656,-0.08955330693333163,2.364123628969913,0.017350022786653964,0.011751635086331692,241.68370791168385,5.322116034522241,-0.0001357744952727875,0,6.6000000000000005,42
0.02012021684330175,0.10579945618300618,-0.07577972841893565,2.441895352349753,0.017166121551895605,0.011272732548526523,294.45131368873894,5.225751365152906,-0.0002814812853440469,0,6.4,42
0.008835972913602892,0.10696306532505515,-0.23150340451766516,2.4509761107783525,0.016186369056824024,0.010857185099541521,346.1725434552698,5.115954575188642,-0.0008529412680464507,0,6.2,42
0.002262619849216816,0.10175183209332253,-0.3148193652820499,2.4979187493853194,0.01767805435933962,0.01159654092602654,396.79998912094294,5.017982605726737,-0.0002734458425025238,0,6.0,42
0.00038428904394422815,0.10549706546092627,-0.14626140742890215,2.4098319731075906,0.01848771769609071,0.011711426067595737,446.4909029234977,4.918901733082464,-0.00011596210234673292,0,5.800000000000001,42
-0.013374984459913107,0.10131817937703537,0.26481337833423835,2.4872261586495013,0.018619925054999643,0.01323961983240078,495.23909012982426,4.819642883464475,-0.00033241987345840156,0,5.6000000000000005,42
-0.03290629066220058,0.09477856658433169,1.1489894211501506,2.5312189711890882,0.01803810577840137,0.013880213718286526,542.90945622521,4.725794979918589,-0.00029327443720298367,0,5.4,42
-0.02531171550429881,0.09536882552118267,0.9314619341728729,2.574842640983731,0.01784033440178403,0.013798332102677755,589.7088710703745,4.630687215468973,-0.0005405911507258931,0,5.2,42
-0.025499452594636363,0.09305660009116747,0.5142470795443788,2.3565066295849286,0.016510337961770746,0.014013390060434153,635.6503039443211,4.5453801746185185,-0.00018185533429713395,0,5.0,42
-0.01593338650928199,0.10327579132750937,0.5133441548154427,2.5432369766234824,0.015470458325640823,0.01283288424590443,680.6075282121096,4.452596230879632,0.0012109989571751174,0,4.800000000000001,42
-0.007210067928069179,0.10434635248681598,0.17471511870519763,2.5413459877945086,0.015209382398518958,0.011609387257708374,724.6992481452421,4.368290679489635,0.0005441454851868324,0,4.6000000000000005,42
0.009429867467563,0.1036080000739137,-0.15732645922664945,2.554908482559215,0.015926396722280103,0.011758536170496686,767.9520229042566,4.279029425682072,-7.605500281906032e-05,0,4.4,42
0.015393554509531131,0.1044446939585788,-0.3230917649704792,2.517383674988565,0.014911866602052086,0.011638712488035047,810.3615373597822,4.1923480684106345,-0.0007752179839293585,0,4.2,42
0.03596903917542622,0.10463334454794226,-0.8053551401477086,2.3999600411355835,0.016890033622001983,0.0118099455516604,851.8216299522563,4.111581719235611,-7.897318043162207e-05,0,4.0,42
0.9230641130831535,1.8042785230485336,0.30059688600698875,2.440123940542297,0.06338861365903738,0.0950546147543978,892.5892682250524,4.032722214771472,0.08067850838111786,2,3.8000000000000007,42
1.7715033650979917,2.1409479619026475,-1.7997615401802107,1.7760743964152386,0.10992383521033823,0.11685142522595074,932.4851919559433,3.95194293010201,0.11609195637209918,2,3.6000000000000005,42
2.60024683624336,2.1081965736046455,-1.815321920743175,1.4714238429783146,0.15706342428780862,0.1184122064981842,971.613189859192,3.873095259367504,0.11229468480354218,2,3.4000000000000004,42
3.4315507529930045,1.690287925229231,0.20269069242740523,1.2850441724795356,0.20678429678685475,0.09563766362521195,1009.8780779983508,3.7921760450857382,0.07067156053199344,2,3.2,42
4.242490635974034,0.1893688773926279,3.2329860007646998,1.15527375302532,0.2506860761711802,0.02313036863727307,1047.4966300643687,3.7156016020786238,-0.007147867712345404,2,3.0,42
4.171735185363596,0.10832325513711906,0.36316134005457146,1.062607157757569,0.25049373403005254,0.023634003503570103,1084.347609497724,3.650962785907014,-0.001981692222926625,2,2.8000000000000007,42
4.162203857460503,0.10367921248834919,0.039582782588779786,1.0487923264029793,0.2509393655401023,0.022783845556608853,1120.48599011736,3.580636702839507,-2.6063381453993613e-05,2,2.6000000000000005,42
4.163231211804589,0.10166828997766364,0.21628417954939172,1.0485459080751398,0.24727211719426884,0.021939028810975706,1155.8772722798806,3.510553308933696,0.0006466640031051211,2,2.4000000000000004,42
4.183112374256763,0.10152581314969794,-0.1223106511982528,1.0539015720647666,0.24768061478641934,0.023354982506160655,1190.5700612551686,3.4252371585744132,0.002354507205934598,2,2.2,42
4.1827723813982765,0.10247323496047565,-0.13871079069682013,1.0539814861594474,0.24918472490199015,0.02454104032692649,1224.5486400259601,3.3560236152455487,0.0012685748738201761,2,2.0,42
4.186663863392356,0.10180098836413685,-0.11457352263657938,1.053006430994072,0.25020098591079565,0.02424764424727694,1257.811959764063,3.294416681419618,-0.0007310164913960235,2,1.8000000000000007,42
4.178712679062958,0.094110760340483,0.1340421213002556,1.0550534905477533,0.2502308086486301,0.024599747563905115,1290.4310110849653,3.2337791585203712,-0.001539509578344312,2,1.6000000000000003,42
4.174932054224176,0.094830885635492,0.1273338814976004,1.0560043855277212,0.25288048125138524,0.02453015015303928,1322.426775733845,3.1733629307728597,-0.0017932449127511384,2,1.4000000000000004,42
4.159168123957615,0.08928072660534522,-0.1168266551607533,1.044455611346363,0.24899709887165022,0.02379945020919642,1353.8277889838232,3.104384105181178,0.00042690255205088455,2,1.2000000000000002,42
4.1590674035638004,0.09493587819117309,-0.12907057499205088,1.0444500856547223,0.24768715069342112,0.021380309325122207,1384.5704803201804,3.0428428668967835,0.000442649904174754,2,1.0,42
4.15546225658994,0.10319016584940284,-0.33713280079221386,1.0453072712005,0.24797520579902263,0.021687086854481553,1414.730791955578,2.984400832058078,-0.00025928906206300795,2,0.8000000000000007,42
4.1640741554683,0.1005089365206062,-0.04400694072111522,1.0431628191283444,0.2461306338533516,0.020709389228917904,1444.2696905204145,2.9256466549087916,0.00028434598637879806,2,0.6000000000000005,42
4.166659622013404,0.09992123888974322,0.07584984532912031,1.0425193560086154,0.2483858962391563,0.019159248352762056,1473.2199983078424,2.868525520784519,0.0003167301576613288,2,0.4000000000000003,42
4.164664049503548,0.09189091822856939,0.38446325385731495,1.0427039872234651,0.25249534279669006,0.018895602528544185,1501.6246075872882,2.8104556529524034,0.0006313556791923799,2,0.2000000000000001,42
-0.008495220490117618,0.10084690816195226,-0.36727995071272757,2.521548146659995,0.018714387167275016,0.014795664092149642,136.03762005809727,5.221645738300721,0.0007428621336691947,0,7.0,43
0.0016138343140904914,0.0993890767188462,-0.8978525125180163,2.2219465976147528,0.01690072227675433,0.01276495630093356,188.05016519081792,5.397106893517791,0.000374386096156008,0,6.800000000000001,43
0.010644694410317927,0.11430960750870263,-0.4074969914149915,2.6284746905399605,0.01593119472702982,0.012371758404246423,241.50571796488174,5.327472763614987,0.0005971181466086716,0,6.6000000000000005,43
0.010315459848983011,0.1139833418923425,-0.3414919815427693,2.636640466278459,0.016109880874685255,0.01223390274206003,294.2376255145918,5.220964779665621,0.0005878079429379721,0,6.4,43
0.015779135016030354,0.11504946191849462,-0.17270933594013949,2.5982830380659436,0.015472822287945397,0.012007237120965693,345.9629234003822,5.119895859337404,-0.00013205954224478826,0,6.2,43
0.01708826341352338,0.11073315858368261,0.2153482895931793,2.692825190667698,0.014468459719302551,0.011397324981903907,396.693452055483,5.021884333111984,-0.0008423083745385054,0,6.0,43
0.01631245545369711,0.10368466301539117,0.8152163861785655,2.8745417320399924,0.016493190738163098,0.013141196567248282,446.41658698817105,4.926464806317718,-0.0015804802779540341,0,5.800000000000001,43
0.01866238702975362,0.09202629801820919,-0.2170464907769003,2.347023129566671,0.01762438019195345,0.013952091882190935,495.1751089844402,4.830139220146113,-0.0003594802718128024,0,5.6000000000000005,43
0.00746715880618115,0.0882263546050964,-0.1393554718021206,2.4550972830548803,0.017792170453196938,0.014097235246965795,542.9949501002022,4.732528094057305,0.0004021574089773846,0,5.4,43
0.009757483375846043,0.09372385396679256,-0.34538416047649356,2.6896828160496766,0.018895687035928095,0.013546990848856001,589.7788249245285,4.6290573235648695,0.0010835772265654195,0,5.2,43
0.011169672280430403,0.09919488159278554,-0.4527034074512257,2.538977697922167,0.018462687894241814,0.012839620817011272,635.6368214352456,4.535130256565013,0.0008336566059987849,0,5.0,43
0.0024001491352788253,0.1025844700891653,-0.6691628395013378,2.4702264034186925,0.016337148758068843,0.01189822423440689,680.6594166803468,4.452966737163598,-0.00044020934729169676,0,4.800000000000001,43
-0.015514844660683596,0.09559776003531967,-0.325379056450505,2.6165727079394014,0.01669774135855597,0.012487297636966967,724.7681077456459,4.369693175766797,-0.0006773707337864124,0,4.6000000000000005,43
0.0042927187287236535,0.10737000436304006,0.24219979928512325,2.9224515679327205,0.01649603463059538,0.012269120805007335,767.937890967074,4.2811843885905185,-0.0003373545541506233,0,4.4,43
0.002489332860489377,0.10315876119516905,0.5864564638663032,3.0433302310359287,0.015135211631622968,0.012130922632678811,810.3400083332854,4.191779234405858,-1.0660851457818563e-05,0,4.2,43
-0.0008529879519345202,0.09907561802919675,1.0164573017709735,3.169574570060776,0.014286032102565188,0.011765694741708991,851.8512389688459,4.100385968880599,0.00010237918656180149,0,4.0,43
-2.159722577395533,4.376426155003242,0.30990552745657984,2.4777499608209466,0.014682310391084918,0.012178958821283559,892.4675417761988,4.022782018004068,0.03097751895698653,3,3.8000000000000007,43
-4.170648597151824,5.192356089682152,-1.8003591313632337,1.8120498354886125,0.012609094558124697,0.009408026852595843,932.3461720669683,3.952991614449814,0.058592434476239755,3,3.6000000000000005,43
-6.193959133573404,5.115145588878142,-1.819822622527454,1.4992449986392204,0.012569060629421935,0.008278792163450144,971.4764380249835,3.874974239964805,0.0666156054861056,3,3.4000000000000004,43
-8.203331336355568,4.15177363241445,0.21349076519650856,1.3072600188281887,0.011717344032239119,0.006707250846661969,1009.8171571156663,3.799714768377948,0.05233318549964463,3,3.2,43
-10.208510342290092,0.396387693830636,9.161159369677286,1.1740912080935486,,,1047.4372258565784,3.7220836966983333,-0.015888376286693245,3,3.0,43
-10.05597841404089,0.02584886572370581,9.161159369677364,1.0115789995109723,,,1084.2556251190304,3.640008310615355,-0.001036098021191179,3,2.8000000000000007,43
-10.046031643762053,0.0016856321969662654,9.161159369676719,1.0007560265489726,,,1120.3568732828944,3.5723761077445815,-6.756506078064974e-05,3,2.6000000000000005,43
-10.045383004227263,0.00010992187950620482,9.161159369788216,1.0000493053254509,,,1155.6741119166616,3.494919875965053,-4.405989920590729e-06,3,2.4000000000000004,43
-10.045340705749034,7.1681233994195014e-06,9.161159372275378,1.000003215270154,,,1190.3566493230906,3.4305567569445548,-2.8731931789049253e-07,3,2.2,43
-10.045337947420002,4.6744099849284604e-07,9.161159378989549,1.0000002096712806,,,1224.303891424196,3.3656300409450295,-1.873640020540484e-08,3,2.0,43
-10.045337767546414,3.0482327833246026e-08,9.161159704607774,1.000000013672889,,,1257.6233728903512,3.2945298565293784,-1.2218207062400053e-09,3,1.8000000000000007,43
-10.045337755816664,1.9877853936217025e-09,9.161157096073882,1.0000000008916237,,,1290.3071830358062,3.2419370200302176,-7.96762016807404e-11,3,1.6000000000000003,43
-10.045337755051754,1.2962566477857755e-10,9.161272324633817,1.0000000000581437,,,1322.3386626704078,3.1674172476932156,-5.195741901487727e-12,3,1.4000000000000004,43
-10.045337755001876,8.452464821641484e-12,9.163655357471379,1.0000000000037916,,,1353.6958758488126,3.108060077248842,-3.386154110195967e-13,3,1.2000000000000002,43
-10.045337754998624,5.510979377883341e-13,9.197606375728148,1.0000000000002474,,,1384.4342343034627,3.040365616263859,-2.2003428232651182e-14,3,1.0,43
-10.045337754998414,3.4199047320093007e-14,9.531849590516826,1.0000000000000158,,,1414.6210278031533,2.9801609556721047,-1.2625910360867919e-15,3,0.8000000000000007,43
-10.0453377549984,1.4796930398031855e-15,,1.0000000000000009,,,1444.0860952787139,2.9282709648562526,-6.532223435505509e-17,3,0.6000000000000005,43
-10.0453377549984,0.0,,1.0,,,1473.1090927117589,2.8712198294088838,6.139906278461508e-17,3,0.4000000000000003,43
-10.0453377549984,0.0,,1.0,,,1501.4589353927443,2.811447697341197,6.139906278461508e-17,3,0.2000000000000001,43
0.011517799434745055,0.10331609411385183,0.2173860789542581,2.7716152358800676,0.016958857192276185,0.013031483867421671,136.20785119032107,5.219896736586397,0.0009050720602993293,0,7.0,44
0.010721498997644109,0.0966009741368578,0.0017153010724246798,2.3661941384009744,0.01814699545911001,0.01395709097201832,188.08035689525914,5.399318883359156,0.0002519993190327524,0,6.800000000000001,44
0.0022033315055045894,0.09441139450798951,-0.03153822633311032,2.435562425325282,0.01809850151032123,0.01419513424532918,241.55046244582093,5.323987968253585,-0.00042737952708971197,0,6.6000000000000005,44
0.011697609782641505,0.0869897195721913,-0.22022414305967697,2.264801961297847,0.017709056944616677,0.013888768599372658,294.3537442056656,5.22439882392869,-0.0004062791972033661,0,6.4,44
0.001319347045918666,0.08555912628126373,-0.17610678260039325,2.3235355544026306,0.0184600153710916,0.014023797088506042,346.1210151444302,5.1225263787304325,-0.001051701861075879,0,6.2,44
-0.00387420058133955,0.08728272793952403,1.4397097593950763,3.344943277240645,0.017665982580502445,0.012745879446085536,396.7986174376529,5.027607846205447,0.0010022594330856155,0,6.0,44
-0.012513684878349205,0.08683911612779936,1.5867076639071138,3.3303102321353353,0.01607472673013804,0.011446073454017299,446.53564692058126,4.921450248336664,0.0006754057045683609,0,5.800000000000001,44
-0.005139394695214497,0.08785416036356988,1.2460024599229325,3.320732513521815,0.015902831439378283,0.010968865997822336,495.26011794187053,4.813901660554704,0.0001281765490627257,0,5.6000000000000005,44
-0.0007942949511518166,0.09195068644551875,0.8590336628792343,3.17820329146209,0.01609649140298199,0.012461797957294896,543.0027806327989,4.723547911907971,-8.931297510986085e-06,0,5.4,44
0.015699777153858497,0.09561951318691382,0.21994143580028824,3.015184764118522,0.01750455441227743,0.013308042461454467,589.7837199418732,4.632531016996297,-0.00043704533614383846,0,5.2,44
0.011791697120526124,0.0754732450204134,0.019368074585566664,2.3234360327607253,0.018793566404392406,0.014474928523550952,635.6393520341253,4.54347752020645,-0.00039912684216471776,0,5.0,44
0.013667613666093719,0.08056917626549245,-0.16429489564177935,2.1717643741571475,0.016758476518247533,0.013778640293857083,680.6289189298086,4.453649818993273,0.0002108896962321585,0,4.800000000000001,44
0.012072886165674224,0.08589581910099482,-0.22791079806439285,2.4285178925399453,0.017255173404385538,0.013308572218637797,724.7654270884675,4.364518740476444,0.0001759747379412809,0,4.6000000000000005,44
0.009305003614927412,0.08095907284980823,-0.01871811407617585,2.585080513975321,0.017267484324127925,0.013054596032977563,767.990359740828,4.280873522271485,-7.486474336233353e-05,0,4.4,44
-0.002553571476699529,0.09344208849908937,0.5323622313184448,2.7265503796180717,0.016462212469697254,0.01215306369584705,810.3560191156052,4.193861491699672,0.0010479252165871247,0,4.2,44
0.0028866355747820633,0.10746524433019711,0.09363194856498946,2.549377444842795,0.015391699494072437,0.011685527760156179,851.8702604828209,4.105820912682893,0.0003492418160609119,0,4.0,44
0.005719764718922564,0.10634498158992732,0.14589143010769012,2.5733860295053193,0.01680674092408763,0.011377523558134177,892.5488374495213,4.021301356447694,0.0004254734878277228,4,3.8000000000000007,44
0.009040163728159743,0.11148774098980117,-0.029729932583010488,2.450094551353168,0.01954822205612027,0.014122999291111807,932.4915909693335,3.9510862682284418,0.0004259761854467132,4,3.6000000000000005,44
0.008331330775057455,0.11138915399509215,-0.022163172187819935,2.4534828855071535,0.018963217452911997,0.0138869319867964,971.5704893602094,3.8746102593790805,-0.001259441990012238,4,3.4000000000000004,44
0.0013882907640252633,0.09881861196688083,0.3059451568220699,2.7731892363968353,0.018033963369647753,0.013917858700021612,1009.8974517304246,3.795205187934588,-0.0011498220192643696,4,3.2,44
-0.0027544965662256275,0.0912951276375692,0.1732603434804103,2.7552501102929763,0.017232030550025746,0.013068204994426857,1047.4893940929774,3.7169060018674847,-0.0007320706450547601,4,3.0,44
0.001459610468911624,0.09057943142462993,0.09078049612668826,2.7779416630288214,0.016628039947474475,0.013184651992279766,1084.3207507555776,3.637324689630418,-0.00033558192747914237,4,2.8000000000000007,44
-0.0012327983910523398,0.09592816641208814,0.8004150774422665,3.217168421897325,0.013651124660059466,0.010096027727728283,1120.4112669294561,3.57756890710033,0.0014989408382758349,4,2.6000000000000005,44
-0.011947877476207656,0.10488980793371326,0.3803869963367923,2.9232575050715353,0.013919327029555575,0.009921300351267572,1155.7672264573382,3.5026241500025033,0.0011355707997558174,4,2.4000000000000004,44
-0.005567583471793011,0.1107206901829373,-0.04473613288453304,2.78399333287092,0.015463219512838472,0.010336884009493308,1190.4244368554673,3.430139906026004,0.000537605534510635,4,2.2,44
0.004429549342961276,0.10726189629888935,0.07382241524081312,2.874971262760056,0.01670096246713168,0.01038584851459737,1224.4336588938015,3.364319096021523,-0.0007825499820766017,4,2.0,44
-0.0016197369840438164,0.10514008795269071,0.2991109581225855,2.9351859203063335,0.018258500095068745,0.011855370295670095,1257.743890637116,3.2927159905522547,-0.0012128206781510612,4,1.8000000000000007,44
-0.008634261192586333,0.0883227400657956,-0.19042912109386245,2.2911284255169417,0.01849685722397492,0.011957525467320585,1290.3258667553846,3.2344724004727823,-0.0009666752322608349,4,1.6000000000000003,44
0.002573773082346127,0.08368166116327315,0.15415453315010197,2.42878716241775,0.01791081136345616,0.011652355421537756,1322.3687769587548,3.1722399671862083,-0.00013203879214259082,4,1.4000000000000004,44
0.0012494951590470665,0.09885130837756896,0.36469203914329906,2.572052126789871,0.01728089333744519,0.012433828047249858,1353.7317958497265,3.103128826874866,0.0018384878552115992,4,1.2000000000000002,44
-0.008783879877635693,0.09888698638405077,0.43761236105656254,2.5610444663289194,0.019085741777169343,0.013741274898444912,1384.423887673835,3.041864315210027,0.0007039966987180888,4,1.0,44
-0.004352579727782796,0.09961564605934364,0.2937216390579849,2.550042493376857,0.017520502950254747,0.01258661375336728,1414.5853184235832,2.983613217801935,0.00012294343392075458,4,0.8000000000000007,44
-0.0022849055805573494,0.10505180334312673,0.013694862346389503,2.4198546324700856,0.018209669242573962,0.012184947386862547,1444.1484015649069,2.9273422724025635,-0.0005540218848704305,4,0.6000000000000005,44
-0.010429229907411706,0.10408844658423355,0.09661086706610744,2.430423194631197,0.01867627172204356,0.012158683818377189,1473.1277927523481,2.8766915110034037,-0.0007699296740854787,4,0.4000000000000003,44
-0.0036551581269943425,0.08684500931871175,-0.45799243756741825,2.4913790194879186,0.01620957762229734,0.011831259037274224,1501.5279404312632,2.8147495062053483,0.0005695112058133367,4,0.2000000000000001,44
0.00803850310303468,0.09567165874351259,0.5572936600892113,2.858628692743288,0.014077632718813167,0.012051034013225955,136.12117564546736,5.221297938418654,-0.0001270964206529914,0,7.0,45
0.003694692147473408,0.09850817695703848,0.395060654884988,2.784299536706458,0.014594144232273613,0.011918595189772957,188.10989111308027,5.40492511206021,-0.0011035899392981116,0,6.800000000000001,45
0.006473923477424217,0.09466680789052963,0.24762530451642606,2.8924655124850434,0.017413947990878108,0.012627811033298852,241.56347490938776,5.319989336480067,0.0004196112374412306,0,6.6000000000000005,45
0.009875157242733195,0.10798067542803749,0.3978224020164034,2.770783480896966,0.016198148723535512,0.012398737336800376,294.31292342421654,5.217166432277509,0.0012362065943657664,0,6.4,45
0.009694165510042334,0.09996662738065973,0.61630604170244,2.991335669600599,0.015133570889879237,0.010474310325574394,346.0481526885843,5.126502478078865,0.00037466865780443195,0,6.2,45
0.0061263924462121745,0.10526409675796201,0.1863660910958087,2.849472396207652,0.015232114725436946,0.011389789006695074,396.77746119512267,5.023880220078543,-1.719025373114975e-05,0,6.0,45
0.009600389444147022,0.10661798341022691,0.09748286726985311,2.806559979595177,0.014958158325130633,0.011277338167650927,446.4898430201731,4.9327689683278235,-0.0007143568715627769,0,5.800000000000001,45
0.006689257792305055,0.09666398528411271,0.7117386765817852,3.1007786565341227,0.013284396234394312,0.010675712692188893,495.28250282497726,4.822874729347792,-0.0008201365043111589,0,5.6000000000000005,45
-0.009233432092573112,0.09441446249768766,0.6670850353872719,3.1907909372554335,0.014188615820638174,0.01130896805914732,543.0575352798186,4.724297265330206,0.0009008508317714995,0,5.4,45
-0.0071178891331954855,0.09727377939836072,0.5262430918373733,3.103607876108117,0.015245463685058773,0.012571283446516524,589.7598329581792,4.625061427718014,-0.0003089707325094682,0,5.2,45
3.444543786400479e-05,0.09085355804115736,1.4029097617336825,3.331991277341521,0.016327438220128717,0.012641741667420648,635.6905594325592,4.540492846626236,-0.0005036581897498147,0,5.0,45
-0.0019033295839712523,0.09542771823859196,0.869372844102386,3.1716346877480683,0.017327910333296524,0.012615369282996664,680.6385484234369,4.454995489615249,0.00020581481965889546,0,4.800000000000001,45
0.003722556243830579,0.10075105703370969,0.5451734066854912,3.002575499540233,0.018218644085426748,0.012321809094974838,724.7705530170589,4.370066081599736,-0.00020041848645284586,0,4.6000000000000005,45
0.003291943854425988,0.09584935457458389,0.552008135516354,2.970053921069279,0.018129122474821884,0.011502999266681795,768.009065609564,4.287887540804304,0.0011933788519723528,0,4.4,45
-0.007495769454144488,0.10075536051497878,0.3920605531001624,2.819185478685818,0.018632113578250776,0.01276971238972784,810.4080681559556,4.188107406915021,0.0005032582119006466,0,4.2,45
-0.0006149879541981089,0.11110729819755485,-0.046980926233638254,2.5636891393241403,0.017788797596470153,0.012991180910193759,851.891360819686,4.107720771005608,-0.00030540317132149734,0,4.0,45
-0.0039043239811468265,0.11411999827784132,-0.08874312889378011,2.494559006402166,0.016706872068288713,0.013267401739269212,892.5906170115828,4.023583731968123,0.00021439823599285859,0,3.8000000000000007,45
-0.0058493114807901736,0.11361696243948342,-0.0737047736258516,2.503716025725106,0.01652699320894694,0.012771454093569473,932.4775089808293,3.94950131338109,-0.00016406869394133396,0,3.6000000000000005,45
0.0018925249106682112,0.11445164169909185,0.0822071278531995,2.685465395253598,0.01576424548019098,0.013105277941153824,971.5519657015553,3.874036903623228,-0.00020927387373726022,0,3.4000000000000004,45
0.001299705512162289,0.11129256088491217,0.13311965736912024,2.7618863955087276,0.01429690376813138,0.01074594043857738,1009.941638823005,3.7946503427407534,-0.0007037003739623709,0,3.2,45
0.00025170493382649985,0.10741812965493612,0.2050333193475864,2.861695107707933,0.01523672435880636,0.011473801646247783,1047.4349771765546,3.7106325614770728,-0.0007415543091462266,0,3.0,45
0.005389486239851963,0.10226929534733777,0.20077238593182845,3.0015280485751443,0.01558335414108015,0.011145077173896916,1084.2495224229303,3.6381989576125826,-7.706775057120291e-05,0,2.8000000000000007,45
-0.003995070948167228,0.11239571944287097,0.47208695748206475,2.733207630077516,0.015940389092724078,0.01164538747403587,1120.2559792045388,3.5650732726186694,0.0005616790385644402,0,2.6000000000000005,45
-0.006096251744031061,0.1105598965147501,-3.9958354097091586e-05,2.4264376890063444,0.016125860412899602,0.011526744590124021,1155.5925262617957,3.4962975904700846,0.0007512218330588965,0,2.4000000000000004,45
-0.0012942334354990276,0.1126003561532129,-0.1397117257563516,2.3859996521853044,0.01571532049298078,0.011303436621415822,1190.1705874892648,3.4315322940316775,0.00016910634240382435,0,2.2,45
-0.00742648045834851,0.12185508934559643,-0.1387207451280177,2.469332312569792,0.016400171215776728,0.011864935151523036,1224.2125556838917,3.3622217954977476,0.0006077155761081145,0,2.0,45
-0.011872800117584282,0.12433674918564216,-0.2604157851102653,2.4134266881670503,0.015453398772233076,0.011475330927215933,1257.51106424002,3.3008195329236987,0.00035125413784321244,0,1.8000000000000007,45
-0.0053718648485999035,0.11376388645598016,-0.1696989209514781,2.6469562440391687,0.014557135238006396,0.010855122885151098,1290.1616709024333,3.2318552143492725,-0.0001639750660011322,0,1.6000000000000003,45
-0.0006947533728564514,0.1087753303332955,-0.20626918320284693,2.7714383346607367,0.014178942665032074,0.011039245900140637,1322.1906138203015,3.1702492487131613,-0.000648963138449764,0,1.4000000000000004,45
0.00897773254581257,0.10580073076372437,-0.10529266018102312,2.8390064625778386,0.014833075198221532,0.012158087232005507,1353.6253074530332,3.1071637610687484,-0.0013507010323804444,0,1.2000000000000002,45
0.006375851788066837,0.09511683934672166,-0.10028909512146233,2.364693319584424,0.015225531180984965,0.011674823312846786,1384.383796762665,3.049364671850428,-0.0008260386751509301,0,1.0,45
0.0036068747419087136,0.0925977903525786,-0.24448953600591095,2.4327025720041746,0.01600975253122204,0.01196986483280935,1414.5413908433493,2.990389500096481,0.00041084031709059547,0,0.8000000000000007,45
0.010251724140464585,0.1014232019614785,0.11610073351267891,2.9031551651312633,0.016664321442489118,0.012607413943669812,1444.1182867888956,2.924175533171344,0.0007014209104326592,0,0.6000000000000005,45
0.015475527406189992,0.10486270254900301,-0.16181783849271314,2.791679814610975,0.02010883544931497,0.013472218043651682,1473.0790023895693,2.865781633462076,0.0006821366698561478,0,0.4000000000000003,45
0.008545317696874609,0.1099529081951191,-0.45065801821668305,2.68360583212444,0.01929270141718469,0.013623043765000642,1501.5001264970012,2.8132484422782897,0.0002829863412605109,0,0.2000000000000001,45
-0.01387072012370446,0.09416793204665047,1.1863468261013121,3.427733735213319,0.017196519801950548,0.01106292994059906,136.07609343064357,5.220310321929919,-0.0004230043808012843,0,7.0,46
-0.07116917173955194,0.1901950956313482,2.5207255560674664,3.639257494564659,0.01895418366859472,0.010964106210959092,188.17407452154873,5.406298529832501,0.005017450541515184,1,6.800000000000001,46
-0.2975557488844679,0.45838330657683046,0.4474181307939218,2.725864705243995,0.01900506697579466,0.012276594091788108,241.46708806993377,5.305772662736132,0.022472645941560877,1,6.6000000000000005,46
-0.6622438217932688,0.7474674353781071,-1.001361296720642,2.237994762756333,0.01966174567333054,0.012328748526568959,292.748256270806,5.070254126528426,0.04387481642732296,1,6.4,46
-1.1616168082867255,0.9609434103301239,-1.3515924736481946,1.9576259079065605,0.019449195455878723,0.013406357719326953,341.00745757924386,4.695274595318332,0.06057152435287487,1,6.2,46
-1.7566906835750908,1.0071813891171073,-1.1706415702377115,1.6480715146532332,0.019944116125786896,0.013854576014281746,385.3650803530694,4.2082326800671295,0.06433791511938826,1,6.0,46
-2.3889652597370516,0.8769443951819885,-1.0548900911610202,1.4362488468834151,0.019853478391252927,0.015421713720201504,425.2706166184201,3.7249936833507054,0.05652207793761611,1,5.800000000000001,46
-2.9466447371219364,0.7452235759016899,-1.0598919990889875,1.341165818316868,0.018825361636870815,0.015012041417200394,460.722210974543,3.3083230147463865,0.04802770081854312,1,5.6000000000000005,46
-3.4348770211196338,0.6525367602918988,-1.085340987983063,1.296868501188563,0.01802218893517228,0.014233681445900861,492.2311136305714,2.9542352159201717,0.042095501428285234,1,5.4,46
-3.8515671080771425,0.5839564154245294,-1.1368396474344697,1.2341948373017806,0.01591951060516456,0.0119360949458832,520.1958396845749,2.639244636000791,0.03761854934768784,1,5.2,46
-4.21962524492561,0.5158809612447652,-1.1066065205271771,1.183633704399726,0.015266054852025092,0.011504085418367838,545.2667481621233,2.3501433022679916,0.03301554813233562,1,5.0,46
-4.5499074210102215,0.45381880500527905,-1.035481322537117,1.1510115982877813,0.014726023025112677,0.009841564793910124,567.7575751851757,2.1065380654520687,0.028902487440920027,1,4.800000000000001,46
-4.8435656418434005,0.39776141182300423,-1.1607999732599505,1.1305440671392646,0.017014959566950677,0.011625675696868192,587.9203770760583,1.9012889888512927,0.025298230937144527,1,4.6000000000000005,46
-5.091037742251567,0.356373210719174,-1.1219728422650448,1.1063285107337653,0.01623179460919804,0.01222113809071751,606.0027547798594,1.7218000228172856,0.022519956047263187,1,4.4,46
-5.321681917415173,0.33052670184030497,-0.849478313777356,1.108397113581583,0.015877651069017614,0.012637334139331722,622.3498137598593,1.5475597595381203,0.020860270362695003,1,4.2,46
-5.5377812803027435,0.3060000718632577,-1.0329207640137446,1.0880925647503688,0.017224495340505117,0.01326394606500181,637.0471381191905,1.3816345579897775,0.019213203016349965,1,4.0,46
-5.734531076008958,0.29110830775323243,-1.1061682168991083,1.103754205830755,0.015671436837282914,0.012838736278441839,650.223563967052,1.2401003224443465,0.018222056597218008,1,3.8000000000000007,46
-5.912718220389105,0.27867681944933664,-0.8564714609151993,1.0916840162269807,0.014342775352907485,0.012638594782814058,661.9551436435669,1.1079048900124766,0.017161851464489116,1,3.6000000000000005,46
-6.0821319725261835,0.24751263114116875,-0.8325084768124209,1.077489272244403,0.015157666901398147,0.012481847401465095,672.489617883352,0.9925961954047661,0.01484639599924019,1,3.4000000000000004,46
-6.239219357432469,0.23451410698400846,-0.794509552886479,1.0863636491593283,0.015386040634938319,0.011798273537042964,681.9166588692794,0.8891935524450664,0.01368408314586384,1,3.2,46
-6.374759419289541,0.21776093796896023,-0.8529749263304605,1.0633933538386373,0.014362240487334824,0.011033742941865208,690.2965425964726,0.7875759831780266,0.012556857010797692,1,3.0,46
-6.504158926538195,0.2107662000139358,-0.5501640886352863,1.057925796996945,0.017057853179540016,0.0119486995080695,697.762738389105,0.705653243224034,0.012114627924604273,1,2.8000000000000007,46
-6.626372292808855,0.2010050345974585,-0.5790299881124223,1.0617668368983921,0.01612995572481438,0.010365880854985835,704.3694091678594,0.6161483059680499,0.01130088409008613,1,2.6000000000000005,46
-6.735857680458135,0.1834792796902562,-0.7095710070735368,1.0466985920114904,0.01710342538331112,0.012213140398952495,710.1874304130215,0.5410851572473352,0.009820822728260488,1,2.4000000000000004,46
-6.841099237136401,0.18687908083980098,-0.9344239654022743,1.0580409109548656,0.017792840598999167,0.012499769285222005,715.2055479861469,0.46815364618571703,0.010127959447428036,1,2.2,46
-6.950866133342406,0.18397057437561037,-1.1125770308964364,1.0460104475209417,0.018394506511289155,0.012887829674864074,719.5372791288287,0.39154180800936084,0.00995199674062506,1,2.0,46
-7.050421623967412,0.18493371175493853,-0.705393994902205,1.0498602224025393,0.017418941173956277,0.013530062842364719,723.1637248255042,0.33054486739915756,0.009963264927876227,1,1.8000000000000007,46
-7.141364261570716,0.1787080411041999,-0.007959854520943388,1.0559933299590478,0.018998599431180308,0.013491933293492443,726.2288827451263,0.2704633618945528,0.009415192413686211,1,1.6000000000000003,46
-7.226934307754192,0.15184396449564874,0.3865236081220744,1.0494114797039493,0.016914105734814253,0.01234957669100133,728.7206366609029,0.2255348937269027,0.007036211531736132,1,1.4000000000000004,46
-7.301446023532161,0.13455099513687277,-0.4655896807467079,1.0387539963963641,0.016813659969829794,0.012184650114506508,730.7008126791163,0.17626524629181453,0.006074082611329597,1,1.2000000000000002,46
-7.374046699767631,0.13905253668517953,-0.6152002329522843,1.0311684463182322,0.01657603893464085,0.012197169256099552,732.2749615962656,0.13105429409196798,0.006354138319112816,1,1.0,46
-7.4292270263792,0.13645608524046254,0.20681437344689035,1.0390056471468117,0.01838487300035615,0.013273625020195799,733.3932928300763,0.08903727523834055,0.005747306255684129,1,0.8000000000000007,46
-7.484732379568937,0.13146929666202906,-0.4051802242471121,1.0353396293969606,0.018116859380923334,0.013867979384943784,734.0814985395222,0.044867722825222604,0.005242181221976929,1,0.6000000000000005,46
-7.54704748794947,0.12576917779832386,-0.7271026346280891,1.0374968341295423,0.01905705183616151,0.013830764339534304,734.3830791356927,0.010979617820215495,0.004843265448273804,1,0.4000000000000003,46
-7.616019314360203,0.13675044120779914,-0.8909246773153114,1.0352835377615657,0.018491044742398478,0.014076842150998201,734.3499828169489,-0.025727698605465255,0.005902635420338377,1,0.2000000000000001,46
0.009547077992054193,0.1008652056937046,0.3839411347977113,2.6896463172378464,0.014019150897368143,0.00945979917722924,136.10731496732015,5.22419345889586,-0.00016717208883057854,0,7.0,47
0.008099016724253049,0.09889101688753052,0.4875681269615053,2.746468780787348,0.01342418655073196,0.009676031513240362,188.10432724967865,5.39698451186711,-0.0007806922316277291,0,6.800000000000001,47
0.00968845594430185,0.09560560507004696,0.7436421733432739,2.835735176654386,0.014359863118525577,0.011313677311535654,241.6321629780913,5.319608012491879,-0.0014761658785074686,0,6.6000000000000005,47
0.015960560353493806,0.07385224322558187,-0.5436922641731905,2.238542303740032,0.014006898662154139,0.011577171091536867,294.3079893671554,5.223182945896481,3.6299198367718125e-05,0,6.4,47
0.013906226241802771,0.07799904805550702,-0.4376497896026095,2.249784998892772,0.01611415055396181,0.012712839053225788,346.00527122145076,5.122110368235762,0.00044256132887985337,0,6.2,47
0.008741051190475878,0.07521330892520293,-0.6073522275212588,2.354478330156436,0.017190732809541007,0.013898385350434734,396.78431491076896,5.023602881442085,-5.3204871786263494e-05,0,6.0,47
7.42472820251544e-05,0.08418359940397206,-0.5140196253576641,2.423068226600645,0.01684801964705491,0.014179596674337097,446.4780257697444,4.919025276246429,0.000507547789144513,0,5.800000000000001,47
-0.00026970303352843615,0.09320497901890394,0.1096011411020652,2.892935526675779,0.016281109882584667,0.013864303443259127,495.2532699233299,4.828346619593201,0.000383002005976067,0,5.6000000000000005,47
0.012736048560130685,0.10601786934091285,0.011829842097280885,2.524795772169936,0.017903191992790005,0.01418559335839243,543.0164549422432,4.730785438583868,0.0011152782028717961,0,5.4,47
0.0015869746478939122,0.10445749241729746,0.08999537988594764,2.581005855666274,0.014572001593583793,0.013848943314220147,589.8921370654044,4.637436222611731,0.0005367224319825619,0,5.2,47
0.003306465351790428,0.11372743973413461,0.11495119400319753,2.5431907735224475,0.014233259554258222,0.013099841202325385,635.7284553272456,4.544642024221624,-0.0004712924673691594,0,5.0,47
-0.002445807735687385,0.10971426340320495,0.396088030170914,2.6366849290344616,0.013981024739527736,0.012657489694976763,680.7229013985656,4.4452340727371675,-0.0005521643642850213,0,4.800000000000001,47
0.0029154073322342727,0.10603631865881875,0.32464001542518384,2.7277799798924756,0.014239212967291798,0.012037525026233592,724.7204305818942,4.357100661329889,-0.0008264951466597035,0,4.6000000000000005,47
-0.013695790829140336,0.0942061146669709,0.32596884525845393,3.038917380235996,0.012506595910507628,0.010698260584385487,767.9055204739713,4.26822399750923,0.000324511117074955,0,4.4,47
-0.013734674740992442,0.09581360355518186,0.3804237458510591,2.9888091432473707,0.014446755738915264,0.011265342044630052,810.2376518130663,4.194443720452013,-0.0001220869556960696,0,4.2,47
-0.014958202938269669,0.08681689206127483,-0.1696099584964572,2.428353406863356,0.014126840029686711,0.009575585659640192,851.7093047703512,4.10800834325933,3.973374327617807e-05,0,4.0,47
0.9056192649173278,1.8491807962640117,0.2936095822773557,2.441395962868755,0.06257131606084258,0.09786237919265348,892.4290418224174,4.032921480965638,0.08151261713579312,2,3.8000000000000007,47
1.742333998555408,2.189533349551447,-1.797669976789533,1.7929606122974948,0.10773742148655752,0.11757877711696262,932.400451158376,3.9577051735837596,0.11630080567311094,2,3.6000000000000005,47
2.5898330069462374,2.147937238990503,-1.8153925511472113,1.4880151936845818,0.1563301982134381,0.11780018131679983,971.5315892058038,3.876115421270854,0.11282089783416843,2,3.4000000000000004,47
3.427886403900867,1.7403384727918056,0.2052473496072249,1.2996809199105688,0.2011889527301017,0.09623259596981734,1009.8590008492654,3.802378435935007,0.07135677674234461,2,3.2,47
4.260648267260552,0.196449934614975,3.4942889722234804,1.169075298537321,0.2474265442217827,0.02158181179334871,1047.4715264629624,3.716096045041759,-0.007981468121167398,2,3.0,47
4.190575646225632,0.08403368197328656,-0.6078263219503648,1.0374480214414457,0.24662826955789582,0.0194642279927497,1084.2841799077503,3.6396353740560996,-0.0002888083985665955,2,2.8000000000000007,47
4.186584561023264,0.083770059461255,-0.6500594653414908,1.0384379177122411,0.24891309515406695,0.019365565425756643,1120.2727233131977,3.566208085289758,0.0007648068388991972,2,2.6000000000000005,47
4.1868515156075095,0.10265221120741091,2.130404588248223,1.089564286275643,0.2473134936677964,0.020009094326888303,1155.5840611427154,3.4905222274995498,0.0003932424588401881,2,2.4000000000000004,47
4.19405679558202,0.10642987534725049,1.323248436642742,1.0876696256131866,0.2506683008421405,0.022563974626470456,1190.203573464821,3.4268210091125315,0.0005667151810601304,2,2.2,47
4.192445669292254,0.10172574777325094,2.1282060308157673,1.0881170302618264,0.2513387518716606,0.022195455493172707,1224.1914285045482,3.363935011587861,-0.0007314396730750481,2,2.0,47
4.18217641686097,0.10325485903057084,2.2271174267630265,1.090777761482634,0.24935947662903662,0.022473850675891194,1257.469823702319,3.3017118581492144,-0.0009944904589412312,2,1.8000000000000007,47
4.182383538059427,0.1050796667890863,2.008123303876527,1.0907121674428826,0.2505860236794437,0.022447368080870486,1290.1799846549848,3.236956874464946,-0.00013968202358733016,2,1.6000000000000003,47
4.183034269424164,0.0954094486834127,-0.1878693621189762,1.0521289903499718,0.25104365827107655,0.021939921641525553,1322.3138658904822,3.1769646337219895,-4.6518512738854105e-05,2,1.4000000000000004,47
4.175944704788339,0.09716847243682888,-0.07431975735971097,1.0539042668413894,0.2506492263371812,0.017952424247588403,1353.7603740121506,3.1141048567276597,0.0006968013728265558,2,1.2000000000000002,47
4.1725259560013335,0.10136460069797158,-0.4524810807087487,1.0547426054999405,0.24790065861975447,0.017609847771948413,1384.493301296469,3.044891461458654,-0.000425814215957882,2,1.0,47
4.185502415979268,0.10464943539939672,-0.26717027442105623,1.0514545407994216,0.2492217452893435,0.01788999382419446,1414.7012861121173,2.9822908422860124,8.088424581136438e-05,2,0.8000000000000007,47
4.180628785348796,0.10069572097185711,-0.08271784824517425,1.0527034846612466,0.2468780534489915,0.01793513414531859,1444.2708743908238,2.921280281782057,0.0004619364571071221,2,0.6000000000000005,47
4.182830054826509,0.10147349636431514,0.045161150435488295,1.0487257704347692,0.24486531592811261,0.01926320115139589,1473.160718137447,2.866261237453509,0.0009830356547011335,2,0.4000000000000003,47
4.188272501931414,0.10089067486067302,-0.06958824374869499,1.0473672372517617,0.2456170869427222,0.02179192030974239,1501.4787616532547,2.8098378260115577,0.001411300844502725,2,0.2000000000000001,47
-0.004584565974915219,0.08881331108699335,0.2212030025040077,2.5916736764820683,0.017440601643795475,0.011691257151443908,136.09203132895107,5.224319509271203,-0.0001925138245728524,0,7.0,48
-0.002578123223038405,0.08650253381013702,0.0033232934105114076,2.6633144439062453,0.018479811672052582,0.012437640743980058,188.07776873744103,5.406877412995152,0.0006045359583380617,0,6.800000000000001,48
0.006634384722190245,0.09255648342379963,-0.5515674021584522,2.483737425029067,0.019348415871263763,0.013328866887901566,241.57407028510937,5.326450395107177,0.0004958596330545705,0,6.6000000000000005,48
0.016891412916744567,0.10058358404544898,-0.07021871943383395,2.9422790728218593,0.019253892387461384,0.012898973678871547,294.39461139429886,5.227753883111823,0.0010491656825264571,0,6.4,48
0.018746869272216235,0.10379506453624887,-0.06653307139006293,2.8450142001677823,0.019224470390798453,0.01427693700149735,346.1525009836719,5.120297163006589,4.25055487013929e-05,0,6.2,48
0.03210934656418777,0.10136601226754441,-0.019734872961185257,2.8204079843829652,0.01754578155518649,0.013760244709731407,396.8310662292819,5.020675090476469,-5.23790913260008e-05,0,6.0,48
0.02661700256483305,0.11128821467182853,-0.3704418163613359,2.621824561300044,0.016719671887848085,0.01356520096174345,446.5559065563344,4.925356618201435,0.0007289615706848669,0,5.800000000000001,48
0.007784283309071033,0.11957624430158559,-0.4878581584497148,2.5048964222606074,0.017208725038249106,0.01388947227235489,495.32258810713074,4.81900739234209,0.0005910047199011745,0,5.6000000000000005,48
0.002650294540863124,0.11926045556178426,-0.5554512099967779,2.3533711083771065,0.01770009436122752,0.014067456024746698,543.0728379257981,4.7287623045250164,0.0009732728143628594,0,5.4,48
0.005527441252159122,0.12576252135515367,-0.21306054613558656,2.6385471306289694,0.015867563434893785,0.012911740160354812,589.8844817515342,4.632776240536142,-0.00021308034222148925,0,5.2,48
-0.009261295160683967,0.12762717468058699,0.04870014230341013,2.595594816879795,0.016654151169235742,0.013534250737985245,635.7959722802915,4.541266032569561,-0.0006843005671898261,0,5.0,48
-0.011568729166691024,0.12223073227357951,0.5078076820317934,2.705125406326511,0.01621996141617407,0.012812235018712485,680.7353554141172,4.4506196501822455,-2.1631345804958013e-05,0,4.800000000000001,48
-0.007078188130519015,0.1233597951982778,0.44025062745634447,2.68807748656591,0.014709809569226967,0.011516508646755482,724.8023213762707,4.356999077016603,0.0005210418224675007,0,4.6000000000000005,48
-0.005466552926432202,0.11500700233239705,0.6785626278498698,2.884824345792552,0.015186337091850053,0.012334084476185437,767.9638651525397,4.272633234560198,9.557508482566807e-05,0,4.4,48
-0.007304539552370189,0.10917286530353494,-0.27018607046345755,2.4168633349086646,0.01621095628879438,0.011442260610207367,810.2686549141958,4.185875037517935,-0.00026069359610155635,0,4.2,48
-0.004708767206975546,0.11018586168156018,-0.24351654458849792,2.397873813654844,0.016451355354660642,0.011668413299325763,851.7355474016679,4.107684860817933,-0.00011869658060183807,0,4.0,48
-2.1610403619270824,4.377255420910697,0.3100866888932208,2.4784838281520396,0.01616137716718833,0.01203339824482229,892.4572601565137,4.032801737154966,0.032053653611791834,3,3.8000000000000007,48
-4.173102401319516,5.191459755947139,-1.8001987571170066,1.8128469478582405,0.017075845016217558,0.012418678630587137,932.3243548905218,3.9498651533034295,0.061300513324110927,3,3.6000000000000005,48
-6.191206476945163,5.119946757540669,-1.819401707738503,1.4999340141814044,0.015525927307090681,0.01089698140156367,971.4293218963857,3.8738378853446447,0.06824211500060107,3,3.4000000000000004,48
-8.19793694588692,4.164384405469243,0.21508785155709687,1.3078934154272381,0.015883877948862323,0.013810105282091327,1009.7637113796184,3.7904645878489154,0.05306054335994441,3,3.2,48
-10.209082159744824,0.3977767837870758,9.161159369677273,1.1746880616244026,,,1047.3772249058804,3.718934417913451,-0.015944055068520913,3,3.0,48
-10.056015702869065,0.025939449766351645,9.161159369677195,1.011619521909247,,,1084.1903466912327,3.6503475615149203,-0.001039728894140778,3,2.8000000000000007,48
-10.046034075406444,0.0016915392793297093,9.161159369679087,1.0007586757150615,,,1120.3285290421823,3.575112968657131,-6.78018338914963e-05,3,2.6000000000000005,48
-10.045383162797396,0.00011030708666892011,9.161159369686754,1.0000494781086682,,,1155.7278532555683,3.505467935121227,-4.42143014856925e-06,3,2.4000000000000004,48
-10.045340716089562,7.193243170879154e-06,9.161159369336906,1.0000032265376526,,,1190.414612400334,3.427267992158276,-2.883261917511713e-07,3,2.2,48
-10.045337948094321,4.690790855651835e-07,9.161159306230424,1.0000002104060468,,,1224.372685700011,3.3612106403541557,-1.8802059437970807e-08,3,2.0,48
-10.045337767590386,3.058914941288969e-08,9.16115943030399,1.0000000137208038,,,1257.69288258699,3.2994178950044186,-1.2261023791859984e-09,3,1.8000000000000007,48
-10.04533775581953,1.9947509906407515e-09,9.161173928081197,1.0000000008947483,,,1290.4148155387643,3.2408025222420096,-7.995540997909989e-11,3,1.6000000000000003,48
-10.045337755051941,1.3007980650744791e-10,9.16127581804574,1.0000000000583475,,,1322.372550781314,3.172157873350354,-5.213849396748149e-12,3,1.4000000000000004,48
-10.045337755001889,8.482334267685315e-12,9.161056623431639,1.000000000003805,,,1353.7354795720446,3.1009373934141395,-3.398937104147408e-13,3,1.2000000000000002,48
-10.045337754998624,5.519635391178576e-13,9.219113269175,1.000000000000248,,,1384.4500153913198,3.0342103458505774,-2.19534500813659e-14,3,1.0,48
-10.045337754998414,3.4199047320093007e-14,9.531849590516826,1.0000000000000158,,,1414.6027725645865,2.979931272525613,-1.2625910360867919e-15,3,0.8000000000000007,48
-10.0453377549984,1.4796930398031855e-15,,1.0000000000000009,,,1444.070150009011,2.9298908259146406,-6.532223435505509e-17,3,0.6000000000000005,48
-10.0453377549984,0.0,,1.0,,,1473.03444718795,2.8687532452368893,6.139906278461508e-17,3,0.4000000000000003,48
-10.0453377549984,0.0,,1.0,,,1501.401907314164,2.8051779640914742,6.139906278461508e-17,3,0.2000000000000001,48
-0.00889350626759291,0.08477444756562279,0.05517068581990214,2.7742188872402416,0.016835831516348387,0.012706461662222685,136.20192605852301,5.22622302349485,0.0004675830941998865,0,7.0,49
-0.002061095066752727,0.0844184881440575,0.06841600399070114,2.8006646420418626,0.015697609409559145,0.012606286394850804,188.17750700841793,5.397445797269018,0.0004938880848258874,0,6.800000000000001,49
-0.012840847467328482,0.09435372210968976,0.43208535891089594,2.6786445080392465,0.015498133253492056,0.01215707266873142,241.72753208496408,5.335369986576417,0.0005940078539144996,0,6.6000000000000005,49
-0.010847676327216647,0.10337467069125461,0.004394953093624476,2.4541397265092972,0.013842528218180251,0.011053828208275308,294.51508240115754,5.222120973998572,0.0011181406605073503,0,6.4,49
-0.011300508225586725,0.11282829856632813,-0.40273444775666967,2.2496256201508116,0.015274921308341459,0.012639659871691388,346.1683260269615,5.117668173746226,0.000510159080551325,0,6.2,49
-0.007786887375462964,0.11067374714142965,-0.5090311349405305,2.2993282440135054,0.017579788896386415,0.014202351961954659,396.9029513292657,5.019140974668916,0.0003439596525301767,0,6.0,49
0.0011048652046452662,0.10924861242979833,-0.28964431622710096,2.335076618807687,0.01954755630269597,0.014755930264942282,446.6909400293903,4.91896773016032,-0.0011311744177090433,0,5.800000000000001,49
0.004427739744667607,0.09945157378144717,-0.4240921063167389,2.3644424651221576,0.01861315516623458,0.015253347000706302,495.3197888861274,4.825851206261114,-0.0015252855081930034,0,5.6000000000000005,49
0.004572245420314544,0.09226159849777392,0.28318319779564227,2.7538184074216536,0.019965075616722512,0.015034260819245533,543.0712410734922,4.728051003815495,-0.0007867441661860652,0,5.4,49
0.011709208285927168,0.08459533652980193,0.5236403937442886,2.9781679871291438,0.018762970153125825,0.014768723474955088,589.9507291092915,4.632618168350497,-0.0003530676120521683,0,5.2,49
0.00975847589251163,0.08343223252821043,0.9871916279800601,3.0279981451473588,0.017721563956371273,0.013934194829718182,635.8312557589534,4.542035359012009,0.0003967047276409326,0,5.0,49
-0.006114541239379252,0.0971832859516722,1.2675831437516845,2.7335966855692244,0.01661542383636995,0.013299540954843102,680.7479845549368,4.4549295093936,0.0004084034589846131,0,4.800000000000001,49
0.0037692202518935457,0.10113280282980859,0.8964417597841465,2.6302788275928384,0.016055284720941608,0.012320805210578599,724.8326723712161,4.362232681061696,0.00016984526080435924,0,4.6000000000000005,49
-0.0010096243711183958,0.09479498781445685,0.9744675403163634,2.807959833207858,0.015279319014403043,0.012402760329776216,768.0875336663323,4.276038958884234,-0.00018096184182785346,0,4.4,49
-0.005028424048111377,0.09785313015540496,0.23750391000591042,2.7167041559762066,0.01647194513366143,0.01322351925186963,810.3967791606296,4.191675734649118,-0.00023358145406525665,0,4.2,49
-0.008254475055570476,0.09958040566661254,0.16918754156006877,2.6638533583973723,0.01607033682166941,0.012345925277834124,851.8434187561428,4.106752464163518,-1.827832971095943e-05,0,4.0,49
-0.002213930451673073,0.09468611839874576,-0.5962622073997692,2.2408564991005435,0.01727223744232756,0.013371344524025157,892.5267065023884,4.025402667659117,0.0005982741772327042,4,3.8000000000000007,49
-0.0038095103509035145,0.09012688398134154,-0.4229232362582671,2.352727310092812,0.018954824768449383,0.013250251893742826,932.407810784068,3.943535831743824,1.4120759834594975e-05,4,3.6000000000000005,49
-0.008108829654563651,0.1043382714970085,-0.6741572511744192,2.2237221234607465,0.020297675372782358,0.01354222863246773,971.5083528061699,3.8765954065779926,0.00012326941592828003,4,3.4000000000000004,49
-0.0021392685248893487,0.10192733144136264,-0.4525510597857392,2.282811863123692,0.01760485985712915,0.012188120740713175,1009.8093446782858,3.798570156252682,3.265337777115337e-05,4,3.2,49
0.00778824392110603,0.0983253951940982,-0.13587658650981904,2.359428896806062,0.0188770778249042,0.01338887531756827,1047.4578965323863,3.724837701653277,-0.00027545367927714505,4,3.0,49
0.01119004338765534,0.09104132928221861,0.314919962750003,2.536867907692902,0.01836344397873221,0.012953985136375452,1084.253131305741,3.6447517046370694,-0.00021253514575299404,4,2.8000000000000007,49
0.0006454827634420362,0.09006681845703754,0.2217785510362047,2.5839384052184537,0.018066024079871658,0.01479902659126776,1120.3031893141833,3.5641871645719854,-0.0012037914282823537,4,2.6000000000000005,49
0.006499421627817652,0.08330134040943478,-0.03512088955554482,2.3412511234676,0.01615525527525195,0.014744167020990805,1155.674249892959,3.502711951070921,0.0003964689269327013,4,2.4000000000000004,49
0.0036848772928789507,0.0813338423951844,-0.00924753496009334,2.345731798452469,0.01874572626578022,0.016201838309011826,1190.4193627502166,3.43493300053875,0.000460484376445939,4,2.2,49
-0.005533529325951887,0.07973640619320453,-0.23235594728912945,2.3893666743541107,0.01644730189040903,0.01554421420623719,1224.384295679416,3.3740675649878864,0.00036144458877518886,4,2.0,49
-0.01285625618476941,0.09125069856878558,-0.22507509311556406,2.6360824190605165,0.01613740661087444,0.014920456094740443,1257.722677820797,3.300008355552516,0.0009823337995836653,4,1.8000000000000007,49
-0.016139122460523073,0.11244738518102602,-0.21090072448773078,2.7918505413013226,0.016465490581496062,0.013290937205079014,1290.418872243005,3.2243941609857543,0.0010706760412219605,4,1.6000000000000003,49
-0.02386481060684875,0.11247132016994446,-0.3446046116555439,2.757802487331253,0.017230770496005902,0.013781279448445956,1322.4200497764934,3.1657225228542303,0.0013588701706258339,4,1.4000000000000004,49
-0.01830401253670722,0.11656056190193623,-0.5207615180235616,2.6878842970648784,0.015121409756249555,0.011604397698759206,1353.7547169673865,3.106074095217244,0.00029228176145215245,4,1.2000000000000002,49
-0.02080866610222902,0.13039831239293065,-0.6918209129186743,2.4016861408416266,0.015082685816309631,0.01127001381013371,1384.5349470795786,3.050510814135164,-0.0001467879027769824,4,1.0,49
-0.01553003516289017,0.13012955765387138,-0.5671114897084366,2.420190483003159,0.014710339246297562,0.012175493647387929,1414.658003948208,2.9829069237315244,-0.0006485763801031883,4,0.8000000000000007,49
-0.009141377069983567,0.12191534673910884,-0.5177122248774646,2.145391366350026,0.014151007697941722,0.01260565295190528,1444.234849077378,2.921109711625812,-0.00038020445545104383,4,0.6000000000000005,49
0.003101423480292602,0.11894454707068469,-0.3566544185524365,2.2045095064620983,0.01311896491308982,0.010361292402555521,1473.1381471009506,2.8620537277312827,-0.00047666601530651256,4,0.4000000000000003,49
0.0025192120459004794,0.11644811612976148,-0.22651115289946944,2.2520133584193016,0.014652091753732126,0.010944860812558653,1501.515705815209,2.805008952884903,-0.0012689719927868324,4,0.2000000000000001,49
-0.002815144026769443,0.09840243385339699,-0.5330168621888864,2.139207204861052,0.014452192017388637,0.010780385636949205,136.1734686000213,5.212410691365731,-6.431271687820642e-05,0,7.0,50
-0.011702452282919041,0.09323134018776075,-0.48749205346494096,2.2408600758911703,0.014814414257264676,0.011654887090027365,188.07902890839094,5.4000728185804165,-0.0006051384683275068,0,6.800000000000001,50
-0.022451241784654588,0.09212179222279714,-0.4705860988169577,2.2955165700653937,0.01586139790704456,0.012399682760250198,241.60252467893054,5.32476616562998,-0.00020291408327053308,0,6.6000000000000005,50
-0.018429598654599918,0.09169923511373365,-0.413192668415157,2.3274693053758404,0.017042669094584434,0.013514542044441245,294.29866666890854,5.22191357339857,-0.0002843327986992403,0,6.4,50
-0.020588050682182158,0.09069979599784234,-0.4328885735525656,2.3403839499100076,0.017026333893461986,0.01300885980781794,345.98012044472057,5.123947057812263,0.00013280804626114947,0,6.2,50
-0.022128497586730873,0.0984000722230465,-0.2438446928998399,2.481401908401201,0.015966857898128028,0.01270347162843444,396.78088346708233,5.0235088085958335,0.0003810014938086563,0,6.0,50
-0.031761009054585225,0.10628839161048781,-0.459695646689525,2.297441171369698,0.01494079699237025,0.012404139286670503,446.5425516960796,4.93016096661784,0.0007703550440794324,0,5.800000000000001,50
-0.02740718227612039,0.10278490164383515,-0.35724525338618207,2.3962229055261717,0.015956592116393668,0.012615894078672132,495.30865698392535,4.835677718929699,0.00022294680893329867,0,5.6000000000000005,50
-0.030715277947481995,0.10488433517635216,-0.45750222246030603,2.3320514224132993,0.015209226457444203,0.011421795211559277,543.1352300957506,4.733529655980588,-7.708086564307195e-05,0,5.4,50
-0.02385635347685565,0.11564094825057927,-0.3033238540858001,2.2172096037642692,0.015495807600051066,0.011722777029321998,589.9583548689166,4.628583723457139,8.787548817837836e-05,0,5.2,50
-0.029110043401247163,0.11282377864102552,-0.3332830761591996,2.2463502792773746,0.016820531621453937,0.011598935346594385,635.828713444699,4.53661194145272,0.00024360988233520153,0,5.0,50
-0.015497509793943995,0.11000697344753908,-0.31311669818353627,2.3570867661334094,0.016686408832968097,0.011029637076207776,680.7630967161431,4.448607609146251,0.00037303329746033066,0,4.800000000000001,50
-0.014885245895925499,0.11206534189372648,-0.40676685006374314,2.3163467514776634,0.016599131035052485,0.010568058804982863,724.775434380846,4.358410738878087,-0.00034096993592331557,0,4.6000000000000005,50
-0.006577634944105306,0.11239304157082626,-0.4036273775625294,2.326228645717376,0.01562972002127465,0.010641950220054458,767.9977803728424,4.279673548923392,-0.0005427229026028658,0,4.4,50
-0.010189780455690417,0.10028981877053478,-0.5254884789708871,2.213629742599261,0.015500575865278421,0.010615606974357872,810.4117057208626,4.195920832143761,-0.00042581153616826957,0,4.2,50
-0.0020318708767178536,0.09752876311026114,-0.6206402097507735,2.1001921717688528,0.014481763648102764,0.010735918491359096,851.8709271416787,4.10830298911253,4.255004495082798e-05,0,4.0,50
-0.0040051065941804544,0.09641651250593677,-0.47505013726350853,2.318528720020798,0.014724372240681944,0.011504458105677295,892.5857259421483,4.030625935409219,0.00024241835720402522,0,3.8000000000000007,50
-0.0006523366297551522,0.0930797556829219,-0.44178811354084724,2.4036973678384377,0.014332916388275194,0.01101691720539591,932.5440914551142,3.947526489837987,-0.00033802080803834524,0,3.6000000000000005,50
-0.00793949002466014,0.0895251049868027,-0.387286880344182,2.489231670257589,0.014805951975215628,0.011701381039246624,971.5769228909137,3.86619147973143,-0.00018313709747878705,0,3.4000000000000004,50
-0.006663875873322203,0.0864684388158903,-0.38738963569896256,2.579741716237153,0.016664725632933947,0.01294329218665997,1009.893797268332,3.7969145630083694,-0.0007043005731905068,0,3.2,50
-0.005478959953398464,0.09259120661228941,0.2770459526443174,2.8218501664958655,0.015844628015512344,0.01281873551363763,1047.5150747471012,3.715797816899911,0.00039969682626567004,0,3.0,50
0.004131247115618774,0.09045275167397356,0.14989710883641116,2.8906443647596514,0.0169848575155784,0.013485598726144485,1084.317675775935,3.6429403897886297,0.0005112276990801311,0,2.8000000000000007,50
0.004257244191062917,0.09169239279130134,0.15979799062973665,2.8514629461210426,0.016137954643700318,0.013215074289820323,1120.385795806735,3.5746148936843865,0.0001503890113213968,0,2.6000000000000005,50
0.0043431198468130445,0.09366814518114143,0.1377295597592174,2.791324974205785,0.015698951864575914,0.01281650758584923,1155.7390609217452,3.493142967890976,1.6912286828346248e-05,0,2.4000000000000004,50
0.011795080659395534,0.09546011964605237,0.061285766706357325,2.720817442671257,0.014595907355390736,0.012412438423683515,1190.3473383155485,3.4239707454643953,-0.0005944218468117046,0,2.2,50
0.01997047399080844,0.09806799516396837,0.16383195242318616,2.7080004690179895,0.017039685870596042,0.013517295054886023,1224.2677313696693,3.3554862125456655,0.0009516352626600785,0,2.0,50
-0.0011940142577167424,0.10423504868313865,-0.338981363862382,2.6009542585679646,0.015970776063470443,0.01227600146250911,1257.5522002275711,3.294248061162577,0.0008096477602835644,0,1.8000000000000007,50
0.0008907378612522576,0.10795593808735214,-0.5388988936073056,2.5113887329824136,0.016128998471817084,0.012280232481773195,1290.2189966468854,3.239520544361166,0.0003410155093579991,0,1.6000000000000003,50
-0.005481921850795394,0.10701296412906118,-0.4985870531929022,2.530221157473588,0.01708169915380088,0.012524048766939721,1322.2466786146415,3.171254506520151,-0.00023677045721095377,0,1.4000000000000004,50
-0.01574554589423619,0.11403972956420562,-0.3800878622131454,2.35470155016685,0.016891762923995177,0.012059090981111867,1353.607534589722,3.1056710509623158,-0.0004134682527110483,0,1.2000000000000002,50
-0.016299640334270712,0.1059387738494569,-0.5610686838874064,2.485488670368603,0.016042608253733624,0.01238579272089455,1384.4505987606549,3.0463148801848345,5.778462514576036e-05,0,1.0,50
0.0028184111897310883,0.1004160617028937,-0.20118035407525348,2.6526017990739197,0.015240634672360311,0.012537625146751705,1414.610239125913,2.9846850228688417,-0.0003758503855266446,0,0.8000000000000007,50
-0.011613854012626702,0.10775192758163431,-0.2740409260488881,2.4584743746837154,0.014926939478108813,0.012339734617713214,1444.1158435278057,2.9282250361555886,0.0005387239224373509,0,0.6000000000000005,50
-0.005657920115305011,0.10677322293244472,-0.19666874390981182,2.4921035537814547,0.014923637249510246,0.012014254365523433,1473.0873154770459,2.8667829733670778,-0.0002722451685341417,0,0.4000000000000003,50
0.006655412195814236,0.10285587504536087,0.18520601109448442,2.768692643359237,0.015045659469544415,0.011028813931019042,1501.5103869597297,2.804426644073628,-0.0001430909136744248,0,0.2000000000000001,50
-0.0008369392047333804,0.10912415584395684,1.1301319615249312,2.9092931062583425,0.01748333585013766,0.012149024192321707,136.19802140000525,5.215549031995765,0.00027374400894814775,0,7.0,51
-0.0496835810477007,0.15726867575973447,1.8084532845789836,3.300988244738506,0.015885984187280256,0.011381749425120836,188.18828022856775,5.399409097477007,0.004166348558196347,1,6.800000000000001,51
-0.2538608545304749,0.4411533102019033,0.3579232476566565,2.609432886553792,0.015713897274385717,0.011683734356498181,241.46667483563536,5.303840805882485,0.019887416809115693,1,6.6000000000000005,51
-0.6324015353003815,0.7423592008970907,-0.9119119399195372,2.2503373609051605,0.015120937803587236,0.01136061914998079,292.692230604261,5.063836896427261,0.04244090270608177,1,6.4,51
-1.1143104584891523,0.9405012570875257,-1.4297299332105808,1.9018981917926154,0.016047727817290233,0.011654052097256314,340.88478741756734,4.689074322743648,0.05947599345686556,1,6.2,51
-1.707824447987536,1.007858869321903,-1.2075084133358855,1.656051816379165,0.014227455594076375,0.011874024943633635,385.2041159119394,4.2091325828614545,0.065124081226147,1,6.0,51
-2.3468145933207185,0.8822416653687574,-1.0418061381880512,1.525923520800965,0.014617048989469765,0.01203508958387216,425.1439436768272,3.722964798396456,0.056920513532874334,1,5.800000000000001,51
-2.920670113880259,0.7640193725420984,-1.1414114664676422,1.3550438498696307,0.014954889743774392,0.01194453460940812,460.53973990444297,3.309557360094825,0.0493174245648519,1,5.6000000000000005,51
-3.41733163991275,0.6996430361492971,-1.0526585021950647,1.2855902037614348,0.016215864728106908,0.012962495257230434,492.01141245579305,2.9488087683395863,0.045160362318000406,1,5.4,51
-3.8498055727076665,0.5994002936728058,-1.0984424545955935,1.237063564680082,0.01566362828268371,0.012814871362293454,520.0181417957122,2.6374355691487246,0.03844092449191813,1,5.2,51
-4.224513652894792,0.52645768948427,-1.0090821353461858,1.1921556915219416,0.016049072314970925,0.012018599644758324,545.1793064180263,2.360781628706522,0.03350525770253884,1,5.0,51
-4.553168974646471,0.435733298824766,-1.136150605526631,1.147462504432053,0.017970167664563164,0.014540253003893859,567.697257933496,2.1200095169651685,0.027621560512815054,1,4.800000000000001,51
-4.837225108115871,0.3834965637766105,-1.075483668055711,1.1380926478868327,0.017780238875547683,0.014026362833791627,587.8689758674178,1.9061685105790427,0.024164317133581532,1,4.6000000000000005,51
-5.0931020609034405,0.3821180088925086,-0.8306283999183854,1.1311153409737775,0.01820784965855431,0.013225503116134431,606.0242406131053,1.7140356802031742,0.02397524679734348,1,4.4,51
-5.318589417145822,0.3363725210859124,-0.9598248267921967,1.1147355193908297,0.01834701596334531,0.013689396161776099,622.402483879701,1.541194797708751,0.02075709985678447,1,4.2,51
-5.528555985498924,0.315096859003751,-1.1219654893869064,1.0961285065934938,0.01873765889664174,0.014123331916506074,637.0307510229138,1.3828405150673815,0.019353978312693556,1,4.0,51
-5.726669991750365,0.28647710013218153,-1.0039884533519687,1.0763563325030396,0.017298724920218903,0.011676419604093203,650.1668771190587,1.2402208618872061,0.01709524072538115,1,3.8000000000000007,51
-5.911649413706596,0.27033351912492154,-0.9558751866409607,1.0884112465003866,0.018534722478160025,0.012188613671342973,661.9680912766333,1.109001843674015,0.01603309648712629,1,3.6000000000000005,51
-6.071282017885222,0.2781636587190013,-0.6665939952480633,1.0822203056362205,0.018149680162454482,0.012916014710505888,672.5757685070315,0.9964600392618537,0.016562765768744204,1,3.4000000000000004,51
-6.222283885283564,0.22921449902561158,-1.0049839553165258,1.0563404799082619,0.018003355913512584,0.012847752198702038,682.0167047545002,0.8956189439886423,0.013183551464851305,1,3.2,51
-6.360217400243937,0.21529234268922753,-0.08138861843536649,1.07283708850814,0.017422688966114066,0.012643838407613612,690.424264922867,0.7923035624898079,0.01211519039226379,1,3.0,51
-6.506411607710585,0.21845827981395546,-0.5186644479859064,1.0681982220237842,0.017849326513981526,0.013487398634942459,697.8620146282399,0.693088093997768,0.01265814741292179,1,2.8000000000000007,51
-6.626158692524674,0.2085426100274364,-0.957044477832437,1.0552006737432553,0.01642118147818433,0.012205212953826015,704.3930689862675,0.6015906841826302,0.012103021801461932,1,2.6000000000000005,51
-6.73249235358004,0.20344817450252106,-0.8402799969089636,1.0586177794542269,0.01763167582241854,0.012853827384762342,710.0906979968746,0.5280186691469252,0.011656619271559655,1,2.4000000000000004,51
-6.850068523290893,0.1763018173698893,-0.7292508505160913,1.0450119862760723,0.01828822891975266,0.012414418621306954,715.0417267634224,0.46293936578490696,0.009640223890130471,1,2.2,51
-6.941521674464793,0.14001199966829486,-1.1068626551901153,1.0338704292137335,0.02008845961394899,0.012177197846453127,719.3521480701264,0.3997302620438024,0.007059442672737551,1,2.0,51
-7.019785730565689,0.15120531794772588,-0.5548491838309739,1.041712716210849,0.020495593409983196,0.01126727573563999,723.0430141306019,0.3397346573453434,0.008044914683208892,1,1.8000000000000007,51
-7.117488879213722,0.1687093574147849,-0.0012949973249241076,1.0533713932321356,0.02004852865425942,0.012414230824812116,726.1517563991271,0.2779752860823299,0.00933338502927893,1,1.6000000000000003,51
-7.211724738619868,0.16493578385351135,-0.5591380945123712,1.056527806793351,0.01779980519817432,0.011323951857597728,728.6838600747276,0.22536791854143834,0.00934991160047294,1,1.4000000000000004,51
-7.292534051197432,0.16352199260642647,-0.4897052835590836,1.0448306816533766,0.017171864857551764,0.012059826529473999,730.6917301485009,0.17416226569619075,0.008809434868978132,1,1.2000000000000002,51
-7.389722535768026,0.14369862948311501,-0.8205234498030003,1.037807178331104,0.015507289763842866,0.01204551266241736,732.2602971883389,0.13106612380274993,0.007329452636492358,1,1.0,51
-7.466393206988975,0.13131910640814404,-0.34448476533519967,1.0463407763433812,0.015530313484181893,0.013293792122625195,733.3388527952919,0.08740392129821828,0.005648277941954496,1,0.8000000000000007,51
-7.526683662027823,0.12850252992838543,-0.667392184431232,1.0379684255407704,0.015508084195127659,0.012523620115492542,734.0347904005763,0.04790032843523894,0.005420973236370188,1,0.6000000000000005,51
-7.579021731928736,0.12024294085652383,-0.22263088085060723,1.0308206661482338,0.015551348671104801,0.012270862861196377,734.3728180848976,0.013548780187022415,0.004578044841144226,1,0.4000000000000003,51
-7.649846862248166,0.1367013904738941,1.6356261657982705,1.0578498970200654,0.016645125441213084,0.011863331586306383,734.3431211774035,-0.022538894240998045,0.005181735626709152,1,0.2000000000000001,51
0.008789216354661764,0.10780198119088319,-0.739737106250959,2.298558861799387,0.013211977353030556,0.009837255837504508,136.02824361304474,5.21961518308616,0.00033826965599114556,0,7.0,52
0.007481048329420219,0.11440984767178808,-0.5366634194429221,2.3254803183977297,0.013375063156495236,0.011254553754444117,187.97582680555203,5.401879435645073,-0.0009429377898745787,0,6.800000000000001,52
0.006237962583169855,0.10027594845224357,0.15463884918160087,2.6538039563206555,0.012963068519471594,0.011609523353976121,241.54657826009714,5.329138212692726,-0.0006352185489193259,0,6.6000000000000005,52
0.005416884120471246,0.10145571484273039,0.3631168857609435,2.6243040731726546,0.013056928326361916,0.01178327585830129,294.31849739142535,5.2370384629676705,-0.00024380932642266122,0,6.4,52
0.0014545859854776103,0.10247852149189547,0.31430425040012366,2.6016202925868672,0.012193894665496181,0.011627824844701675,346.18194936022746,5.128856171402181,-0.00031202300525163125,0,6.2,52
0.013347650523535344,0.09574013466172605,0.7595391931890507,2.7577999928585006,0.013489408217171518,0.011720005762767152,396.91813450188687,5.025727990495519,0.0003017896570385088,0,6.0,52
0.021868954791180627,0.08619288978988562,0.5476934720812032,2.4918058773168883,0.01489310926472763,0.011770691540158919,446.64255300861333,4.918440907102568,-0.00022305700942993952,0,5.800000000000001,52
0.021066925331332836,0.09055576296734932,0.042827545484307894,2.3834819640826788,0.016803041691072752,0.011963089442317608,495.35615938159464,4.81710455994601,-0.0003725865841281444,0,5.6000000000000005,52
0.02009853480415884,0.08062778286976827,-0.1778849578462962,2.463510686590819,0.01734833371007502,0.012353946427423183,543.0357444071782,4.720125665013787,-0.0004306340970950092,0,5.4,52
0.015618714565039405,0.08951925343222703,1.0986153892062962,3.213564841069162,0.019656780488879217,0.012430653260172566,589.7766406183288,4.627741347899218,0.0003636805866979115,0,5.2,52
0.008154412162802238,0.09943905638422347,1.3776308228682348,3.134290981841542,0.020923680597578383,0.01250990877346969,635.6322750002618,4.542500761731973,0.0012292799796918869,0,5.0,52
0.0010686688356599569,0.10499161829535215,0.8182150855432635,2.978541662044584,0.0199131627991882,0.013142323450614854,680.5541691688406,4.449733679494176,0.00044501361685994443,0,4.800000000000001,52
-0.006131648719036773,0.10587794337240383,0.687864292566529,2.948722435963277,0.018543566903805944,0.013884827386641013,724.6543874951487,4.3691707412630905,0.0004450289211118447,0,4.6000000000000005,52
-0.004524254543228602,0.11175317390730193,0.23927086072280224,2.796137585653798,0.01869528809479867,0.013969846588087476,767.8975906907976,4.282054123868504,-0.00038544581953796917,0,4.4,52
0.006351533697540323,0.10451056247543149,-0.02716212625458425,2.986786766518413,0.016857380609085072,0.013904626982889086,810.2954321888751,4.198540347878272,-0.0003105080013060635,0,4.2,52
-0.011736468648844572,0.09783222328668237,-0.9182417106271212,1.8666549025638464,0.015342729884832646,0.0129998248333714,851.8070711801937,4.116734843106128,0.00020767424742598506,0,4.0,52
0.8923048530644034,1.832254136086338,0.302666326531321,2.443324528398205,0.062412697054768686,0.09699808710052049,892.5469942271308,4.027485839017855,0.0804146098097926,2,3.8000000000000007,52
1.7454189975995005,2.181263842187441,-1.7963372838525646,1.7788372464674849,0.11197286969138386,0.12143589503584233,932.435188350861,3.9519441743912607,0.11634258563209901,2,3.6000000000000005,52
2.5768086441338425,2.152397184789849,-1.8128721321910868,1.4771315823221363,0.15798599520119014,0.12045291185288798,971.6047737001893,3.8790664649513182,0.11226207122241674,2,3.4000000000000004,52
3.408104656358282,1.7713065015833138,0.1959962313104775,1.288640628791948,0.20677712595439648,0.09881676426226889,1009.9394611531839,3.8037304853925438,0.07130653052728184,2,3.2,52
4.249822560840566,0.21480346058970548,1.8086205771638229,1.1607221180404625,0.25573018912253714,0.018531132074156072,1047.5189400623485,3.723285131173068,-0.007835611508247783,2,3.0,52
4.17562666387766,0.13954883191158177,-0.5930292673536615,1.0795920433185962,0.2539027978838611,0.019613879851031545,1084.3888135832124,3.6452607367057315,-0.0021442257457225124,2,2.8000000000000007,52
4.159567233244775,0.11770790295834273,-0.5102427222601715,1.0654548366286885,0.2517500828463507,0.017526647727193437,1120.501184390585,3.57172591664933,-3.648768932385032e-05,2,2.6000000000000005,52
4.167818601866682,0.1030574089757313,-0.40855406765510516,1.0466349269318531,0.2525824631665783,0.01746101449711736,1155.7584864455207,3.496258908666715,0.0008890853347667566,2,2.4000000000000004,52
4.170208280411643,0.1254067877903456,1.3215402953696245,1.1035576791110393,0.25187576961261393,0.02188271023636753,1190.3171768154568,3.4171977945751544,0.0018377577278072352,2,2.2,52
4.1781510487830955,0.12080076048507535,1.6003135779682207,1.1014966728077955,0.24825824105564576,0.022011253088295046,1224.3015569510874,3.354250857423194,0.0008757050680336388,2,2.0,52
4.187507735416975,0.11879807548732729,1.5569447693492915,1.0990521899154784,0.25055183282794197,0.022124417666619062,1257.5879847406932,3.2968616728926934,-9.631362809390425e-05,2,1.8000000000000007,52
4.1820109643728225,0.12234390660570711,1.2626705431677658,1.1004692846735225,0.247501115064218,0.023830808347328234,1290.2466169322831,3.245014275129823,-0.0011510282852780801,2,1.6000000000000003,52
4.1914133763148715,0.12628567292241602,0.9617761751687941,1.097972724889317,0.2501122405464074,0.02612983291879209,1322.3143881352837,3.1800968164175,0.0008181071316026863,2,1.4000000000000004,52
4.188092166437786,0.10164724919971733,-0.031815865867953264,1.0655050221762175,0.24779276197658226,0.023663157741608175,1353.7786394683676,3.1058526558521113,0.0009574298873146888,2,1.2000000000000002,52
4.186970986452716,0.09675081753863299,0.2890138752207574,1.0658191001956858,0.24961220560396824,0.022997377168548994,1384.5060544665298,3.0392037323160124,0.00016710845920597306,2,1.0,52
4.188734975771632,0.09382167394507128,0.12576405347211495,1.065387089879965,0.24800556010312833,0.022304307344188097,1414.692197130158,2.9835708353171215,0.00026557974912000154,2,0.8000000000000007,52
4.1902105294780485,0.09023781525287979,0.4804139424885281,1.0650317023095446,0.2500309270377899,0.020478188437093037,1444.129969756738,2.920389141156669,-0.0016006348521275353,2,0.6000000000000005,52
4.18875583818733,0.0835097417884556,-0.0985005618486583,1.0460436914760378,0.2474244954168369,0.017686074173789132,1473.0691072820416,2.8619816796781934,0.0009846189602094148,2,0.4000000000000003,52
4.180790005503027,0.08439868551210969,-0.048552846790465676,1.0480316000813759,0.25065433501284234,0.019240744111622993,1501.4404647455326,2.806663958527043,0.00010722905588479889,2,0.2000000000000001,52
0.015933813572584166,0.09160498524073717,0.20018725326271936,2.7042655301643204,0.016111056694743872,0.013920488409108001,136.07679184171974,5.224500151901736,0.000389032846860664,0,7.0,53
0.009042186741099684,0.0972501511175637,0.05250666815415528,2.574978036378276,0.016420162796270236,0.01389592823203288,188.07865415561494,5.398077262387305,0.000553405763879528,0,6.800000000000001,53
-0.006270212236628762,0.09640501640801413,-0.3170505094836753,2.6033707527107595,0.018009074738282713,0.015963125106628097,241.627413272872,5.330094682884991,0.000502157387335516,0,6.6000000000000005,53
-0.010728714101673838,0.09397679314375684,-0.5293150013910641,2.658774358368069,0.017469377180978646,0.014140058509496388,294.3693509484183,5.228845448247258,0.0005075204538770071,0,6.4,53
-0.009204314417652525,0.10352627162845782,-0.7743954690774806,2.4197802186578032,0.018247470166099136,0.014321916470287552,346.10568134364433,5.124108364640076,-0.00013049185800091432,0,6.2,53
-0.015475445001360125,0.100954126403678,-0.8661739581328001,2.098137880367927,0.01808742413696992,0.013986504121299663,396.86073226630367,5.022078763580187,0.00010216293190084631,0,6.0,53
-0.019279303672992215,0.10244072541165108,-0.9481354321086082,2.0555172845154415,0.017471594660727324,0.013243062537847378,446.52930408742947,4.912782422166955,0.0007200748420950401,0,5.800000000000001,53
-0.011620144872908961,0.10159295945696772,-0.9585303609196916,2.0958496781699743,0.015682610650534043,0.010001778880744756,495.17860033517456,4.817573972618594,-9.701887739924918e-06,0,5.6000000000000005,53
-0.022208646022234397,0.10334775132867421,-0.9934143718982731,2.0267673603841216,0.013980318198877004,0.009684222272182783,543.0029549909577,4.73181157524716,-0.0001895880326515563,0,5.4,53
-0.025507307753483942,0.09959115363036943,-1.0447247195815414,2.0835954264144854,0.013791247327536081,0.009619518083611446,589.8409301785429,4.638913852511944,-0.00037007964390351264,0,5.2,53
-0.015503866828327011,0.10267618077456475,-0.6578288525612024,2.0837710527233844,0.014107988961080835,0.010365157473986017,635.7166385577071,4.550472448769365,-0.00042423770076407865,0,5.0,53
-0.008348449070867433,0.09197453586179129,-0.12891029360296002,2.3433023489769087,0.01313707492868229,0.010041843053273002,680.7126440069908,4.448305229759207,-0.00044693897717351997,0,4.800000000000001,53
-0.0009421113573253895,0.10146977608181158,-0.41863961123743776,2.212102782172683,0.013505972813327443,0.010090398038668916,724.8357791582048,4.355109186664726,-7.351284351263987e-05,0,4.6000000000000005,53
0.0031720183718111695,0.10165597857788808,-0.27403690170292627,2.2070518923069162,0.014793113637273975,0.010221260007771769,767.9300655372641,4.269792451683796,0.0003500492698806771,0,4.4,53
0.011722916103817805,0.10070236241343603,-0.32008608260927307,2.2138044695971866,0.015440100721874721,0.01051914709768331,810.28582879309,4.192669518866889,0.0004456111098174361,0,4.2,53
0.011831151612983634,0.09283581980909629,-0.271308902870512,2.398149631427028,0.015423829034077468,0.01083827188292631,851.8279170665301,4.11740262510937,8.78498008463505e-05,0,4.0,53
-2.147971457869911,4.383619411063977,0.3102761373583536,2.4785155433067474,0.016751386461156148,0.011055730800613598,892.5034925387082,4.02678384350059,0.03035881075853362,3,3.8000000000000007,53
-4.17456333044972,5.190134282755443,-1.8002428346410695,1.8128320692456736,0.016834115029340038,0.011582360507820582,932.4497764349096,3.955248877122946,0.05897306391911838,3,3.6000000000000005,53
-6.176914941039204,5.137290169173625,-1.820132303885378,1.4999280010481173,0.017605190424586192,0.012779917333607328,971.5824864368057,3.8683444293715663,0.06661458449492189,3,3.4000000000000004,53
-8.197450066101874,4.165075788978227,0.21322233112669675,1.3078815984388796,0.01658135233957605,0.013697935305358499,1009.8940503617854,3.7931435750062867,0.052413863882466535,3,3.2,53
-10.209059129275104,0.39772083692166943,9.16115936967735,1.1746640246112763,,,1047.410955382572,3.720550010501383,-0.01594181255478129,3,3.0,53
-10.056014201027487,0.025935801411384705,9.161159369677604,1.011617889840079,,,1084.293149324521,3.641201711133839,-0.0010395826574198601,3,2.8000000000000007,53
-10.046033977469747,0.0016913013661970103,9.16115936968086,1.0007585690175111,,,1120.326043351375,3.575924819103704,-6.77922976382459e-05,3,2.6000000000000005,53
-10.045383156410841,0.0001102915720980071,9.161159369699819,1.0000494711496664,,,1155.7376797740287,3.5057241555339513,-4.4208082793174935e-06,3,2.4000000000000004,53
-10.04534071567309,7.192231449191551e-06,9.161159367836671,1.0000032260838438,,,1190.4052065677604,3.4360550456702494,-2.88285639025276e-07,3,2.2,53
-10.04533794806716,4.6901310985946553e-07,9.161159373238792,1.0000002103764534,,,1224.4020731211242,3.3654571453154873,-1.8799415031054046e-08,3,2.0,53
-10.045337767588617,3.0584846763905256e-08,9.16115929928936,1.000000013718874,,,1257.726513652092,3.298340575751586,-1.2259299781849379e-09,3,1.8000000000000007,53
-10.045337755819416,1.994470949937353e-09,9.161159924177948,1.0000000008946226,,,1290.332498428266,3.227627872142062,-7.994415946274758e-11,3,1.6000000000000003,53
-10.045337755051936,1.3006154173162563e-10,9.161060121265855,1.0000000000583393,,,1322.3317744180893,3.1674108332512865,-5.213358925740117e-12,3,1.4000000000000004,53
-10.045337755001887,8.481514336088085e-12,9.162023065605782,1.0000000000038045,,,1353.6797975468098,3.103466197597163,-3.3981267982132845e-13,3,1.2000000000000002,53
-10.045337754998624,5.519635391178576e-13,9.219113269175,1.000000000000248,,,1384.3694961178312,3.0374193938973337,-2.19534500813659e-14,3,1.0,53
-10.045337754998414,3.4199047320093007e-14,9.531849590516826,1.0000000000000158,,,1414.5546006436964,2.9902833865953533,-1.2625910360867919e-15,3,0.8000000000000007,53
-10.0453377549984,1.4796930398031855e-15,,1.0000000000000009,,,1444.0833084406859,2.92120122601756,-6.532223435505509e-17,3,0.6000000000000005,53
-10.0453377549984,0.0,,1.0,,,1473.013839609733,2.8674231864507003,6.139906278461508e-17,3,0.4000000000000003,53
-10.0453377549984,0.0,,1.0,,,1501.412101001069,2.8099238107205236,6.139906278461508e-17,3,0.2000000000000001,53
0.00668342145882872,0.09032504192047328,-0.36794654163953666,2.2557311744501978,0.0154568474331953,0.011878533059941482,136.0804817187928,5.219228396716405,0.00014081055503747546,0,7.0,54
0.00820272907655553,0.08774017240034568,-0.07983844240851212,2.3183485975557985,0.016238677089918756,0.013032645829661875,188.0908170416952,5.401761634781267,-0.0006020420420228738,0,6.800000000000001,54
0.01539196097486576,0.08508808446839461,-0.16366739330496527,2.362132589721986,0.015137854683036824,0.012778313632049685,241.58110668526572,5.332880348390886,-0.0002273110445147265,0,6.6000000000000005,54
0.014707658431665273,0.08597448379615105,-0.5386323457126276,2.3417802391518348,0.01575474628659137,0.012448385774890535,294.3612586048473,5.225615773463546,-0.00020136310596697616,0,6.4,54
0.0026870260056455464,0.09033744155706831,-0.7190373326122352,1.997002068740369,0.014813078413213904,0.011804745279133387,346.10500145339176,5.119969041501341,0.0012800519122692885,0,6.2,54
0.003791933938952842,0.10989887038610764,-0.519852578798996,2.5589987896660853,0.014975440703088339,0.012131494176529676,396.79046058070776,5.015242317045188,0.002009295526348766,0,6.0,54
-0.002055075970884669,0.11237631121607157,-0.7638954282209309,2.503675731045215,0.01563778464385038,0.012222717298033063,446.51073393481335,4.92327172513539,0.0006323260637021083,0,5.800000000000001,54
-0.006074169482226736,0.11313089217373244,-0.7165348220571368,2.483750140289283,0.015943978416012587,0.012514567133157618,495.207851128088,4.825857041764578,-0.00046469566490027345,0,5.6000000000000005,54
-0.0007117633204207767,0.11326453617333752,-0.6712092692196241,2.484415563097947,0.015128226139646993,0.01153933608648608,542.9035914765032,4.72202886669609,-0.0014183331183360173,0,5.4,54
-0.0030557447545794493,0.1074875628089556,-0.3970373453245375,2.616915625854382,0.01469954392159023,0.01199028072578206,589.7131369975738,4.630486756481639,-0.0010326853480786028,0,5.2,54
-0.006118038766941497,0.0968905981437531,0.05859568708009899,2.7551353885357166,0.014554739874448597,0.011408900807728179,635.5992272359904,4.537361426234917,0.0004671130483274168,0,5.0,54
0.000595267542777978,0.0911390248843293,0.6638829588262403,2.934894031297906,0.013014598796742032,0.009828743301563058,680.5593185818772,4.458857560937318,-0.0002837960427644848,0,4.800000000000001,54
0.004079636260944029,0.09433983071454374,0.9534163060205914,2.832677899337516,0.014308662290101566,0.012052225494981245,724.7038547587259,4.375578740973954,-8.147703053659587e-05,0,4.6000000000000005,54
-0.0032402521830536234,0.10154783173790174,1.6403342442022169,3.1183403972047525,0.014667686339821523,0.012954622990279921,768.027240361534,4.284789482800782,0.00025126219777262606,0,4.4,54
-0.010741972413856682,0.09932117020280856,1.8989002931545684,3.1710370274415483,0.01466160864050769,0.012803932964364217,810.4013582493188,4.195636474037788,0.00014236461949074838,0,4.2,54
-0.010839110552019799,0.09395898522192467,1.8513217923202392,3.3492875048465307,0.015247701861867658,0.01329633150746434,851.9392628053695,4.104341710902778,0.0005626660720959176,0,4.0,54
-0.014757103743704678,0.0988567128795589,1.2019302119230924,3.1690651733250004,0.014615182980713985,0.01288181880689418,892.6229858541108,4.022749003501223,-0.0003232968522977863,4,3.8000000000000007,54
-0.014610793690116924,0.09945100717278228,0.9418229289983162,3.151228193205791,0.014560989286789106,0.011428496579425629,932.54977715506,3.9522843300561203,9.685443732109036e-05,4,3.6000000000000005,54
-0.011794588535686011,0.09635596269094082,0.45155706025441544,2.714366074187176,0.012911987432888452,0.00982875184698611,971.6508665139065,3.877083508961356,0.00023469649835470581,4,3.4000000000000004,54
0.006784532588582398,0.09855995182830928,0.3880625887273714,2.6674358237662843,0.013877108775164758,0.010644064621860513,1009.9112107257331,3.7897504598885634,-4.589690510813862e-05,4,3.2,54
0.004189198579551126,0.10276830397640517,0.03639244295602628,2.5622105258638044,0.015013875717054433,0.012032219710473682,1047.5075244848658,3.7139266205703936,0.0003496080825511939,4,3.0,54
0.0027635378594105054,0.10804370772187388,-0.2237209178423143,2.4383580792643826,0.016502613680348617,0.013065705949184141,1084.3388021454994,3.6391903822508738,0.00022792121592069565,4,2.8000000000000007,54
-0.003935358768556123,0.11145927575843528,-0.5250161562542299,2.36292322568493,0.016573837621336976,0.012700061260726495,1120.362732724053,3.573872267385502,0.0005641382116511624,4,2.6000000000000005,54
-0.0011989074560936454,0.10876263669863193,-0.7695983965358035,2.111421341688836,0.017113097714199093,0.012818654001039256,1155.6300285155191,3.4998478755479723,-3.137468541419802e-05,4,2.4000000000000004,54
-0.018851164508219793,0.10479328369686419,-0.7514843672011411,2.15622283817496,0.016826554433442487,0.01288626579053261,1190.3527428539412,3.4249434981390117,-0.0009455238335305487,4,2.2,54
-0.017393324121903152,0.10019363692029996,-0.547821145232323,2.257691195944251,0.016200455111985618,0.0129082032753931,1224.376066699338,3.366606802312041,-0.000786094969208518,4,2.0,54
-0.0038614637206796647,0.09796657689040536,-0.3841184446973349,2.3423923672129847,0.014280980628621017,0.012500995747244437,1257.7230270500527,3.30618854523475,-0.0005509234289946873,4,1.8000000000000007,54
-0.01323477326428972,0.09038331152999668,-0.627477822211945,2.195686312517151,0.013816393134145972,0.012825705239292952,1290.3939664157579,3.243769109842027,8.627530539080513e-05,4,1.6000000000000003,54
-0.008045859993509916,0.09112622223688956,-0.6401289440703826,2.192776692960544,0.015099881499167083,0.013090064222309843,1322.4095709278376,3.1607089078296964,0.00027640068060661696,4,1.4000000000000004,54
-0.00805735336117252,0.09650492350014353,-0.6357464797928443,2.071427398605506,0.014804987214311272,0.012471482263250608,1353.8508014023337,3.099166582054942,0.00010485594544257924,4,1.2000000000000002,54
0.0003883635080488512,0.09825394774561992,-0.6645080742754503,2.0103017002393253,0.014644115958432983,0.011748675854566968,1384.5017022726815,3.0371978199624095,7.90619513017691e-05,4,1.0,54
-0.01330019412512737,0.09217436586164023,-0.44251102491243266,2.120505714385365,0.017021848158943857,0.013693923269568337,1414.590148613995,2.983105539764635,-0.0004445201322058626,4,0.8000000000000007,54
-0.007923981055930054,0.09205265937259945,-0.36483944564085213,2.137679849159028,0.018726645340785116,0.013997657594359756,1444.0874754989622,2.9258099879666557,-0.0002530712654735602,4,0.6000000000000005,54
0.0035316843129290345,0.09313620537303186,-0.4656645025581092,2.119228558738503,0.018689500873550494,0.01492718608848641,1473.1111952994552,2.863139554825743,7.940685007156879e-05,4,0.4000000000000003,54
0.005361739995082531,0.09184230091357214,-0.6639689385311134,2.1218740486139622,0.019775728223152083,0.01452299860222502,1501.467530802353,2.817207016561998,0.0005400249988688894,4,0.2000000000000001,54
-0.01434820654881637,0.09903281957560392,-0.5541005498515741,2.1385434040040154,0.015368029617429287,0.012557201960628261,136.11786639156756,5.222645340066837,-0.00020110380615052836,0,7.0,55
-0.005878224894728584,0.09821123859161157,-0.5054573691751845,2.175433361449539,0.014497596725025428,0.013223568848797218,188.11025427814636,5.402580975333875,-0.001016602789374071,0,6.800000000000001,55
-0.0025179920972799113,0.09493117611286363,0.1437279119665078,2.823283495953861,0.013533599174457471,0.013231153758485117,241.6672864278811,5.329826159949397,-0.00015855550585283673,0,6.6000000000000005,55
-0.012255095115597777,0.09024901772313704,0.48986734978082724,2.943261632353004,0.011857825118066784,0.010102321731942912,294.39309705289713,5.226010310703974,0.00034351341644818815,0,6.4,55
-0.0057801094552528895,0.09631246615231184,0.19053955013782975,2.7786899165373966,0.01080773129201452,0.009464144620296079,346.17172888117324,5.123722611818011,0.0006717878609518121,0,6.2,55
-0.0036009836278793027,0.10400464205109014,0.332503954248367,2.5763270968470255,0.011769583214157215,0.010445228418089956,396.92791906530647,5.024169523789898,0.0005946764284479078,0,6.0,55
-0.008733897729811667,0.10936824641240585,-0.08585909953990178,2.4435399844658856,0.011991196040416874,0.009946108023892194,446.5717856624004,4.9148983191148305,0.0005450334359998561,0,5.800000000000001,55
-0.019772350894163602,0.10466050164454155,-0.17479234726324355,2.504919432526239,0.013232099732043406,0.010714385671482344,495.22870609517753,4.81665381765514,0.00022153534331507957,0,5.6000000000000005,55
-0.01642441478028172,0.10400714862338138,-0.173444648906373,2.5341044842697493,0.01529904857919476,0.011317308540288262,543.0715869151859,4.728359942537738,-0.0005486011370517075,0,5.4,55
-0.008527233943301914,0.10117329706741826,-0.2802514219342691,2.6285118999790096,0.017067507050099486,0.012457024204408777,589.8464301514229,4.635737582185339,-0.0007002838257879351,0,5.2,55
-0.009698584660221854,0.10442282064943464,-0.2989787027663464,2.6864635866809783,0.017766586208284637,0.013375327133862226,635.7319374358957,4.551873347780924,5.353288378515118e-05,0,5.0,55
-0.009119977370162543,0.09885362360024248,0.008366914437972106,2.837977994860779,0.019025584473370022,0.013348953118563392,680.7411807498634,4.450059115704348,0.00044226375703347115,0,4.800000000000001,55
0.003799176650452618,0.0971239838504553,-0.031213475996808793,2.8987726826373525,0.02001676411753541,0.013233752718867021,724.86820568116,4.35432059350237,0.0001300972078191172,0,4.6000000000000005,55
0.013360541779669293,0.0964930347985125,-0.27140269670812156,2.8918547679268327,0.018164028604445406,0.013316871167450202,767.9714746551901,4.271189914901902,-0.0003464623181713148,0,4.4,55
0.008822138799725614,0.10907995926750291,-0.14693836441646146,2.5744821327069176,0.01782395681874968,0.012596505343870397,810.3572489074454,4.188719500185267,4.604232322635006e-05,0,4.2,55
0.011344516442751631,0.09685973190363517,0.00941646182160838,2.5132874133770433,0.01869435665144625,0.013717993773281372,851.8127109204089,4.109950451206945,7.107575919832203e-05,0,4.0,55
0.010926404667295522,0.09749555570752394,0.04259440053267838,2.4983529157021933,0.016155665306528223,0.013557881590373565,892.5062521396633,4.025113236006385,-0.00010794143834226026,0,3.8000000000000007,55
0.00199565891041882,0.10036943386360932,-0.03649561196948303,2.4418268613254726,0.016661649651598633,0.01454135552138955,932.3191948146496,3.9424898075477603,-0.00036658338756179697,0,3.6000000000000005,55
-0.0026638198666606183,0.10169306546485096,0.046439369553227916,2.409686793974386,0.017322258723606564,0.01463607408310771,971.4285015419089,3.8634337023093743,-0.0007394729713302997,0,3.4000000000000004,55
-0.008301998387350835,0.09883986900670282,0.5399588295065794,3.09265554742645,0.016678379671801996,0.014665385592261665,1009.7512000964425,3.798474512348852,0.0009361993126602516,0,3.2,55
-0.008414323555656755,0.10484472693552804,0.11630574744964939,2.916434853378399,0.0153750512066466,0.012448089476123332,1047.3404357874829,3.7259825640760496,0.0005848650867337747,0,3.0,55
-0.009981604361208733,0.1041599482925753,0.06265286314097551,2.9315361784994414,0.0161122424596115,0.012770336060798028,1084.1666310527578,3.6500164002591697,7.653488371537962e-05,0,2.8000000000000007,55
0.00621665570147613,0.11127254425174361,-0.09300086382338568,2.752598249234352,0.015427128742689557,0.011914816969466805,1120.2525381264295,3.564020592150209,0.00026571732881918667,0,2.6000000000000005,55
0.003416255322111618,0.10498949039252307,0.3029153332070278,2.9203913928618426,0.014943724003679382,0.011236110976445573,1155.6537787812345,3.4945106799074086,-0.0013250029964302682,0,2.4000000000000004,55
0.0159088850107202,0.09356465456792736,-0.39471900422262474,2.4613855755360463,0.016435123700334238,0.011843603965825282,1190.2995621344626,3.430725097914002,-0.0007079569604528271,0,2.2,55
0.012677390520391454,0.08719416363901841,-0.34471214642779646,2.6514484201006923,0.016275006747773643,0.011647944704563321,1224.309094687252,3.370914822990432,-0.0006035254262389798,0,2.0,55
0.011669362699008853,0.09381945143246748,-0.42286158614188407,2.471215819210829,0.016987385237329473,0.011933027292354903,1257.6699767777582,3.3071860779244866,9.450093397796382e-05,0,1.8000000000000007,55
0.002927435312449494,0.09654518392640157,0.05759083890727901,2.563565403504736,0.016740774941574693,0.011418283968453354,1290.4300781425507,3.2352345765862176,0.001601671633282141,0,1.6000000000000003,55
-0.00615298074404072,0.10197533905199686,-0.1796069497690782,2.423696785207749,0.016542981443628903,0.011446965832606024,1322.4170249323718,3.1666729192150718,0.00035027860282738294,0,1.4000000000000004,55
-0.016146135059653365,0.10115389720081333,0.3548203647267263,2.460196054194193,0.015631571865261176,0.010803250217313935,1353.8030505412912,3.1018752506254335,-0.0002645997517976857,0,1.2000000000000002,55
-0.013615247242598431,0.10311909600420933,0.2723797836726214,2.4230241189291264,0.015974539051700116,0.011383219387203356,1384.4893704723495,3.0359626923677463,-0.0011183258814230711,0,1.0,55
0.0008235527598899117,0.1038206484664049,0.2534381750426782,2.4278843178375564,0.015357288011388163,0.010973011337589033,1414.5975466148664,2.979390000186246,-0.00030852034360023784,0,0.8000000000000007,55
-0.004098175550039643,0.08664373107537426,0.8781543028696328,2.9059850121664788,0.014916624341782274,0.010705916225267106,1444.1345595873559,2.9268987753205162,-0.00024653997525363457,0,0.6000000000000005,55
0.004715564455139437,0.08949735669802418,0.9192553832775796,2.8125560661551527,0.015403992562055286,0.011096850279596634,1473.125819166694,2.869911846871088,-5.624070184099731e-05,0,0.4000000000000003,55
-0.0009790896214734277,0.09229153367158273,-0.12683311451110946,2.4150323032028536,0.013860600685378177,0.0103988709352127,1501.5409732598412,2.8180743963903203,0.000276098687912233,0,0.2000000000000001,55
-0.007392371247850696,0.10520610046082489,-0.7709454349749625,2.0695940859500954,0.01713729055530539,0.01380994234145613,136.207125545984,5.223957521555716,0.0006960338618410698,0,7.0,56
-0.054035889327169635,0.17038128048989723,3.00714756267194,3.597962211559296,0.01594319720855264,0.013504458025779105,188.29278010231303,5.4030439658518405,0.003813005485754659,1,6.800000000000001,56
-0.269743646791038,0.4511468382189581,0.4148749957002571,2.7923668636347596,0.016880531446792642,0.014113254552414151,241.56544724833913,5.298288144041329,0.020878576670908987,1,6.6000000000000005,56
-0.6378918980157092,0.7394247713021564,-1.0270828285344282,2.1970974847631424,0.01735571758468012,0.015025851247248641,292.74914344849464,5.0548780668324715,0.04193113780471546,1,6.4,56
-1.1140290131435007,0.9642373323810096,-1.442862736014251,1.7914643022741028,0.01710353365850784,0.014170021656453714,340.85764059180605,4.6853285901919905,0.0592097064197999,1,6.2,56
-1.7293525808359758,1.017320226762422,-1.1770030640365896,1.6586313193613758,0.016437582998143865,0.012403014536943174,385.2645801190385,4.209284828084319,0.0658707802052551,1,6.0,56
-2.359981615922511,0.8680719070746092,-1.0785350517963233,1.4793061306230353,0.018078485399431833,0.012917257037181138,425.1198258476768,3.724154583173095,0.05587534873403225,1,5.800000000000001,56
-2.926137562936334,0.7537169084447173,-1.0609849860954543,1.4194367769711669,0.0182761807298132,0.012934517266949977,460.5291671320276,3.3102807140731296,0.04854739652837182,1,5.6000000000000005,56
-3.4086874261325537,0.6523132323701719,-1.1539696241759052,1.2836463554606856,0.01747280080064554,0.012454115697475149,492.0063042299595,2.945776611181783,0.04202876953284356,1,5.4,56
-3.8122434027106618,0.5527098006795972,-1.189447612204173,1.2139939575939431,0.018182566246870292,0.011816526252126168,520.100032412663,2.637555849244742,0.03532584600586918,1,5.2,56
-4.183995750995661,0.5282920392822057,-0.8673543166482522,1.2065126160929147,0.018344422115502537,0.012828585838292543,545.1675143936291,2.366175573416814,0.03371685538710426,1,5.0,56
-4.529197491543749,0.4643305061078817,-1.1732151723393287,1.178162174299855,0.017853935172564304,0.01228445442113274,567.7105673857341,2.1179562759288046,0.02950043880292079,1,4.800000000000001,56
-4.817150201058018,0.43380691309637337,-1.2388146375176066,1.1387497606633252,0.018908467769690702,0.01302059897978956,587.8991304376577,1.9047041285450814,0.027292906755028424,1,4.6000000000000005,56
-5.0852117292807355,0.4042301197745057,-0.9176619556033834,1.1312587004434316,0.02010110204175554,0.012774599376220292,606.0217809722865,1.7060476676290455,0.025007123545503312,1,4.4,56
-5.350862443266315,0.3479693304620603,-1.0724638336867856,1.1300576096257038,0.020162548499169545,0.013878270249753246,622.2515731330338,1.534080861541403,0.021408384245885387,1,4.2,56
-5.554824430599754,0.32006868615148787,-0.8867155536998861,1.0890472952777346,0.01962422968440645,0.013401977453640652,636.8785775583459,1.3771307591681463,0.019407691388477116,1,4.0,56
-5.747608310113627,0.29011200211486876,-0.6097228444551859,1.0952184182006715,0.017496363464876444,0.013543715089342908,650.0151790786123,1.2380296111108597,0.01762667652463475,1,3.8000000000000007,56
-5.926219812846464,0.2557224876064542,-0.6308922138354323,1.0830858253284457,0.01501165269024659,0.013126245403335705,661.8469923619356,1.120175014065944,0.015557644119748757,1,3.6000000000000005,56
-6.092118636818056,0.2365261100639559,-1.0489449445014825,1.0625919254750658,0.013838380210951122,0.013271760589359775,672.4451397202861,1.0003038848599413,0.014610478697391243,1,3.4000000000000004,56
-6.232644741800373,0.22965943416810763,-0.9788459881101921,1.0758205966545533,0.014484237337873882,0.013131721189796674,681.9145001168134,0.8883577623857271,0.014104623907235117,1,3.2,56
-6.3755315078793755,0.21637456360719684,-0.5962357639132492,1.0698784408483706,0.014702553346055573,0.013743103949333537,690.361840423235,0.7877345895106986,0.012854620868165608,1,3.0,56
-6.5153463675897045,0.22154241991155862,-0.453528082787535,1.0804436810765086,0.016409599058840617,0.013976252753961436,697.8415986080707,0.6930507563667594,0.012818307188359019,1,2.8000000000000007,56
-6.636168220696393,0.19825638542333388,-1.2663875135446108,1.0609094417631986,0.016359062934082402,0.013141500921970264,704.406805788226,0.6161274712768808,0.011048831946414556,1,2.6000000000000005,56
-6.739719355282491,0.1912824143411217,-0.9036177825011875,1.0578344635949244,0.018136902168032147,0.013695352449065747,710.1047118913173,0.5301591854617441,0.010057875781753775,1,2.4000000000000004,56
-6.849134558948808,0.1853913917681524,-0.33603856384530006,1.0623820062887328,0.017950103981741173,0.013240816501709659,715.1627872948187,0.4618763978074351,0.009499297840146637,1,2.2,56
-6.94075055066432,0.1658888907512847,-0.24732951917857093,1.0566306701858492,0.017264495699597548,0.01233817176186599,719.4653195389241,0.3952887773484637,0.008062845951611886,1,2.0,56
-7.023857225910624,0.16664555529226313,-0.9213438886253824,1.044833336270758,0.01719291272179982,0.011788968366960615,723.2060918437464,0.34240355987245286,0.008835818303860873,1,1.8000000000000007,56
-7.1189468488794425,0.17577488936354227,-0.2744300288580903,1.0580595918033686,0.017305879397284656,0.01186884350739018,726.2549807143729,0.2870134542757421,0.009309375582746582,1,1.6000000000000003,56
-7.212246568175736,0.16851737275744255,-0.3346373535389029,1.0495057057558965,0.01612946230100844,0.010542977707230413,728.8079749489369,0.21802233451932387,0.008792754736822606,1,1.4000000000000004,56
-7.28198807684072,0.1585318556421903,-0.35411738491983025,1.0427354925987347,0.01702846282114937,0.011261463690713484,730.7976599403606,0.17318058658252009,0.007822373800682705,1,1.2000000000000002,56
-7.370966575277934,0.14563302227035013,-1.0214318402487774,1.0368846187843999,0.017664611849599332,0.011924127264967499,732.3896930488352,0.13048586239858015,0.007148869857881728,1,1.0,56
-7.4378387921081845,0.13488525206718105,-0.3894031450452422,1.039456811179497,0.01738770807040595,0.01271429013469796,733.3548591168424,0.08703899848001402,0.005892813354603889,1,0.8000000000000007,56
-7.501676237793085,0.1350845313664423,-0.052436812806694544,1.035620376904247,0.018219669869410992,0.012906191043419328,733.9923113671178,0.04481785530812797,0.006098839328966255,1,0.6000000000000005,56
-7.558572621960058,0.13355678335519305,0.892795868238792,1.0468123621274796,0.017104365752577913,0.012750291306280411,734.3253236368919,0.005566323473497054,0.005966521036897748,1,0.4000000000000003,56
-7.623547166892525,0.11252732628804855,-0.32249977514583295,1.0379384781748355,0.014899458849887227,0.011623047138577735,734.2449859992657,-0.026470846438670034,0.00474615913615137,1,0.2000000000000001,56
-0.008855930622387563,0.08011382693760383,-0.3440405267363835,2.429215085826353,0.017890567179235966,0.011210666788229726,135.92919588514908,5.216291217269497,0.00014562496041514836,0,7.0,57
-0.009513951997411098,0.09085611633626306,-0.7394731318170202,2.1433543288108825,0.016313952337003956,0.010730554819656802,187.89932111551138,5.400925020251317,5.224749681874697e-05,0,6.800000000000001,57
-0.007190163791637258,0.08716177015762631,-0.577008463977712,2.238904778641248,0.014860062959511583,0.011324440813260672,241.42644767150549,5.330696324652685,0.00034674041686210907,0,6.6000000000000005,57
0.0013170003173811626,0.0909776522669543,-0.880667701918858,1.9633751110974924,0.015275170532030327,0.012413809149701433,294.216699694827,5.235693630220414,0.0002463366082001341,0,6.4,57
0.022287071622249348,0.10388225070354168,-0.6939842870121935,2.163316283673409,0.012879846455958735,0.011906571185529359,346.0038315139276,5.118090107631959,0.0011646305796298717,0,6.2,57
0.013949546260223433,0.10801116352231996,-0.9365274126200194,2.1110309341573132,0.013129936992863822,0.012489652381334433,396.72309456369493,5.016831990454112,0.00011465003897634184,0,6.0,57
0.01669136595148128,0.10011677189654843,-0.6314054752468481,2.2648947163993336,0.013386653283961323,0.013194746047855643,446.46006097927204,4.920436490470075,-0.00011880426024140408,0,5.800000000000001,57
0.022519976204102257,0.10903557200725836,-0.24099773839191752,2.8248127520425435,0.012601988954742325,0.0117272052201537,495.1928231469616,4.823081297359848,-0.00033387306384651607,0,5.6000000000000005,57
0.0052280040023741856,0.12070618891182734,0.39384317042154926,2.7288266085903765,0.014605268390472208,0.014335066108394036,542.9511900876989,4.735162093135057,-0.00011565574271972869,0,5.4,57
0.0047565004362154556,0.11496930332477585,0.8603974169375741,2.865232795865484,0.015754665947038882,0.01488280647362799,589.8386065272208,4.638404093099609,0.0008056733293377606,0,5.2,57
0.016912625680754686,0.11346271966251568,1.0547429145343665,2.8734217511290674,0.01786969860063774,0.015476928619372074,635.7757306754337,4.545043639817442,0.0003393160572626223,0,5.0,57
0.006108787778887606,0.12203974532918939,0.3907842873196512,2.698143090841134,0.019152837730400486,0.01595054162154075,680.7594724926189,4.453570188851067,-0.0001307101548399401,0,4.800000000000001,57
0.009393964345858236,0.11656327084600204,0.3188140033488813,2.819191831858737,0.019148155830029073,0.016195960010636685,724.8596316839478,4.36076711857004,-0.0005595385834120986,0,4.6000000000000005,57
0.015187353237002616,0.10310884381296993,-0.44416224331166676,2.2069818287224034,0.01750448668544749,0.013666107627903205,768.0648764475914,4.273549389211187,-0.0006059157914018356,0,4.4,57
0.0026943812560809295,0.0919411232846101,0.015549277411875284,2.501206279242716,0.01786317920069349,0.012959153272977668,810.40709151683,4.188438063048305,-0.0009576534471433854,0,4.2,57
-0.005038062185739077,0.09308403872094817,0.39963959729374077,2.4678922106676695,0.01600509934817765,0.01068691693698595,851.9130259686269,4.109553719960079,-0.0010822723528452066,0,4.0,57
0.8977705081724972,1.8094576059525536,0.3157122741178924,2.5013918870970167,0.062066027857534074,0.09532465978842797,892.6044310521102,4.0284754642437495,0.0794919638676088,2,3.8000000000000007,57
1.7302945671687153,2.1588562154735316,-1.7951224029610227,1.8226581706592686,0.10658632552747438,0.11266096085498253,932.5019040744829,3.947812360507451,0.11517629205113315,2,3.6000000000000005,57
2.5758824635208235,2.1309328157003606,-1.8165166323378228,1.5053346415636708,0.15333244201028673,0.11481420623511013,971.5826235384734,3.8667946338775496,0.11276861956521471,2,3.4000000000000004,57
3.407146465765494,1.7337367423830976,0.21162435829936754,1.3137375382597951,0.20155823115340255,0.09535525449057303,1009.918172274361,3.7902338877883612,0.07118651319777208,2,3.2,57
4.248860427921781,0.1840152985831451,5.2414128618352755,1.1785122703774409,0.24793141197552337,0.018024339487971542,1047.4966310797558,3.7200435359868336,-0.0063901114282472575,2,3.0,57
4.1908435479734365,0.09547131461632208,-0.678500828613116,1.0449474029849273,0.24925400506872308,0.017893507732886085,1084.2890892010669,3.6440339278483243,-0.0010036753321110033,2,2.8000000000000007,57
4.181640995445186,0.09307785948992477,-0.5666188010132553,1.040411730140852,0.25428664045088956,0.017242558797123983,1120.3784271271795,3.573869115247374,-0.0006451566507060391,2,2.6000000000000005,57
4.180675635677077,0.09402055071230635,-0.5888969800077515,1.0406467117648586,0.25566232206396483,0.01860115717980801,1155.7286680820953,3.496891196866556,-1.0888427638154839e-05,2,2.4000000000000004,57
4.190608726213232,0.10612665673905992,0.3837278336107546,1.0759777330214382,0.25412771244122384,0.019892464484740555,1190.3919946231126,3.4296448088944076,0.0002578418567912195,2,2.2,57
4.185499989733289,0.1064166051015936,0.34046011999850423,1.0772883674160565,0.25413385421632534,0.020571056627790928,1224.371026849583,3.3694934600032824,0.00032149646042054885,2,2.0,57
4.189801904066666,0.10897622437868687,0.10301364899321985,1.0761664009986567,0.25175396081187595,0.020483207881554905,1257.7133967204293,3.301977921639239,0.0005683071691843743,2,1.8000000000000007,57
4.1935172630877675,0.10014698677124473,0.4960903415041069,1.075268858176817,0.24976471554236268,0.019371885674522367,1290.3905607961906,3.2405372561933867,-0.00012024455029929497,2,1.6000000000000003,57
4.200111382067023,0.10073480290166718,0.3857528224329525,1.0735781219382476,0.24978549183090074,0.017644202568735667,1322.4319334289476,3.170230807764226,0.0005940034905744934,2,1.4000000000000004,57
4.1972679247502365,0.07974657340267542,-1.0115193629020547,1.0374238597114438,0.24986581070292202,0.018245204346234688,1353.773042353228,3.1001014076474913,0.000994382095388236,2,1.2000000000000002,57
4.209223492730813,0.08886237706066515,0.20862948314501972,1.063178413201004,0.25160926023921903,0.019232521114474443,1384.4988214579623,3.039895306026496,0.0010455771263060119,2,1.0,57
4.207618054639843,0.09676614827834731,1.0442149759735981,1.06876196973433,0.2502699852067029,0.020998362366795618,1414.6537509443906,2.9828113143569435,0.0005141137588973488,2,0.8000000000000007,57
4.202391971926761,0.09690897971120066,1.2799433387081525,1.0700895683384102,0.247914366638455,0.021769170753139905,1444.1635574030038,2.927353739832939,-0.001187352610361634,2,0.6000000000000005,57
4.183966851304788,0.10121126916040783,1.7587331530020522,1.0747738694769868,0.24490548748277832,0.023060518641800625,1473.1664704220095,2.8729818972102885,-0.0017918066222142553,2,0.4000000000000003,57
4.188499582780661,0.11199713754649873,1.0608732064159652,1.0735425187474683,0.24586565186380632,0.02205177648019361,1501.557074544019,2.808929730345767,-0.0007955710802923731,2,0.2000000000000001,57
-0.014761591221220158,0.1270837405422314,2.8017542052668434,3.5860384609790947,0.014997155517459077,0.011065476434729762,136.07429553314282,5.2269044486853415,-0.000821551021128535,0,7.0,58
-0.012589737498469622,0.10894937741094414,0.6712124193300246,2.9950322506509868,0.015221036693392911,0.01067875980641982,188.09683653781184,5.399829185101101,-0.0005999877405380904,0,6.800000000000001,58
-0.00019202507328934054,0.10923297281735296,0.8970097827429657,3.0075344978355862,0.015357507467107396,0.010187868262488027,241.6069020349925,5.322366682862829,-0.00014389552680552846,0,6.6000000000000005,58
0.012705106864079985,0.10191331303833807,-0.015721858239196695,2.4286782531475026,0.014761618717390875,0.009575675189869626,294.333362782596,5.223546785396952,0.0007266896602263883,0,6.4,58
0.018901841999348964,0.10983764251037503,-0.3442495480850347,2.237698595728876,0.013852848413184198,0.009492965342782933,345.98316287546055,5.118026753987148,0.0006693293592035196,0,6.2,58
0.02303579178307501,0.11806438769561488,-0.6745311574102395,2.0731137572603333,0.014964435826648916,0.010179985718553101,396.7442094120429,5.0212974334199005,0.0008388097767499635,0,6.0,58
0.022566428449794177,0.1178902564790631,-0.41417159018004845,2.0986144901430657,0.015923368983221595,0.011100716335094785,446.523197337819,4.929556997334554,-0.00019793656812080247,0,5.800000000000001,58
0.016050700339107004,0.11790203393813421,-0.6206969901471364,2.1173464744746426,0.015479462071988461,0.011480620666002838,495.26059607394984,4.829597062469741,-0.00012142378007861258,0,5.6000000000000005,58
0.011807837011385418,0.11924779280518773,-0.27339574855186477,2.4381372930372893,0.01599951444362066,0.011752717761161048,542.945648854065,4.7269276366979165,-0.000654999655167839,0,5.4,58
0.012598265040863017,0.11062971446818373,0.13351782355675423,2.6238792240177737,0.017704527305103034,0.011994609698035185,589.8242990517316,4.625375707008759,-0.0013734169575079177,0,5.2,58
0.01034515556696383,0.10641320509472037,0.15873006556917213,2.7326914358335155,0.01732092139184669,0.012509978201701959,635.6200844435448,4.532061367543269,2.502788957048464e-05,0,5.0,58
0.015877198626089134,0.10247453234150723,0.01577225278780281,2.817080378086178,0.01780731469244687,0.013312219247704793,680.4905288700995,4.450398949389473,-0.000811076322160094,0,4.800000000000001,58
0.013800805075674369,0.0955969888631312,0.5428645082219954,3.0245203728866215,0.01936011174220468,0.014483456492896535,724.579773784628,4.370915732614194,-0.0005176201015116184,0,4.6000000000000005,58
0.00480024217771294,0.09286794415591515,-0.17319196339287313,2.40533939697394,0.018262915670736533,0.014744346185936539,767.8620649852651,4.283443470705263,-0.00011821896834983531,0,4.4,58
-0.012370558232911501,0.10730375604812904,-0.3543150101125909,2.183353685414893,0.016384607620399994,0.014396818402552912,810.2898461429392,4.2098775047384125,0.00021382680289415372,0,4.2,58
-0.005310072898263098,0.11207187663560614,-0.3980520946704016,2.1676206385147583,0.015411952006517975,0.013616165694734162,851.9057496910666,4.122919710610504,0.0015015120854185967,0,4.0,58
-2.1722587456509097,4.371962878607286,0.3097908239374272,2.478464262885028,0.014059146364442299,0.012654166739123894,892.6646398646349,4.035020064528238,0.03568645176691129,3,3.8000000000000007,58
-4.191807105916517,5.176598900108358,-1.7997262842668176,1.8128445639704385,0.011805478328121547,0.009846311844459499,932.5455076821795,3.948017399225587,0.06465093628060953,3,3.6000000000000005,58
-6.198596692857891,5.111280989929732,-1.8185381506248024,1.499970814683485,0.011887619422170825,0.009327254284045154,971.6923958452485,3.8683401601570977,0.07140741821632686,3,3.4000000000000004,58
-8.200109359888815,4.160311478565522,0.21602183442068368,1.3079546530930641,0.00994683356110233,0.006932195584715308,1010.0293114012228,3.8000712928673357,0.05541487918793478,3,3.2,58
-10.209143491117462,0.397925773281963,9.161159369677323,1.1747520727360383,,,1047.5016377652664,3.7156855408379617,-0.01595002700255015,3,3.0,58
-10.05601970235351,0.025949165530759252,9.161159369678192,1.0116238681937053,,,1084.3067039894665,3.6407024542690176,-0.0010401183303499748,3,2.8000000000000007,58
-10.046034336217105,0.0016921728547234598,9.161159369685455,1.0007589598563305,,,1120.4085044691647,3.5650578048402304,-6.782722944325126e-05,3,2.6000000000000005,58
-10.045383179805139,0.00011034840279766224,9.161159369744777,1.0000494966408613,,,1155.733331132879,3.4961303633482905,-4.423086219741433e-06,3,2.4000000000000004,58
-10.045340717198657,7.195937439846226e-06,9.161159368755431,1.00000322774617,,,1190.3117653195927,3.4356443391890155,-2.8843418582453754e-07,3,2.2,58
-10.045337948166646,4.6925478149635673e-07,9.161159346682647,1.0000002104848553,,,1224.378997655729,3.3642974223730886,-1.8809102104234186e-08,3,2.0,58
-10.045337767595102,3.060060694597689e-08,9.161159715339348,1.000000013725943,,,1257.6373893568698,3.2941791291258125,-1.2265616953975982e-09,3,1.8000000000000007,58
-10.045337755819839,1.9954988835464417e-09,9.161160369628238,1.0000000008950836,,,1290.2899902444055,3.2316538649343953,-7.998532307813354e-11,3,1.6000000000000003,58
-10.045337755051962,1.3012891404430894e-10,9.161068160508886,1.0000000000583695,,,1322.2663331111012,3.1658334554104313,-5.215850908117519e-12,3,1.4000000000000004,58
-10.04533775500189,8.485278185235795e-12,9.161070583900974,1.0000000000038063,,,1353.5806637612034,3.0968002730737876,-3.4003506997348077e-13,3,1.2000000000000002,58
-10.045337754998625,5.522479038929826e-13,9.188556530716909,1.000000000000248,,,1384.3405674271626,3.048786310230631,-2.19534500813659e-14,3,1.0,58
-10.045337754998414,3.4199047320093007e-14,9.531849590516826,1.0000000000000158,,,1414.5832418028763,2.9925753638227435,-1.2625910360867919e-15,3,0.8000000000000007,58
-10.0453377549984,1.4796930398031855e-15,,1.0000000000000009,,,1444.1103557338972,2.9324568585151543,-6.532223435505509e-17,3,0.6000000000000005,58
-10.0453377549984,0.0,,1.0,,,1473.0621362555262,2.866692396939413,6.139906278461508e-17,3,0.4000000000000003,58
-10.0453377549984,0.0,,1.0,,,1501.4996570826247,2.7986271143154298,6.139906278461508e-17,3,0.2000000000000001,58
-0.026230722525338174,0.08970868399242608,-0.5299976076440958,2.223721907577922,0.015283704264917954,0.010661184688942126,136.06219988515858,5.231424094043478,-0.00023005245845341844,0,7.0,59
-0.020611353383184716,0.09344213295571986,-0.16298712656384495,2.1727686537711097,0.016087382331294506,0.011812093803450337,188.09028232084046,5.406810493790076,0.00019526700583354575,0,6.800000000000001,59
-0.015956649974736295,0.1008305988911918,-0.721772675176545,2.037071533120366,0.014652309590376635,0.01134907697402373,241.66109948341796,5.331006264834958,-0.00043414487456627224,0,6.6000000000000005,59
-0.0021993310103969686,0.08852063804588611,-0.43386500681293194,2.349074512339523,0.016448164550147713,0.01343407902352843,294.44065660068355,5.233821228549028,0.0004990952406685293,0,6.4,59
0.007601439824461233,0.08727281309433073,-0.7009269158701628,2.2250541644818664,0.016212712383225705,0.012993366523071197,346.27042099827094,5.127526219565927,-6.300209747684836e-05,0,6.2,59
0.01045939371304012,0.09260121925921072,-0.9304343987009114,2.0915522660829797,0.016208858742761834,0.014943164025783535,396.91552177001097,5.019827510902527,-0.0007843614533816974,0,6.0,59
-0.004805334461054432,0.09119722243277716,-0.9459389623693331,1.967476376729379,0.014911940990754165,0.01409917621263158,446.6679339114282,4.918971903394403,-8.554762257417262e-05,0,5.800000000000001,59
-0.0017105472498050041,0.0930793338498063,-0.9254095910831075,1.9300891794198787,0.01718271384586032,0.014542497481674455,495.3573725402123,4.818298125969265,0.0005501888088076917,0,5.6000000000000005,59
-0.005671104963432891,0.09709671240726343,-0.5758660648154206,2.4163491732071245,0.015765798003359775,0.01297364230958606,543.0517306820739,4.723187434756888,0.0002931807277292881,0,5.4,59
-0.014120391760706032,0.09699121437105095,-0.5400375242349549,2.3973980219773092,0.017294351985900375,0.013549583236134376,589.7884407576898,4.63402381271869,-0.0003279698157785152,0,5.2,59
-0.011049747466141504,0.10485384682531898,-0.6446317313792416,2.2288843060582924,0.01766153442556998,0.01115987211556518,635.7395415139781,4.5414629674858675,0.00010867538418122268,0,5.0,59
-0.013103026118589479,0.11103380536845153,-0.7286208866618233,2.106084540479671,0.01723968739844569,0.01130927180647183,680.6986848777643,4.458481002623123,0.0006996740083059868,0,4.800000000000001,59
-0.014883693974849843,0.1092501893235775,-0.6238010655064592,2.135496295707804,0.016674960535295734,0.010612115375976906,724.8315588118246,4.37025149524162,0.0005959405773009722,0,4.6000000000000005,59
-0.01620150303534359,0.10710940274206382,-0.8008008082381393,2.1734818550203436,0.016193131726894735,0.009635644924986357,768.0899346169276,4.282418836871091,0.0001613376904620109,0,4.4,59
-0.010935225119919883,0.11675628886058673,-0.768515557285939,2.008074167623537,0.01431174455422079,0.008720094163309444,810.5066703108264,4.1940153949099415,-0.0003637527582658668,0,4.2,59
-0.017559154988059832,0.11032597298804282,-0.3716997177233319,2.327342671413185,0.01295131269364818,0.008714167951884386,851.9824582499424,4.106761335707399,-0.0007505044952631428,0,4.0,59
-0.0008604351929303946,0.10344892633567904,-0.13515568359737218,2.5138437128066267,0.014791911758332112,0.010081921868234384,892.6896350703032,4.027162209939388,-7.973037681681108e-05,4,3.8000000000000007,59
0.004879862352336477,0.1004540420922381,0.0010042364796229997,2.5857701274745666,0.015460083863259725,0.01170021004185253,932.5716163621487,3.948742043639098,-0.0004697055171301423,4,3.6000000000000005,59
0.008461966863125588,0.10027054320009841,-0.10169880222320637,2.5842460810599484,0.01671010582689181,0.012260259397013543,971.6072312466291,3.8649051788557482,-0.0002402844464169371,4,3.4000000000000004,59
0.004645385034636247,0.0975889471010808,-0.01431546032412978,2.661812498481586,0.017523556758788777,0.011847708834839972,1009.8948846928354,3.7920456381228496,0.0007047100197651871,4,3.2,59
0.010320744067265462,0.10140008016815506,-0.294831824884906,2.4376497074498995,0.01946848251325621,0.012875743997800516,1047.5140566958994,3.7178343676677432,0.0002491017707644365,4,3.0,59
-0.0017140811454246952,0.11081374472597252,-0.2913286716506578,2.4701881188082964,0.018270438347994668,0.01337642025021737,1084.3049590400792,3.6456039805176728,0.0008290072836143004,4,2.8000000000000007,59
-0.011367621696234342,0.11166663968107395,-0.3385705133619452,2.438759758741014,0.01572047990496376,0.012950614936907663,1120.3136604781464,3.5700283876546046,-0.0004136279460800851,4,2.6000000000000005,59
0.003953560707655688,0.11409025635485041,-0.17911155612850793,2.398071890299609,0.014542485599263131,0.012896651372375549,1155.7297455499654,3.4965486496532,-0.0005342294029983733,4,2.4000000000000004,59
0.004929337122525898,0.11770264888056711,-0.42707809938708374,2.32381822097297,0.015429501559302086,0.014652361349015503,1190.403602443067,3.428237124721239,0.00020113258450382872,4,2.2,59
0.01786114676793395,0.12003963859038402,-0.3552242311452316,2.3130340864183303,0.01328049405983684,0.013077859802485556,1224.3549903497449,3.3668268767458396,0.0003479671986398666,4,2.0,59
0.026955336994189835,0.11419179286616388,-0.2884484154362301,2.3917430112514073,0.013221440675232668,0.01233814805530529,1257.6295843328464,3.2997770547790757,0.0007277037599729999,4,1.8000000000000007,59
0.028499259629619144,0.11458456425186928,-0.38169176529548166,2.3765112287446586,0.01476460074333815,0.012376499426756473,1290.3620700959937,3.2329134324909345,-0.00024208157626444648,4,1.6000000000000003,59
0.014818294964797927,0.114860859562453,0.04192407374259943,2.423978556027797,0.015398321695909694,0.012315183373175326,1322.3088572676677,3.16425127388613,-0.001109770083117315,4,1.4000000000000004,59
0.004151956746529627,0.11129495575427308,0.44168452773218014,2.521007519698167,0.015362282741401324,0.01147418098853937,1353.695823134096,3.1062625261685874,-0.0003896102809049983,4,1.2000000000000002,59
-0.019923684507521747,0.10317955257241268,0.33949614154391794,2.6280468597590056,0.015982410772247296,0.012096251133426853,1384.3222116219226,3.035255314651826,0.0002024040064295047,4,1.0,59
-0.024362699557178118,0.10187369287030966,-0.4396297322430178,2.4377971708871273,0.015535720416180468,0.011569385395921939,1414.4807914272749,2.976800066352621,0.0007884490312165981,4,0.8000000000000007,59
-0.01564822309902823,0.10641542549954683,-0.3768588926470655,2.3748280925565264,0.015511469007114958,0.013282062251960337,1443.9833896069176,2.9265389499560555,0.0006739775372484179,4,0.6000000000000005,59
-0.005932451849325166,0.10950233417601786,-0.6777301111575134,2.0529493676420243,0.015499596493243662,0.012809752235333243,1472.9849773027718,2.8684739864424755,5.1943236793922714e-05,4,0.4000000000000003,59
0.008431877249767442,0.10304210784404481,-0.7088645093039823,2.177497198868551,0.01601292571002652,0.012919186460543734,1501.4069884782675,2.8265575043566566,-0.00016474005173650896,4,0.2000000000000001,59
0.0180021633145914,0.09665836542060198,-0.16413662442652388,2.4950307426096523,0.015908423734387202,0.013048915674648064,136.13690902209018,5.2242739876352475,-7.483757955152033e-05,0,7.0,60
0.009237777614683676,0.09350145747123201,0.11609006506952735,2.6115472730474574,0.015269275351534758,0.012251023957861512,188.10958517579482,5.399859156744982,-0.0009141679834538817,0,6.800000000000001,60
0.00734961064738474,0.08252443806967369,0.2127340132227835,2.9574151438084155,0.015723748226983345,0.011089324776207117,241.5929005742454,5.3235752978193815,-0.0008619350517496713,0,6.6000000000000005,60
0.0063193089939598225,0.07968147311183,0.5469604279486329,3.065481726319225,0.016163254503366514,0.010555479454100484,294.33156643591144,5.213086878262323,-0.00048014979355378695,0,6.4,60
0.00671630170264983,0.08390854416009698,0.3893876158906924,2.9108785145797613,0.01577009265698356,0.009757372261489585,345.95057310383146,5.109862735099804,-0.00023735882410526142,0,6.2,60
0.0009346871405478297,0.07856881334855528,-0.027517564830460195,2.491768924463501,0.016441675404857605,0.009656258609231614,396.6370431787367,5.015830212501342,0.0006984290429882094,0,6.0,60
-0.0038557930018574636,0.08146967189457653,-0.20743287899493223,2.4004772404970827,0.0168118216236895,0.010159520593672231,446.386919742231,4.926879061521732,0.0003163932848354251,0,5.800000000000001,60
-5.086412202196702e-05,0.08398771007426781,-0.3335272479125302,2.331167577460143,0.01942070185005692,0.013341624717288803,495.1830439350072,4.835384568854267,-0.0002635849932560888,0,5.6000000000000005,60
0.0006407508421809604,0.09852507334204269,-0.6704018129069849,2.1057448003681936,0.019892106117951728,0.01369335710302498,543.0070587397767,4.737179818572333,0.0007972766699417134,0,5.4,60
-0.0035196216919684215,0.10928640643180243,0.912883813946932,3.3621088484895334,0.01970650450931785,0.013712144589410898,589.9231266652037,4.635692695860261,0.0010856591889386702,0,5.2,60
0.00024263336703324258,0.10724491313273488,1.2738728797042311,3.4279128961694876,0.018916722872321365,0.013987693830687297,635.8151565315815,4.536124400226197,0.00031392270881193727,0,5.0,60
0.0032321293764610514,0.12074002778135665,0.37105623085441186,3.0436703787053894,0.017949189560102993,0.013832499985889762,680.730875784868,4.442960827421582,0.0006652640459853714,0,4.800000000000001,60
0.010306566191238676,0.12551260633846395,0.06095626731716308,2.918981053585534,0.0158705906089488,0.012331480565255097,724.7861391282169,4.361368546090006,-0.00023919109895202903,0,4.6000000000000005,60
0.009970487819533575,0.11709199934057549,0.6172720337996673,3.128093390650978,0.01589372233356352,0.012539471711794623,767.9917886407368,4.277621636139733,0.00027598222580006775,0,4.4,60
0.02427283100390181,0.11212917233632565,-0.8663353525178312,2.1327841335378595,0.01836361519672323,0.01469494842441463,810.3159660318105,4.195859168663624,0.0005229330271487673,0,4.2,60
0.026930464263882962,0.11443169318227936,-0.983364777746313,2.081247990674179,0.02014051547186341,0.01499611914020619,851.8239866914224,4.110983213179211,-0.00080840584641417,0,4.0,60
0.036942674464539485,0.09798070838412923,-0.9321136602035978,2.302685411409127,0.018954508924974044,0.014463295973458397,892.5484711805257,4.026158130750679,-0.0008207863004548232,0,3.8000000000000007,60
0.03498062763397644,0.09308825447082505,-0.8615684011273337,2.424733932587958,0.020263383192054417,0.014868016186003417,932.4262140503207,3.9474705002018786,-0.0008513129346208129,0,3.6000000000000005,60
0.022731698313300866,0.0950295273238419,-0.3765979448967398,2.4694968681952103,0.02135286925663154,0.015137875169117005,971.5089401204145,3.870418194533928,-0.0007679956471826773,0,3.4000000000000004,60
0.014137521533948988,0.09676513192625154,0.8696585258148186,3.042276195025417,0.020922198924401805,0.015179706756078949,1009.7757964387936,3.787720871290148,0.00032633030407594704,0,3.2,60
0.0014071093822559163,0.10411126824494984,0.7024367588284557,2.857974090922413,0.019673492037335958,0.015194479237511674,1047.4256042356706,3.721289729499028,0.0008442490045559194,0,3.0,60
-0.005960441456989293,0.10527306015823076,0.4040177747221274,2.8220850170642424,0.019138578787876438,0.015532787729733433,1084.2111687950446,3.6442352276742205,0.0004496300571624947,0,2.8000000000000007,60
-0.01724863336426654,0.10835134168592664,0.08197641545629519,2.711554438888493,0.018350330491235346,0.015094912190479752,1120.3303921559902,3.5775078777183467,0.00017117299555723524,0,2.6000000000000005,60
-0.004271591470113832,0.11497593365857262,-0.07131825712108508,2.5863299335874363,0.016862292285795027,0.014212278177113338,1155.7223073969697,3.5072890722987506,4.593284496174016e-05,0,2.4000000000000004,60
-0.006987245474566947,0.10901259716536917,-0.021446694422096346,2.291578726904457,0.013963129797413033,0.01244311056041104,1190.4274192693802,3.4255195385981194,-0.00025566169858745055,0,2.2,60
-0.0055230051927401295,0.09849704643348185,-0.06797312393829458,2.537471067670822,0.015773516120432804,0.013646430296898568,1224.351452430503,3.3652873156594763,-0.0006984272484534725,0,2.0,60
-0.007546981687202672,0.0961780943092755,0.11869423166798931,2.594678968744484,0.018198862587737157,0.01487876115223447,1257.7221899089218,3.296792579000027,-0.0008619542766879766,0,1.8000000000000007,60
0.00446640830887165,0.09964039671301253,0.2853403325605215,2.6587489033744522,0.016439987518797796,0.01433413493902711,1290.3311180385333,3.231794014535986,-0.00022815694725543197,0,1.6000000000000003,60
0.008979288391287905,0.09876701475356062,0.7616115061876196,2.897279095961495,0.0168798647560536,0.015555828260485766,1322.368151689687,3.174742578187979,0.0005011007844226978,0,1.4000000000000004,60
0.00774107355963742,0.0956444156852311,0.635031561616044,2.9944683810019197,0.017011781556085948,0.014886388226522726,1353.7653778132628,3.1062394897372285,0.0004913157230550842,0,1.2000000000000002,60
0.017195309128394055,0.09554630550233915,0.40686587224323123,2.9590446433847397,0.015795574943007012,0.013794020061779029,1384.495320902488,3.0412974466483913,-0.00020383327344718669,0,1.0,60
0.02251669982888127,0.09513145019070722,0.3211977495569345,2.9378550339244227,0.015767972564459463,0.014137627373464764,1414.6327046065119,2.9840908770872057,-0.0005830634280317729,0,0.8000000000000007,60
0.012292025122680492,0.09919404092483025,-0.0197080096306812,2.8745128585696826,0.017359698344501916,0.013606827291236608,1444.2746472980796,2.93099496494369,0.0003119345038233936,0,0.6000000000000005,60
-0.007230077155814303,0.10290241271259745,-0.1446618010431555,2.4336003235641694,0.01781498115680462,0.014420024766872035,1473.186503362745,2.870218730922057,0.0009287906597534269,0,0.4000000000000003,60
-0.0031151391276566416,0.11079266554704348,-0.2864006056785029,2.265060560853236,0.019659348758889125,0.014224629488217214,1501.5463920853806,2.804214062757457,0.0010307102196057266,0,0.2000000000000001,60
-0.007017335156865749,0.11380492933580415,0.008770747089719144,2.6299658409227598,0.016125672533409734,0.010929959788670557,136.10873135779727,5.221386625172825,0.0017692474888403816,0,7.0,61
-0.05485581480201617,0.17330069839739096,1.382829275558647,3.3484824202521986,0.016705941266264047,0.011006409081356326,188.1324894163439,5.4062497018645255,0.004730849331789444,1,6.800000000000001,61
-0.26922754142576727,0.4557353253384998,0.37874234524640027,2.715441095855593,0.016683279533347105,0.011794014602362147,241.38281558693524,5.305945801643318,0.02037632639319894,1,6.6000000000000005,61
-0.6349020876845445,0.7392775182628548,-1.060780422354108,2.196879263277697,0.016862718580969282,0.011852454184073585,292.71131670462205,5.059198838733634,0.040920620910043295,1,6.4,61
-1.1273130186196456,0.9554556368105652,-1.3810961423115988,1.86191818390643,0.017394040918231185,0.012946776146362885,340.86229722294286,4.687540099799092,0.05854673982880621,1,6.2,61
-1.7189683447063775,1.0170851201665072,-1.1470982068068607,1.6390172006654733,0.016056368861506166,0.012685466042852289,385.2283627953995,4.216726511330909,0.06489218031873246,1,6.0,61
-2.3722386308637913,0.8881589105306932,-1.1082514683049212,1.4899356987808647,0.013199687646793698,0.011471727619049072,425.1461541606786,3.7297647791348703,0.057319245757607794,1,5.800000000000001,61
-2.9375272929714447,0.7687979407933011,-1.189983104082819,1.3363934466412006,0.013168563855288848,0.010662844800376887,460.4943864229633,3.301056467012256,0.049488169844233196,1,5.6000000000000005,61
-3.4336186682257437,0.674955607939009,-1.0767012266342495,1.2827381129339472,0.013019573195983743,0.011241983449799028,491.9723516470666,2.945566313784518,0.043348486017138914,1,5.4,61
-3.8499748807948264,0.5843667922275179,-0.908331885799949,1.228808493443431,0.012413312742809825,0.009706669261616768,519.9588394566123,2.6301883737204657,0.03729533638278943,1,5.2,61
-4.229501058588063,0.510802992537532,-1.0438989301522432,1.1810676376172087,0.013598007033357468,0.010226923373018067,545.0210792240579,2.361849521088722,0.03268103541419715,1,5.0,61
-4.560272042989069,0.4593059662432,-1.1344060704894816,1.1712152420983342,0.014965775045110163,0.010682823205961686,567.5000169251771,2.1203842108330986,0.029330812706392588,1,4.800000000000001,61
-4.844499223085135,0.4008821438264308,-1.1494899606172015,1.1305425594864642,0.01613799106281828,0.011669329087617766,587.7412510179036,1.8996046351054199,0.025290424323672733,1,4.6000000000000005,61
-5.092715022921476,0.3651042460587563,-0.7420955421500994,1.1238173947866696,0.01556547511882286,0.01115324547665984,605.8410997222175,1.7136939559369686,0.022787640776112603,1,4.4,61
-5.325239981509562,0.31329619873985826,-0.917210870924408,1.1149077672549865,0.015481097353561903,0.011418934734545402,622.1743957515905,1.5365903990252598,0.01940894142360251,1,4.2,61
-5.532266536673888,0.30245242538960887,-1.0967119821703861,1.0966991173607972,0.01560491594280851,0.012079081135566301,636.873219930576,1.3878032884121567,0.01850981160938039,1,4.0,61
-5.725782876778855,0.3065472840741042,-1.0673219560403757,1.099439678547588,0.015160542843238218,0.01156078097956634,650.10344640926,1.2479863942698821,0.018737372616859812,1,3.8000000000000007,61
-5.907523307803576,0.28559442963271264,-0.8859869868507757,1.087611129376258,0.014880799672670246,0.011103066693835232,661.924289957218,1.1161378524802332,0.017112176095005822,1,3.6000000000000005,61
-6.086846823303757,0.2805119185751124,-0.2675555120662474,1.1019388953733984,0.015581396136032115,0.01098179898831611,672.5040795241481,0.9942512514454832,0.016583951156293113,1,3.4000000000000004,61
-6.251140425246166,0.25347580618009913,-0.7626745565876036,1.0793735170443104,0.015409608437968547,0.011925936621723917,681.9966380759392,0.882193511872284,0.01436059585927813,1,3.2,61
-6.394635486922658,0.2330692999563807,-1.0649992403108477,1.0591165646448366,0.01522384932561911,0.011482129614699311,690.4257204854661,0.7895825319056103,0.012833783800861327,1,3.0,61
-6.527141345668914,0.22973417784073233,-0.7087059378220038,1.0756102620887469,0.015010559031752618,0.01201898226580091,697.8206381533482,0.6976487629292363,0.01253931027294512,1,2.8000000000000007,61
-6.647266774689578,0.19537538571108123,-0.6128272893130831,1.0578075638582716,0.015004314407015312,0.011153513166427953,704.4018887071438,0.6110182550746679,0.010003216499335887,1,2.6000000000000005,61
-6.7516845997625285,0.18586714916508865,-0.06587291299711584,1.052069074213855,0.015704959899764503,0.012397061718369849,710.1710751382241,0.5292781810725152,0.00958143079676724,1,2.4000000000000004,61
-6.861391059753965,0.18223856338028716,-0.4503199355577623,1.054019978609607,0.016533561242955682,0.012300694420444803,715.1272367938514,0.4550706775416616,0.00994479815100375,1,2.2,61
-6.956156102319678,0.16930099336794263,-0.2897404114303108,1.0492126217387612,0.016942001473335466,0.011983617120569825,719.3826466656533,0.39518841743245453,0.008939604638747543,1,2.0,61
-7.030436237088479,0.15666272124357766,-0.6709378764432126,1.0502085402359822,0.016837166706605622,0.011783342243816003,723.1051919276022,0.3359420226852618,0.007625210021088001,1,1.8000000000000007,61
-7.117787332245331,0.14988134308866183,-0.3136605481629835,1.0508415685029013,0.016211990734292955,0.012191375783049236,726.1671503388176,0.27845781849314105,0.006735703974762243,1,1.6000000000000003,61
-7.193222968612819,0.14330715156917406,-0.5604339393844477,1.0487804406645536,0.01635656347963499,0.012280541773398344,728.6823461540707,0.22550233860444427,0.006217813276514503,1,1.4000000000000004,61
-7.261874619074132,0.16508219272070226,-0.12009466488598708,1.0614806906775485,0.017171607141633842,0.012999386313901002,730.715915772326,0.17188313361913987,0.007532241118877842,1,1.2000000000000002,61
-7.336421523333391,0.1736996576525787,-0.16855463468565457,1.0564420906629135,0.0165760479554398,0.012865664298971026,732.3015882945142,0.13066681447734046,0.007935564555008842,1,1.0,61
-7.420844893628103,0.16561559158907532,-0.5227317859536118,1.0471750665524886,0.016461374706443817,0.012747556857982569,733.3927642908811,0.0926840946331244,0.007349453619924646,1,0.8000000000000007,61
-7.490628992817538,0.15576303989525747,-0.8795133096867223,1.0374527554950492,0.01697374748732635,0.013079496783830441,734.0457438711886,0.046207475902112306,0.007004907731202922,1,0.6000000000000005,61
-7.55485246131958,0.1416218753608005,-0.3335738526793568,1.0324441026904287,0.016203562751704332,0.012255552308964994,734.371134837013,0.010302337170981392,0.005654924361586613,1,0.4000000000000003,61
-7.628413746757727,0.1443574352418924,-0.28816366711318064,1.0402385622796504,0.014169480894511342,0.009948310084575775,734.3283673559288,-0.027390801484747408,0.00668938668935993,1,0.2000000000000001,61
0.019596018803907992,0.12565915897034638,-0.297666938527795,2.3826603685657113,0.01921765579172618,0.013038916151066367,136.10637850075727,5.219870400338697,0.00014949300461374718,0,7.0,62
0.02546503008014064,0.12062603176764074,-0.2867516527871956,2.4574295772217547,0.01783060379575483,0.012756778357535218,188.1529172781099,5.400337283960531,-0.000488566564316084,0,6.800000000000001,62
0.013858572817046172,0.1234294662280151,-0.1885599264176938,2.439971260503845,0.01898726286655897,0.013552878058816026,241.6331498569014,5.32694893606207,-0.0014516943540837366,0,6.6000000000000005,62
0.022078906945242026,0.1022309882062551,0.2580960695921526,2.7103671781057654,0.021116563441939337,0.014096253781249018,294.35948569051027,5.220320560405305,-0.0011783039485565242,0,6.4,62
0.014572484422518598,0.10195323782197985,0.0781165768483536,2.753126400319671,0.019960684608390605,0.012985169616573382,346.05557920514514,5.115853170359964,-0.0005121906253040809,0,6.2,62
0.013524309447070736,0.09600509925037294,-0.013478071884577503,2.476669205099697,0.018546042351367725,0.013484870361882544,396.777550365465,5.010400877277268,-0.00022693200179094204,0,6.0,62
0.008960460095175373,0.09110029104188926,0.14361022546226465,2.623388630732615,0.01711994094176264,0.01334921293759989,446.37917889805874,4.915458734099058,-6.073341846491626e-05,0,5.800000000000001,62
0.00494157360263194,0.09034844977877604,-0.43110843271695387,2.3350899181055813,0.017381203786812786,0.013401712010850646,495.1581896487654,4.829819707637426,0.00012769625505060453,0,5.6000000000000005,62
0.011110117058307263,0.09395073934317495,-0.7086011300831578,2.233105586861553,0.01587200052883432,0.011612316270264005,542.9166930536467,4.73094004774506,-0.0003399625165505379,0,5.4,62
0.010950663867219712,0.09204116232165496,-0.37208522684072376,2.5885311011039813,0.015143700590713518,0.01084818160713314,589.6921009321964,4.630768892053322,0.00028082879112417756,0,5.2,62
-0.00437719213241681,0.09005269314396004,-0.44263766460681087,2.661521362909742,0.016524536326784408,0.012408797487736625,635.6127032529356,4.542064406934002,-0.00010120027647271361,0,5.0,62
-0.012544345689629166,0.09585952078878114,-0.45018488706286863,2.4817187867694748,0.017386057848680744,0.01185521140532374,680.6507901371385,4.448593333079864,0.00015705812388447325,0,4.800000000000001,62
0.0018770642878669509,0.09878745928480052,-0.34448954385167774,2.4286657219101833,0.015338735435767817,0.010501197540659379,724.6683729404774,4.367195694564199,9.820973883071222e-06,0,4.6000000000000005,62
-0.005123147055693652,0.0975404630535848,-0.06767476314125087,2.456712412377448,0.014857583713782657,0.011040118007757069,767.9192456364808,4.28172303315289,-9.595175049833168e-05,0,4.4,62
-0.016251762842186913,0.09335224177055293,-0.04357479193706704,2.444908193922089,0.016615710899395442,0.013059719065981391,810.3020984756156,4.1880038901334204,-0.00021036894821786176,0,4.2,62
-0.004813440058583954,0.09147679044271946,-0.13665554533328228,2.5297495109671453,0.015174249589931677,0.011208399499443657,851.8600564522612,4.1142550771334285,-0.0008131622293314372,0,4.0,62
0.8904578364139323,1.793738955045211,0.3145581950535208,2.498211678060295,0.06251013901980056,0.09667664652018644,892.55088963436,4.033692121586362,0.0787345084942214,2,3.8000000000000007,62
1.7289236109589305,2.148866095247123,-1.8008824696694699,1.8103507869479893,0.10895111382116765,0.1157370282237728,932.4266171161951,3.947082471511199,0.115069362366712,2,3.6000000000000005,62
2.5540889069821087,2.1235402807702712,-1.8174003619930332,1.5002062437818475,0.1588302767500078,0.11762831470979766,971.4838537316017,3.8668914384926194,0.11191116363680799,2,3.4000000000000004,62
3.3976940023461397,1.7084948696277216,0.2060010106928578,1.3075436735010428,0.20358000057959516,0.09829490345506664,1009.8680324264287,3.7889270641366597,0.0717802243217979,2,3.2,62
4.222641303214413,0.1791507453335493,4.807851034430039,1.1742063685429043,0.2522788087658994,0.019696687703177274,1047.3557895597137,3.719292556204659,-0.0062573371532264385,2,3.0,62
4.16281060064275,0.0981580853027487,-0.4322004466670424,1.0513733049515475,0.2530778736960933,0.017345035255559468,1084.2114589787236,3.65225390427696,-0.0016362370141725564,2,2.8000000000000007,62
4.156064887655612,0.09317700714353129,-0.45091283996726084,1.0400428209016244,0.2543511861947922,0.021179816198584913,1120.4019469184088,3.5834938724682885,0.0006079304701571915,2,2.6000000000000005,62
4.156161810774872,0.0941997439566827,-0.581516602519847,1.0400129278280859,0.24978773088555706,0.02188525442312084,1155.783694824523,3.501943901786456,-0.00020723721089986494,2,2.4000000000000004,62
4.159744099221109,0.08838918539846853,-0.19161811067990575,1.0391489443653181,0.24914352930591138,0.02055880156396197,1190.4127055675463,3.429104660511549,0.00032533345959833055,2,2.2,62
4.16529524361114,0.0981190957566216,0.8755673423279657,1.0740895093564364,0.24663346089084634,0.02084281806374365,1224.475812575438,3.3605947772130333,0.0008010238298370885,2,2.0,62
4.178285876336984,0.09586113924465685,0.27222745873636,1.0707650400656874,0.24855625132632767,0.022453190054016418,1257.8209146968716,3.2999197950536456,0.0005705106287650715,2,1.8000000000000007,62
4.16545609825588,0.10495060534735977,1.1051890555946047,1.0740060017019812,0.2486901884339907,0.01827162260650822,1290.4174564116993,3.2389581275535777,5.1294905836296204e-05,2,1.6000000000000003,62
4.169466874496936,0.1192033077314735,1.4510334641956453,1.0728769668249325,0.25153380489093197,0.016214804309893235,1322.5438459734378,3.1753003557395325,-0.0008448447030961426,2,1.4000000000000004,62
4.173388640295382,0.12692853141838722,0.7113461374290435,1.0718122946171011,0.2510312378708674,0.017694185356629703,1353.909267862317,3.0969167742432,-0.00014170510319921052,2,1.2000000000000002,62
4.179601794193905,0.12544666621380476,0.5214958669473528,1.0635750141079163,0.251848484958456,0.016356995628169252,1384.5696517262047,3.0309341019896268,0.0011039674983685684,2,1.0,62
4.17041451421299,0.12267985990595281,0.6073221748700228,1.065936558585414,0.24815648516772676,0.014860751121983113,1414.6740472330723,2.9792115493555764,0.0009815808249762636,2,0.8000000000000007,62
4.175752103298089,0.11724205960320132,0.5618515251981391,1.06461419325479,0.24760711514937062,0.01581063258299412,1444.2047800630423,2.918079989542095,-0.0007817326499659303,2,0.6000000000000005,62
4.184601301218861,0.10398369389040303,-0.30207943749093147,1.0550900091326763,0.24540062710645408,0.017387573025370345,1473.0493797177458,2.8694878545777796,-0.0005702959505346714,2,0.4000000000000003,62
4.176525626732128,0.09746206337311511,0.03536162474234228,1.057167871154895,0.24460571030452571,0.01832399092373294,1501.4286878093494,2.8074311297613233,-0.0005185638729692737,2,0.2000000000000001,62
-0.0023093457450457278,0.10530635862960619,-0.28843187747518373,2.5460058525812737,0.01592638625147721,0.01304905527597468,136.0113232362701,5.2154021842146605,0.0005393261584162842,0,7.0,63
-0.0006315664224586038,0.09863122790805502,-0.17239730148326204,2.718923590488193,0.017521516748082534,0.012690266133160972,188.02894122059908,5.407403631924082,-0.0004249854944187171,0,6.800000000000001,63
0.005790317694271214,0.09896670227486698,-0.29580232119204286,2.7050434889902664,0.016443173347103938,0.01178716758161625,241.56755480294646,5.33341282656401,-0.0008095738689093086,0,6.6000000000000005,63
0.00015960459475074462,0.09679113500536574,-0.5453994641263908,2.3033299583562465,0.01809527259360033,0.012593618952339057,294.36107743477083,5.23038863285366,8.847668911740651e-06,0,6.4,63
0.0006171471937475903,0.09450146090623135,-0.26050927842781624,2.636895241156346,0.019042701854715995,0.013505004879924567,346.0878089056221,5.120426309410967,0.0007169696821333955,0,6.2,63
0.010021763609522791,0.08831022680017055,-0.1103071915748921,2.803462984931986,0.02075678658993926,0.012856896564844539,396.81228658829997,5.0098778749339195,-7.799676744694335e-05,0,6.0,63
0.012691008141246692,0.09738338798725328,0.29439030187143267,2.7063297961878594,0.01804976831084028,0.01396410226303774,446.4089863912237,4.912783152702686,-0.0003517731770757542,0,5.800000000000001,63
0.01705657487182396,0.09627074515438354,0.425064682588824,2.718039889811367,0.016865896565350428,0.013277263908129264,495.0820985096763,4.816622027079918,-0.0006454455503581703,0,5.6000000000000005,63
0.01401425248072826,0.09631961712020867,0.7969666116956766,2.7304925347485502,0.01681367787228959,0.013312087520404787,542.8105254735435,4.727792375662936,0.00013034867936389337,0,5.4,63
-0.004477375166763129,0.09688945505450389,0.7580024051717298,2.7406105946036305,0.01577692673216941,0.011586359378344124,589.68685378739,4.640622328699183,0.000864323680543331,0,5.2,63
0.000727078413442891,0.10290789408753818,0.2947095207271375,2.583073444436923,0.0162341936951921,0.013667132919633175,635.5715130921517,4.546861565425608,0.00017749870868553343,0,5.0,63
-0.009983731326357237,0.10563501620212969,0.1476786956338927,2.523010766515025,0.01760840075105067,0.013509483294841746,680.639370288708,4.458039374944757,0.0008228780082946658,0,4.800000000000001,63
-0.015985407422795996,0.10614935688892334,-0.08786048183507811,2.4935157629163696,0.016713657621979756,0.0127878392900994,724.799256286677,4.36750467952185,0.00011140533467528104,0,4.6000000000000005,63
-0.021437022434891838,0.10329312906798933,-0.5282464634976116,2.536798510125372,0.016580928111826748,0.012642790815999333,768.0302790736697,4.277455508430602,8.002472304867248e-05,0,4.4,63
-0.013213410598461664,0.10242195433916065,-0.5566654104040034,2.592073713807553,0.01752049467076178,0.012882084826350159,810.4543993209891,4.203957817569747,-9.341630836409897e-05,0,4.2,63
-0.014004274887807396,0.09912137976044556,-0.5522636132034648,2.673938445351896,0.015560380752423998,0.010963776492076048,852.0140067847801,4.111946544192882,-0.0007449790676894193,0,4.0,63
-2.167410639978313,4.374757243500318,0.31113664018243226,2.47916568701025,0.01564500302487699,0.011022867902503489,892.7166779373999,4.031793682498106,0.034187690010710106,3,3.8000000000000007,63
-4.184162467041711,5.183187864852507,-1.7999573314201978,1.8134110174613953,0.017152777757786897,0.011907475766818417,932.6433462479897,3.9530486871680575,0.06394518405223186,3,3.6000000000000005,63
-6.193455668925297,5.117922518876372,-1.819728243242373,1.5004548798570894,0.016533600264522975,0.011301666139450134,971.7297603284533,3.86429390302757,0.07157999029794054,3,3.4000000000000004,63
-8.197939628429715,4.165289245549973,0.2131938652898251,1.3083669715994286,0.012665368522779464,0.010367728602386895,1009.908617477638,3.7860928282857036,0.05578060245659157,3,3.2,63
-10.209490261175803,0.3987681659043821,9.161159369677321,1.1751139739079846,,,1047.399722464318,3.7024807904840027,-0.015983792558783124,3,3.0,63
-10.056042315600124,0.02600409885518552,9.161159369677721,1.0116484421787932,,,1084.1497038469033,3.632666967819168,-0.001042320218407495,3,2.8000000000000007,63
-10.046035810851118,0.001695755115598874,9.161159369675635,1.0007605664021946,,,1120.1652851277563,3.572655651833517,-6.797081691994966e-05,3,2.6000000000000005,63
-10.045383275967602,0.00011058200586339865,9.161159369575028,1.0000496014226299,,,1155.5697991393615,3.5102753604875208,-4.432449712869447e-06,3,2.4000000000000004,63
-10.045340723469515,7.211170945807071e-06,9.161159366092015,1.000003234579174,,,1190.2860264078838,3.4395514173762587,-2.890447894056421e-07,3,2.2,63
-10.045337948575575,4.702481749753591e-07,9.161159309949902,1.0000002109304433,,,1224.3096737336027,3.364565049501673,-1.884892014229368e-08,3,2.0,63
-10.045337767621769,3.066538720255829e-08,9.16115949235942,1.0000000137550005,,,1257.574373316521,3.289001342074627,-1.229158343737554e-09,3,1.8000000000000007,63
-10.045337755821578,1.999722883104541e-09,9.161161898502883,1.0000000008969785,,,1290.3184981040122,3.2345913568020954,-8.015478302906484e-11,3,1.6000000000000003,63
-10.045337755052076,1.3040427573795836e-10,9.161040153213436,1.0000000000584928,,,1322.2941714228507,3.1727531828005957,-5.2268833217652375e-12,3,1.4000000000000004,63
-10.045337755001897,8.503212867921758e-12,9.160366808291693,1.0000000000038143,,,1353.660291012287,3.1094300734592584,-3.406669005402526e-13,3,1.2000000000000002,63
-10.045337754998625,5.532452887380622e-13,9.180981077577943,1.0000000000002485,,,1384.409694444038,3.0438841244774335,-2.2003428232651182e-14,3,1.0,63
-10.045337754998414,3.4199047320093007e-14,9.531849590516826,1.0000000000000158,,,1414.6339723652493,2.9752273321842115,-1.2625910360867919e-15,3,0.8000000000000007,63
-10.0453377549984,1.4796930398031855e-15,,1.0000000000000009,,,1444.1004151037334,2.92719582101955,-6.532223435505509e-17,3,0.6000000000000005,63
-10.0453377549984,0.0,,1.0,,,1473.0633467768785,2.8686985321202543,6.139906278461508e-17,3,0.4000000000000003,63
-10.0453377549984,0.0,,1.0,,,1501.4389815477002,2.8106779073998767,6.139906278461508e-17,3,0.2000000000000001,63
-0.0010018923617406688,0.08535896788804773,-0.40630800763077435,2.41815591178247,0.016006942918158292,0.010907884815768817,136.10261482348935,5.224198241529873,0.0007202902896649409,0,7.0,64
-0.005749318317025671,0.09261022031197778,-0.43305127216659844,2.2761445685912083,0.015605872929394131,0.01086912286844484,188.08794146705986,5.403498004767666,0.000628306329813642,0,6.800000000000001,64
-0.012080789776360736,0.10373797058614101,0.39523262677158755,3.183074989306374,0.01478945934957821,0.009904686998966737,241.61375209461676,5.324995486985854,0.0007740212295439256,0,6.6000000000000005,64
-0.020834344705613753,0.10876306406999539,-0.07905187509016587,3.001272643260563,0.01664233373236289,0.011661798076158822,294.35363458489866,5.228299237164198,6.068277926449042e-05,0,6.4,64
-0.0123293624481833,0.1014974408691108,0.5694261143574155,3.2513869036277945,0.017530232976445747,0.013803371930844221,346.05550776732497,5.120186686981494,-0.00012525360777342244,0,6.2,64
-0.023404594133833747,0.09760159678817099,0.6405774124235446,3.310781357465539,0.0164438280859952,0.013788355276916835,396.79030550755596,5.0210414467231494,-0.0008721511117466854,0,6.0,64
-0.010594401320239975,0.10607064491355174,0.674739125699642,3.118706268785073,0.016505602217077177,0.013750667087232481,446.5061160260891,4.922296793949165,-8.784894682226629e-05,0,5.800000000000001,64
-0.008060092317528425,0.0956957546197739,-0.08754999478290193,2.5758293128949363,0.017790865996076412,0.014201493847211292,495.2195220650076,4.820143883028537,0.0001796194851321153,0,5.6000000000000005,64
0.003169661741879356,0.09873027380276087,-0.3280093298372071,2.5043636092819113,0.017598195021114423,0.013167034864053821,542.9970335127456,4.731812766410193,0.0008040087680126852,0,5.4,64
-0.0017410128516726117,0.10031179088730725,-0.3354955540263376,2.465796678141345,0.017220015084054553,0.012077972178457736,589.8831027089324,4.636368207770224,9.22430635879289e-05,0,5.2,64
0.004555940759362144,0.10518412214992962,-0.6207250092342913,2.3496895762234877,0.016973792185025437,0.0120252208883401,635.7586520650702,4.546050350985297,-0.00038970162893731456,0,5.0,64
0.0023600924878842675,0.0929488709899179,-0.6246324155092,2.1660413750274197,0.01667272947253059,0.011947369700197932,680.742624590846,4.455544854499214,-0.00019135960642797906,0,4.800000000000001,64
0.00327474173101553,0.09655750790410754,-0.6465198592365735,2.08455285818851,0.016344660143243903,0.011551633402781147,724.8697493923123,4.362455929710055,-0.00013306393860049997,0,4.6000000000000005,64
-0.014589639804049983,0.11213432444012689,1.1517848044048522,3.486453006054666,0.017810304743709492,0.016400912203718653,768.0894085895328,4.27933881954756,0.0013448300631459646,0,4.4,64
-0.007821939315937238,0.114940311404655,1.0206551927133898,3.422513687098304,0.016602582847992656,0.01552120977787227,810.4042786790418,4.19314560500315,0.00048554367323137506,0,4.2,64
-0.013907434094966538,0.10975713031498688,1.3924264784408384,3.5635248129633847,0.017940508365889497,0.015625048353394837,851.9059806321181,4.106724399911541,-0.0002563236761977128,0,4.0,64
-0.013228040261850425,0.11187438956785374,1.365586100206035,3.4997311072016215,0.0182330351455564,0.015474756739930606,892.5159886966535,4.016760560772501,-0.0012762054513650416,4,3.8000000000000007,64
0.00151344743504982,0.11458750868232699,1.2668371279106596,3.4408470838883733,0.0176080431280937,0.01626681465804662,932.4012727839976,3.9429755361121104,-0.0010923396963299784,4,3.6000000000000005,64
0.008412610605189419,0.09070932313582472,-0.6980548268303122,2.299438313133864,0.016055201290357726,0.012260220689950254,971.4615086136678,3.8725753353512773,0.0002761550730690103,4,3.4000000000000004,64
0.006753890822891859,0.09229223510966433,-0.8732492387703177,2.263719827274762,0.0159509544946974,0.012433108049862772,1009.7594452736474,3.7955208814453094,0.0006448416315880383,4,3.2,64
0.024790179608188145,0.09475537082774402,-0.6462385616742288,2.4563018662039204,0.014826067723067844,0.011881275542494282,1047.3759001411124,3.7276006599903573,-6.666754302306432e-05,4,3.0,64
0.01941179704277583,0.09545998158895992,-0.6900813402729122,2.4703006534706065,0.015465201150855208,0.012577977922095876,1084.283356942636,3.64732568970225,-0.0007349078946403913,4,2.8000000000000007,64
0.005614159826521037,0.09442012663747129,-0.30448995710793536,2.5450665621204744,0.015426333478885628,0.011333496277610674,1120.3335878885912,3.5714424997789513,-0.00022431304095139613,4,2.6000000000000005,64
0.006386560105151703,0.0954238299945542,0.11182594352230302,2.5170889528874367,0.013363614073993198,0.010059043556240797,1155.7406366120342,3.5038740817503227,-0.0004514848068699183,4,2.4000000000000004,64
0.009521308552164704,0.09201200964524796,0.34536345805741764,2.6022043343332766,0.015542145551401383,0.013458844788589502,1190.4761127348986,3.430874436830987,9.086922676577619e-06,4,2.2,64
-0.008903734844916467,0.1043708835042775,0.40997506296573416,2.7703735167231844,0.015417476435892325,0.013784423946856559,1224.380804515587,3.361555454599474,0.0010037314771130384,4,2.0,64
-0.0038289996673906436,0.10805258815956756,0.014349380847630044,2.6841763162261976,0.014570769908584857,0.014076699661367625,1257.7188783667598,3.3004259243307668,0.000761733050981904,4,1.8000000000000007,64
-0.008795859281024864,0.10742135921857253,0.007120007079331359,2.692483754696568,0.014096909842049392,0.013818569822767588,1290.4123805823035,3.2310830866674856,0.00045952438590517695,4,1.6000000000000003,64
-0.006252162451968748,0.10624156673669645,-0.17780864480606873,2.726866060176142,0.015490742971004839,0.015252458490315196,1322.4026062716177,3.1704482679334,-0.00034757024170457504,4,1.4000000000000004,64
-0.0017649086163417898,0.10693830983625266,-0.2040116518150561,2.713504962780305,0.01430048275629117,0.0134004881617026,1353.7342875945205,3.1070610706072657,-0.0009729905847264607,4,1.2000000000000002,64
-0.0005856773486881312,0.09741271242442141,-0.26161774461441833,2.3377851475839657,0.014726341740997953,0.01329815069655157,1384.5549829386405,3.0416533919048936,-1.855920992028922e-05,4,1.0,64
-0.003967864203259981,0.09630476113756967,-0.10252316137472128,2.362678725238054,0.013018615189690178,0.012492347491833802,1414.6211889261513,2.9790426284656477,0.00025999470812886435,4,0.8000000000000007,64
-0.005458367016005023,0.0996094439427335,-0.1768675592320368,2.2827764768327765,0.012556285746376546,0.012208818962421356,1444.1839774642108,2.9248816611358235,0.0006434176138969752,4,0.6000000000000005,64
-0.0014440855471670746,0.10006786263444532,-0.30942002024231074,2.275555735027866,0.012376826139212583,0.011686482328230798,1473.1384868932478,2.868012182746315,0.0003184549065776227,4,0.4000000000000003,64
-0.018996350445879617,0.10500187019034313,-0.1993703776535165,2.498842391614721,0.011677617894152786,0.010874662145307233,1501.498974709906,2.8045777585834046,0.0004800111108240092,4,0.2000000000000001,64
-0.00941284977578247,0.092471367193388,-0.617497215998013,2.1886884374348843,0.016752027804219232,0.015412922640119333,135.97467073317938,5.223785675587748,0.0002425742530521327,0,7.0,65
-0.015368672783518486,0.08989009108113766,-0.46154632045886723,2.2811352808914256,0.017132812270711922,0.013641595028258202,187.9305124458811,5.408499404166463,0.0005002773001643116,0,6.800000000000001,65
-0.016813449396131434,0.09369731297468949,-0.7128938287176312,2.1852336163249158,0.01632473767677677,0.013456402994406173,241.53774618431737,5.334986732028423,0.0006238311024854199,0,6.6000000000000005,65
-0.030528030787170896,0.10558177911288887,-0.3194704962302368,2.6629861520004607,0.014906202181346391,0.0111029955079395,294.3155030638404,5.2208428096950685,1.8934348338609868e-05,0,6.4,65
-0.02631418080847697,0.10168032812108586,-0.07110153514751172,2.7870367706822736,0.01603562814773747,0.011387993615673601,346.0985389949684,5.125040808606045,0.0002633667305965508,0,6.2,65
-0.016996787017419687,0.10519659873788363,-0.09826715852890189,2.748046871093295,0.016231457957340753,0.011669494552036315,396.7763328612555,5.018373091304112,-0.0001955091717646358,0,6.0,65
-0.02172585067550992,0.1006028008598986,-0.10883442093992857,2.8446509256382444,0.014955204729397452,0.011063506805390816,446.5189823687313,4.9191950566212,-0.0005603958630337201,0,5.800000000000001,65
-0.01505263975992544,0.09807369504558205,0.25025932260565487,2.9513723839189763,0.01646280339164015,0.011381976006132175,495.1539947953608,4.8194995946586845,-0.00044410837158822804,0,5.6000000000000005,65
-0.01269003235661439,0.08810717819316269,-0.6054368078949777,2.158489906528524,0.017075102397044118,0.010401449503586544,542.9351926239583,4.718419284056708,-1.3465682125247179e-05,0,5.4,65
-0.010127892473166207,0.09843251352654138,-0.3714837619341478,2.4070986579075027,0.01706172288023465,0.010834422703167267,589.7304800351336,4.638163890410811,0.0007893201694799069,0,5.2,65
-0.015199341254899421,0.10462292205708668,-0.6168890913455232,2.2527445269417856,0.016772880962792024,0.010393287266252951,635.6432966928728,4.544081893283024,0.0012257278847715575,0,5.0,65
-0.009767622608007788,0.10760518848519159,-0.7701051177649076,2.2045215772269104,0.01629049451300638,0.010587051126682859,680.6538245825144,4.464025990694693,0.0007103872999861704,0,4.800000000000001,65
-0.007972757689732246,0.1171259751902725,-0.8564335200994693,2.0290286867454412,0.015391100109259597,0.009983477158577992,724.8270662318624,4.369572877592898,0.0005103617480087102,0,4.6000000000000005,65
-0.0034381699634582195,0.12225238585934604,-1.0635840402595276,1.947749715785307,0.016522391685520416,0.011230370273906673,768.1307836242755,4.28137711140137,-0.00013748999622141507,0,4.4,65
0.004450068147316335,0.1209394050198105,-0.8996316175595815,2.1713156017701762,0.01656304123872836,0.01252668214499533,810.5029837126613,4.19891179133413,0.00010823164616290613,0,4.2,65
0.003907394381214736,0.11578910259392941,-0.7447231498703619,2.268144431340133,0.015991631301777644,0.012436776939937408,852.0649533734194,4.108922258734043,-0.00025719852003620934,0,4.0,65
0.009060979682101287,0.12391472666821508,-0.6472854647764468,2.1699361987092476,0.01597116976731918,0.012139745577824216,892.7074656889918,4.023915393062004,-0.0004706907493289331,0,3.8000000000000007,65
0.006074986016308537,0.11327668046384327,-0.2690708212668147,2.376701075221902,0.01817474044676116,0.014130428244805824,932.5793954570353,3.94094605135272,-0.0009235924212569458,0,3.6000000000000005,65
0.011243581905630955,0.10855404271584915,0.025731124175035536,2.4702519959588254,0.016049793207413555,0.013780273266420123,971.6482474801987,3.8675383788042472,-0.0006108624696339709,0,3.4000000000000004,65
-0.002757588335800885,0.09715274667979923,0.316367869059762,2.7740731444964024,0.01571999232214745,0.013678312845337263,1009.9274191159432,3.7925900063412943,-0.0006634725385407961,0,3.2,65
-0.00598449704547924,0.09668536436017942,0.5177921001173922,2.783193746702042,0.0169856327731142,0.013260514629326182,1047.5209836473653,3.7248029560807536,-0.0005423358842994422,0,3.0,65
-0.01598834313911897,0.09639330631868258,-0.4379002840895154,2.1864279344657143,0.016935945840297163,0.013482722691069779,1084.3138088170374,3.6432067151742835,0.001350908996624718,0,2.8000000000000007,65
-0.010747221137579003,0.10467388578479246,-0.9034804330369468,2.0306369302918803,0.01641384873463693,0.012662443751277154,1120.4323844458604,3.5712200436011567,0.001189047171538307,0,2.6000000000000005,65
-0.01427072019246868,0.10117823757251906,-0.9895226841351215,2.0909468291701248,0.017578782425632388,0.012622000366058565,1155.8514642204455,3.5080319204083295,0.0005318341240280355,0,2.4000000000000004,65
-0.012598903004962138,0.10642119652652025,-1.038938391357844,1.9938033221782672,0.01824702540611668,0.010942794596930183,1190.5807947242026,3.4378629012674953,-0.0003430474383114596,0,2.2,65
-0.014644528835184623,0.10561056989720985,-1.1634070433042338,2.003859800863217,0.016544476563318894,0.011558160858164631,1224.5363523443414,3.3710557108719206,-0.000903030080500278,0,2.0,65
-0.0018852902683955007,0.09880530540493183,-1.1313332456834824,1.9598468409530472,0.017923318173214877,0.012848036911279923,1257.8663107552627,3.2903319947006233,-7.068401187506007e-05,0,1.8000000000000007,65
-0.004331816808854715,0.10031888150262269,-0.7232522465522764,2.1758912067453418,0.017308057242595733,0.011958956153009986,1290.4976427148229,3.2217590856831535,0.0008328695170550444,0,1.6000000000000003,65
-0.013688226518122258,0.10330973831361441,-0.6551424145495028,2.096215201411356,0.01672644044857005,0.011688457022034063,1322.462058994017,3.1639607073018956,0.00031499148620669186,0,1.4000000000000004,65
-0.0111052833852134,0.10264716582167971,-0.5671071785260247,2.1159600848727163,0.016374263382197593,0.012891049595629683,1353.7835096158276,3.1043130300973143,-0.0002650568046346129,0,1.2000000000000002,65
-0.005850573442078424,0.10483039031152325,-0.6586140181736315,2.080924587328522,0.01706717958775359,0.012612157349917037,1384.5333723950707,3.0463147071207186,-0.00031894426878057173,0,1.0,65
-0.015293108250712733,0.10497580798991127,-0.41559750839849086,2.0591640510268445,0.01582488189510757,0.010893687844674782,1414.7065279253115,2.9827742632469554,0.00011513840767093459,0,0.8000000000000007,65
-0.002246607492807047,0.10630263503430033,-0.6371166014704785,1.9742217785829221,0.015381215273474158,0.011486568220250994,1444.2339258239758,2.920370703734105,0.0004077919074702219,0,0.6000000000000005,65
0.0007329791628694675,0.10586569091051141,-0.6363035468938616,1.982773272642548,0.01497059649465367,0.011380339853465928,1473.1737757594883,2.8650902862100396,0.00026903272107407035,0,0.4000000000000003,65
0.013684434352072039,0.10435549929053618,-0.7475494294840654,1.9940974843486088,0.013944622548367836,0.009745864471131582,1501.5604133292409,2.807811582974765,-0.00044022071358309995,0,0.2000000000000001,65
-0.0009103671274849911,0.09961044067296923,-0.656342071441335,2.090709715689609,0.017447871505387732,0.0128585584681255,136.0470566695155,5.222975937677848,0.0013498515686521321,0,7.0,66
-0.04832101242591033,0.15578173293275235,1.8880404184593855,3.439339973012844,0.01836055621861318,0.012208093376702457,188.04691050632897,5.411342855804901,0.004370459614591964,1,6.800000000000001,66
-0.2553834774198065,0.4407230289111794,0.57558151888106,2.735961629392835,0.018630538870282754,0.013981089223758647,241.32972143003045,5.311714652016919,0.020092088705567886,1,6.6000000000000005,66
-0.6260530483596142,0.7699329229796742,-0.879150574741594,2.2341017960110103,0.017379129863448296,0.013688979183675438,292.69191181307315,5.070345242876498,0.04302497478475086,1,6.4,66
-1.1232281721779287,0.9803951806450889,-1.4397824949710127,1.8982196217682037,0.018697831792515485,0.01367087534304119,340.89757474073946,4.679767188706888,0.060465864902351035,1,6.2,66
-1.7250825727961885,1.0354081434448112,-1.2281813944239663,1.6068978009632118,0.017635690614112232,0.012713842685957929,385.136986620441,4.20805193646252,0.06631665937327438,1,6.0,66
-2.377777994571639,0.8924033014357086,-0.9958650208409159,1.5182743997941273,0.016016047196167022,0.012122690713067387,425.1075774951156,3.728009295944551,0.05730817579563519,1,5.800000000000001,66
-2.954652939315628,0.7568384123235887,-1.020599201137876,1.374415116673435,0.015156044881188073,0.009727061875734837,460.5358951388207,3.3120538930952996,0.04870004346695327,1,5.6000000000000005,66
-3.4422575207656063,0.6825559041895592,-1.0567164137318863,1.3265516282364367,0.016858537318130223,0.01026941088349134,492.02299374865885,2.9626544912009667,0.043934022030738804,1,5.4,66
-3.8625771803904403,0.5918584828276898,-1.1291243141165312,1.2211526532246981,0.01456327851550304,0.00896754996106625,520.1398655919344,2.6445003949418067,0.03787988960871727,1,5.2,66
-4.230741398590229,0.5194819434894303,-0.8718963755715543,1.1964319383158737,0.01521686284772194,0.010205919413095855,545.3149617140647,2.3613446874185655,0.03294200125733213,1,5.0,66
-4.567856402944211,0.45676794939173015,-1.0797413544963699,1.1613147150953906,0.017237952749328524,0.010743835941932997,567.7623880763108,2.112642682854536,0.02911946872164164,1,4.800000000000001,66
-4.851656842080717,0.4040031306443667,-1.216531757649866,1.1312784504429425,0.018115259465833075,0.011142654113268207,587.9262856239388,1.8942157318788695,0.025515481905863217,1,4.6000000000000005,66
-5.1081248565817425,0.38398563311362754,-1.0049666579271457,1.111187530835483,0.017176434713744335,0.011797471767900648,606.0393625867904,1.7101242402560073,0.024264580812099288,1,4.4,66
-5.340869836940896,0.34015261194683294,-0.2689775096891851,1.1173043466284924,0.01636916557214505,0.012225480986261006,622.4078385351128,1.5470552814619616,0.021183203736168218,1,4.2,66
-5.546493602445403,0.28029605831109433,-1.1353573836426158,1.0766725646941016,0.01715498614888823,0.012759579862402986,637.01048715123,1.3870180705334563,0.017445918477037983,1,4.0,66
-5.730479571270647,0.27191600031021523,-0.7104618550097328,1.101446166623613,0.01624927504068678,0.013318718173258344,650.1893258843829,1.239030543062177,0.01665440126990197,1,3.8000000000000007,66
-5.91116947192667,0.25451363228627405,-1.0950944963468432,1.086412957412332,0.016027439993345743,0.013271933833569966,662.0026577633823,1.105026028209408,0.015543543778729333,1,3.6000000000000005,66
-6.074274881676465,0.2663885165020245,-0.8552052024026304,1.0946236927185813,0.01587628185918124,0.012430192150483148,672.5138217063563,0.9859074490486479,0.01626978594283669,1,3.4000000000000004,66
-6.225968382274674,0.24305865280045047,-1.1323657961652125,1.0681621429350538,0.016771907092332564,0.012061012436321359,681.8728891887645,0.888696295056146,0.014689430073878325,1,3.2,66
-6.376402078787071,0.2211793103946958,-0.5149933990083673,1.0716351248057154,0.01537754681925959,0.011510803126516313,690.2934400467557,0.787843139622155,0.013145688964098356,1,3.0,66
-6.502910523589742,0.19281582981477519,-0.8818927580658089,1.051729575215672,0.014745018692835536,0.009968327918237254,697.733227120832,0.6965913145532201,0.011272295589836698,1,2.8000000000000007,66
-6.629574114908755,0.1902865119464343,-1.0797013094701142,1.0510007089303246,0.015357530971677384,0.010417482133994013,704.2880452610526,0.6133731704262019,0.011175668243269312,1,2.6000000000000005,66
-6.742756560680831,0.1954748112405419,-0.8390266507958479,1.048719446661347,0.014184183326820978,0.010830131458425896,710.0884629491604,0.536999830172982,0.011736414338996692,1,2.4000000000000004,66
-6.845082065575518,0.17073528784149328,-0.5175706444819523,1.0428148405670143,0.015767026790551225,0.012582707795940572,715.0626224098118,0.462896671813368,0.009775977559253628,1,2.2,66
-6.938500690018479,0.15729094732636725,0.5230668302057313,1.0565642958496773,0.01582068589956748,0.011801391652203628,719.3613668412283,0.39578216827152524,0.00871947840342404,1,2.0,66
-7.033181878612116,0.13152434212044187,-0.5130498895464619,1.0424245788227227,0.01597951531364636,0.01209702110202672,723.0626385642215,0.33617590616273424,0.007074243924571684,1,1.8000000000000007,66
-7.119398738758955,0.15301532844231797,-0.7001972225021782,1.042973909716391,0.016785048605259655,0.012774564873102702,726.159553123764,0.2793302180051243,0.008199105244695004,1,1.6000000000000003,66
-7.186654870261542,0.15382625557537777,-0.9549179280969247,1.0406348998331896,0.01853724331560249,0.01374203213157408,728.6624913455028,0.2296395650960996,0.007926132503297203,1,1.4000000000000004,66
-7.277379899284056,0.15841312187517617,-0.6876746976319139,1.0500148061705261,0.019809875131490937,0.013741789917618822,730.775153773957,0.1844498465215976,0.00813458808226444,1,1.2000000000000002,66
-7.352496841708155,0.1468230544595021,-0.4431629137837545,1.0441685633049897,0.01939332920184059,0.014219838411606678,732.3358438122107,0.13224937513315807,0.007195043214918823,1,1.0,66
-7.41882718025529,0.13414091206582748,-0.14040996888968627,1.034869263376872,0.01938834757802688,0.014707734519987779,733.416552108675,0.0881973393938413,0.005627522907072378,1,0.8000000000000007,66
-7.488411873838703,0.14412026819052326,-0.7781811046561433,1.0383854421075804,0.018521728159905704,0.013669689719674813,734.1304065100107,0.04868559707294045,0.006929465516265911,1,0.6000000000000005,66
-7.557973191447683,0.12463508667783108,-0.9403876106572198,1.0288780767316843,0.01623474785910403,0.012362667536666334,734.4702585574265,0.009425239778135298,0.005486658378712637,1,0.4000000000000003,66
-7.612457155065906,0.1295431420677727,-0.41457236264151875,1.0331476515674638,0.01579336778837323,0.013845251988700137,734.3770624847398,-0.018136423904244848,0.006105114578342648,1,0.2000000000000001,66
-0.0016314485713045666,0.09872612112206794,-0.7608563605859642,2.390246785724841,0.01505056337118612,0.01147619346935453,136.19325023233353,5.222516980186467,0.000571372988165001,0,7.0,67
0.0015493357942811567,0.09250433328859976,-0.9273982972570174,2.0311022656282263,0.016287302162688207,0.012973098064248964,188.1870848216417,5.401802747791515,-0.00032392834715363957,0,6.800000000000001,67
0.014712402011223537,0.09903213850961069,0.5811412160216642,3.4268486899704254,0.015150016066527456,0.012683771827516312,241.6861461188226,5.332028833173523,-5.3900952230521975e-05,0,6.6000000000000005,67
0.008825641615056213,0.10102681130752864,0.5738123130968571,3.383655235813998,0.01560599642587487,0.012834730750968895,294.4742358363837,5.221721109641812,0.0003177119799408552,0,6.4,67
0.008582734013296766,0.10076446901566825,0.6222569542758194,3.3931117738417735,0.017260584305070735,0.01306361941324801,346.19396956484013,5.119865342954846,0.00016101122996365374,0,6.2,67
-0.010486265573037792,0.1012838291602564,1.107980258066326,3.3698056746820355,0.018372560389841867,0.013806794733657752,396.91860751035415,5.020714735722055,0.0005938144906079486,0,6.0,67
-0.007950389386184569,0.1070209967910848,1.4301788010876821,3.197560882249303,0.018971868495205282,0.01468720896221768,446.6054942109126,4.9196957377999215,-0.0005940867734560078,0,5.800000000000001,67
-0.00919456203189998,0.10043982352763979,0.3826367793819485,2.934918508398184,0.019132364564806607,0.014683428373244595,495.31626257193255,4.825487595986324,-0.000858132981608361,0,5.6000000000000005,67
-0.016135481125211824,0.09927754061556837,0.650163516585577,2.9425529138477033,0.018159005380591644,0.014382911819269721,543.0244292964073,4.72192763986873,-0.00015991376155211184,0,5.4,67
-0.013552302009567531,0.09949003307766333,0.5760423065186582,2.947802358956491,0.017503038959496352,0.014007213156339623,589.8371455566341,4.631178403279974,-0.00018161097062425417,0,5.2,67
0.0007514936252386696,0.0960548998323675,0.6092994819236366,3.0818951920747453,0.018199691934384744,0.014084710368986451,635.7044095097675,4.544133194645033,0.00029270453654107277,0,5.0,67
-0.012253329606591304,0.09757471172691243,-0.28259909695511,2.719487193615829,0.01635024467536084,0.011749527547397219,680.6895187491391,4.45593566548459,0.0003423796882424429,0,4.800000000000001,67
-0.01812466318513646,0.09144376496403384,-0.4467696092576121,2.8681497270914074,0.01733564190718436,0.012374905003806723,724.7414235570402,4.367235070295593,-0.0003668874118550312,0,4.6000000000000005,67
0.002720350352181903,0.08603885096443523,0.33726151921853864,3.1072399726381867,0.01855866735389732,0.012554521860863607,768.0730311042123,4.280529129649765,-0.0004291191218940511,0,4.4,67
0.012041704083913045,0.09179060408277154,1.0619691555856203,2.97938039736833,0.018751602842457853,0.013171237992264287,810.4133793985134,4.1938604387527505,0.00030867692953569003,0,4.2,67
0.015793044271824066,0.0897153924910304,1.3152855241848647,3.0274533336759966,0.01786639525033717,0.013048103052148397,851.9132402975575,4.108519204693016,0.0002678282290847598,0,4.0,67
0.922138574780488,1.813490369255982,0.3216801130698572,2.4414445098997537,0.06669029056295589,0.1000505155288144,892.5791896419029,4.024046186285945,0.08097416592192871,2,3.8000000000000007,67
1.7655080036077735,2.144610182608858,-1.792678442229674,1.7845071948372897,0.11436724987604953,0.12032794800414508,932.5209257955041,3.944192261259612,0.11580418835977833,2,3.6000000000000005,67
2.590182023472416,2.1215669354171998,-1.812932271030002,1.4776343070228997,0.1614045708946695,0.11922502704437776,971.5455146253066,3.8721054714784127,0.1121903150048165,2,3.4000000000000004,67
3.4113049659458308,1.7247991249766965,0.20490256138107332,1.2916738246904902,0.20797093200011404,0.09780153075754208,1009.8708233764623,3.7939091633016626,0.07114614857235778,2,3.2,67
4.244146847167881,0.19433052520001348,4.52790666337655,1.1598039862663665,0.2548402384912659,0.017958976925893325,1047.3896099916058,3.7140823073869136,-0.007081623674655584,2,3.0,67
4.187838941194803,0.09289684189027829,-0.5554797142951227,1.04272616932791,0.25497501962179947,0.019893190205171798,1084.2614426866799,3.642876319643518,6.748658158915829e-05,2,2.8000000000000007,67
4.182155086997338,0.08668838102439731,-0.38387998528884015,1.0420709505514953,0.2534956420696999,0.01949864754531411,1120.3306388815747,3.5756223724476857,0.0006700057913385595,2,2.6000000000000005,67
4.184752994899393,0.09408676348908815,-0.2550206491742322,1.0469367019883458,0.2528167387660157,0.01941997914784025,1155.724817842406,3.505057591332399,0.0008641424569520252,2,2.4000000000000004,67
4.19959634681707,0.10262122724834334,-0.42094476522740054,1.0506493516956807,0.252653338685545,0.02011831696820958,1190.3880008358276,3.4353120963840147,0.00019043178918687023,2,2.2,67
4.2012589659676385,0.10593083582579008,-0.51103753706442,1.0502136958481647,0.2527445566682387,0.021888916887787442,1224.4086135006605,3.3582317460458375,-0.00040022798692175625,2,2.0,67
4.183979586324257,0.10710238734551646,-0.5054922786984597,1.0545408842906092,0.24829182234718078,0.019542472249932483,1257.6196603094418,3.288139770601445,-0.0009287523251018782,2,1.8000000000000007,67
4.175140932032496,0.11749375044950162,-0.8703728808611206,1.0567026033591138,0.24765663033555646,0.01939409830269283,1290.2975205067237,3.2312411947749355,-0.0017002401103397588,2,1.6000000000000003,67
4.175490824580902,0.11508172827281647,-0.8863206138705921,1.0566307700138275,0.24624284054928566,0.019796585690393727,1322.2843355940668,3.170503012603728,-0.0007793686547766343,2,1.4000000000000004,67
4.160556195881211,0.10460851999575152,-0.6116899367626987,1.0578665255740043,0.24481102540091995,0.020528636494433258,1353.6874043878329,3.1105771770962427,-6.768795904346979e-05,2,1.2000000000000002,67
4.165661902295959,0.10758419846848978,-0.8367523058365549,1.0533795823179297,0.24509099397551515,0.020712085044786006,1384.4742545507866,3.0498325272137867,0.0016954439223323512,2,1.0,67
4.176773514743676,0.10510314664293884,-0.8262271843916911,1.0505946255074907,0.24596060755360497,0.02018464138669476,1414.7096445747322,2.981639311494055,0.0012022481978425606,2,0.8000000000000007,67
4.179726488429258,0.09661388477773765,-0.6324144072151165,1.0499032378679185,0.24835932038973574,0.021654158562267926,1444.227847308982,2.924802620741825,-0.00019119825851716187,2,0.6000000000000005,67
4.178019673088142,0.10189512252020341,-0.5409030549714555,1.05427881287498,0.24902531636391537,0.02035217953917929,1473.200044761473,2.8641685006122963,0.0002543816487494857,2,0.4000000000000003,67
4.1811001446480045,0.11918387137485746,0.24849642093831648,1.0533897315319367,0.252692203136077,0.022043392247024885,1501.5452598043505,2.8047864194159384,-0.001041988044553005,2,0.2000000000000001,67
-0.002345108470247576,0.10081953492607937,0.08807793054309876,2.9216876585863103,0.017952496054228072,0.01300699705226045,136.0541864444479,5.228010228850744,0.0008882825623894782,0,7.0,68
-2.1876241987080566e-05,0.10762458700880737,-0.14689958213151488,2.7377060808512343,0.01805914518269752,0.013290966648808614,188.1191061157342,5.398625693660423,0.0008341407931167491,0,6.800000000000001,68
0.004706168448321683,0.10815709958400524,-0.18503543725253158,2.721599268739688,0.016749418523242205,0.012952230521883245,241.58262812478378,5.322369316393965,4.602585486220897e-06,0,6.6000000000000005,68
0.010138768437102036,0.102208749757168,0.34067835669992386,2.8684071331781813,0.017296860327447858,0.013016025290749854,294.25405730707973,5.219886857217127,-0.0006224328619725362,0,6.4,68
0.010922311521776314,0.10513974353568858,0.19862450360254558,2.787104437474042,0.017088014422908006,0.011723183638385995,346.0039966147813,5.119211981222758,-0.0012339185641245197,0,6.2,68
0.021037566633747343,0.09555327110116549,-0.5096698605886263,2.1785149950047593,0.01809389617317647,0.012586842247929012,396.69411376556,5.020649310280681,-0.00022756849692351727,0,6.0,68
0.007945754473482189,0.08620711236844375,-0.8612732759244457,2.132192491095765,0.018307763555993332,0.013988459555361392,446.4178165125722,4.92834198730837,6.446881667531135e-05,0,5.800000000000001,68
0.01148588489097526,0.08567576805688264,-0.7075871683976711,2.1352046263943145,0.017428324371583096,0.012899470828755182,495.1814167336594,4.8301465587953984,-6.488389418145324e-05,0,5.6000000000000005,68
0.003890895524896258,0.09485520855133277,-0.5552949843069066,2.4553727586522176,0.01605382604308895,0.012539723486110904,543.0091730078354,4.730407342908396,-0.0001435436970012953,0,5.4,68
0.017428390776355183,0.0904915504660542,-0.41891900151615946,2.5285740575825044,0.015406162177248621,0.013302428867270823,589.8372856911112,4.636950048275814,-0.0002507661424435223,0,5.2,68
0.0024709381421769865,0.09430272528956091,-0.6048240995946288,2.471011719791108,0.015308102576883496,0.013496010310055989,635.7176163828541,4.537880786765164,0.0007615212007503861,0,5.0,68
0.008529091293082866,0.09426325731660336,-0.5425432522422686,2.462647010733615,0.014965488459721303,0.0108072442358867,680.7065024108794,4.452454617774821,6.52972337705019e-05,0,4.800000000000001,68
-0.007196177818778257,0.09497350102910608,-0.7181518269419378,2.447260883094425,0.01598722160699449,0.011525334194473867,724.8023399472524,4.365504073837673,-0.0002010928690196043,0,4.6000000000000005,68
-0.008257812061551028,0.09988512884788692,-0.7024627290663288,2.6153168789859462,0.016653059435447464,0.012252526058738472,768.0180719022433,4.280171979831809,0.0005881224243515303,0,4.4,68
-0.017564715662483393,0.10390505460144983,-0.8457690938013123,2.4868883754057602,0.017234828847479823,0.011527169383200055,810.4250768733314,4.20092315833139,0.00023831813448723749,0,4.2,68
-0.01793287593729811,0.0990368581992949,-0.5537563218096726,2.6037027466546463,0.0169142679989341,0.010175526583016183,851.9272040983722,4.106109154560357,0.00028428212240143324,0,4.0,68
-2.1798748246629063,4.366101127047166,0.3101059645613917,2.4776282505743614,0.0162012010473781,0.010644108834383974,892.6432648305705,4.029646368730683,0.03295084646499367,3,3.8000000000000007,68
-4.192244861175148,5.174432708264018,-1.8001614536255177,1.8119525172433992,0.015767388011168542,0.010376610260846197,932.4924774979241,3.943632688432053,0.06160418054391035,3,3.6000000000000005,68
-6.198588198001028,5.10933709467589,-1.8196443720958224,1.4991488641494548,0.01552353649187368,0.00884199470836569,971.5923541449586,3.865909549615545,0.06945464226490937,3,3.4000000000000004,68
-8.20640698197214,4.145414577246872,0.21358721571549655,1.307177266169938,0.015071565249115616,0.005901495762831763,1009.8815943657263,3.7981245608666314,0.05444685192333227,3,3.2,68
-10.208439408525937,0.3962153776857802,9.161159369677279,1.1740171620928408,,,1047.5082360874612,3.7183782008637825,-0.015881469352415658,3,3.0,68
-10.055973788374217,0.025837628803489138,9.161159369677206,1.0115739726943322,,,1084.2203237556193,3.6421978992182376,-0.001035647612615205,3,2.8000000000000007,68
-10.046031342117379,0.00168489942537371,9.161159369676536,1.000755697920692,,,1120.2696634384572,3.561628666356878,-6.753568915531e-05,3,2.6000000000000005,68
-10.045382984556692,0.00010987409468657843,9.161159369675131,1.0000492838917503,,,1155.610370144783,3.4946131753029945,-4.404074565614407e-06,3,2.4000000000000004,68
-10.045340704466296,7.165007300025341e-06,9.161159369544658,1.0000032138724244,,,1190.2478576418266,3.432921523671193,-2.871944154601083e-07,3,2.2,68
-10.045337947336355,4.6723779329843515e-07,9.161159338917575,1.0000002095801326,,,1224.2254177031446,3.3755124522864195,-1.8728254912152766e-08,3,2.0,68
-10.045337767540959,3.0469076125209334e-08,9.161160198759902,1.000000013666945,,,1257.5571936804292,3.3024700675498124,-1.2212894030517495e-09,3,1.8000000000000007,68
-10.045337755816309,1.986921255247064e-09,9.161163690160645,1.0000000008912362,,,1290.2882563973671,3.234047428312482,-7.964160803769751e-11,3,1.6000000000000003,68
-10.045337755051733,1.2956953610258995e-10,9.161156764519507,1.0000000000581186,,,1322.3030343113344,3.169345268053832,-5.193542989041847e-12,3,1.4000000000000004,68
-10.045337755001874,8.449070477007577e-12,9.161285172838037,1.0000000000037896,,,1353.6821889068183,3.107403586675054,-3.386154110195967e-13,3,1.2000000000000002,68
-10.045337754998624,5.510979377883341e-13,9.197606375728148,1.0000000000002474,,,1384.3923965037277,3.045744574343133,-2.2003428232651182e-14,3,1.0,68
-10.045337754998414,3.4199047320093007e-14,9.531849590516826,1.0000000000000158,,,1414.531248326498,2.9797876766028133,-1.2625910360867919e-15,3,0.8000000000000007,68
-10.0453377549984,1.4796930398031855e-15,,1.0000000000000009,,,1444.0731339920064,2.9268519629428074,-6.532223435505509e-17,3,0.6000000000000005,68
-10.0453377549984,0.0,,1.0,,,1473.0357003556535,2.870002745544981,6.139906278461508e-17,3,0.4000000000000003,68
-10.0453377549984,0.0,,1.0,,,1501.3989210006541,2.8132797598268238,6.139906278461508e-17,3,0.2000000000000001,68
-0.003113953498197032,0.08859455271770274,0.8781837261630039,3.117666714749974,0.015142519956623256,0.009753098531675526,136.09601306003452,5.218243242589147,0.0005810149988768702,0,7.0,69
-0.014170441907756277,0.08085192625234187,-0.3652800825720246,2.5646719407024827,0.015584173083064777,0.010201994173221074,188.04873745863105,5.396069691104217,0.0006177691131735422,0,6.800000000000001,69
-0.018908153453517363,0.0843642571039109,-0.7173375037556369,2.434507200235964,0.016362156806039696,0.010256140107473811,241.49205626783672,5.3310768427776765,0.00026978526264431833,0,6.6000000000000005,69
-0.011254377327811649,0.09718694264522647,-0.5512858133537959,2.1521122245518316,0.014968378473402915,0.010555939226056901,294.3210004859066,5.2310335358046185,0.00037865440071283723,0,6.4,69
-0.008936111297708747,0.0959700722523936,-0.6159467394410605,2.18461825814154,0.015466011995192907,0.011875555427196392,346.1243255291411,5.122780856324292,0.00023744320496871764,0,6.2,69
0.0036584112056909073,0.09904289051082923,-0.389266492214285,2.6284507701287914,0.016868810929001582,0.011972857757576399,396.8057436021066,5.021496456944447,8.337162881870702e-05,0,6.0,69
0.0029062455471603986,0.10106954611858722,-0.510906433440776,2.5764505648605587,0.017049035956770257,0.012520689170137897,446.5100266983386,4.917785548767222,-0.00016911027519537255,0,5.800000000000001,69
-0.00103363263967043,0.11359355586668474,-0.2331077917854678,2.3512022223821463,0.018211016054276125,0.014384068409441063,495.26404524634955,4.82063017353533,0.00020524694046148388,0,5.6000000000000005,69
-0.009270003770977968,0.10321024410522966,0.4261131403952225,2.577264848507327,0.020249644698515736,0.014127239291398228,542.9575797362162,4.726764018945211,-0.0003870482850071405,0,5.4,69
-0.0024734393101590764,0.10279979645909831,0.36893830631753755,2.597416115807796,0.020474128219407407,0.013820705615562487,589.7879927173929,4.637736130239541,-0.0007229256649795046,0,5.2,69
-0.009254482870854043,0.09488651166902538,0.5592659873046752,2.8013020252461334,0.01848051907209161,0.013965689077490276,635.6660969845913,4.545173431337668,-0.001114887485805218,0,5.0,69
0.0018045765316984236,0.09152315513132998,0.8820487801647094,2.9177287533940905,0.018217527747808316,0.014062184194646754,680.6958962946003,4.45651979479201,-0.0009721402965198621,0,4.800000000000001,69
0.0058273685473328755,0.08440221482878835,2.629197002299165,3.8532369895661995,0.01659432051719799,0.012706943745237068,724.7627655368574,4.368165218620046,0.0006957626742470923,0,4.6000000000000005,69
0.014169074612162151,0.09026726024891711,1.3412064809000812,3.567064957680694,0.016479902794543654,0.012802777187307986,768.0430714561996,4.278655438068649,0.000696399473498359,0,4.4,69
0.009982502329325661,0.09981759765781256,0.5842280673556433,3.2495352413779206,0.015348185571116169,0.012274845483268067,810.365899082221,4.192668042437716,0.001578179404139431,0,4.2,69
0.010065105910917891,0.10477785336952414,-0.01458469944093821,3.0969103784694614,0.017922003123641714,0.013897712340149622,851.9121948239887,4.106668905291896,0.0009238639175997195,0,4.0,69
0.00806846909045859,0.11248028260981237,-0.38009436066641156,2.8908109794550274,0.016382938849685474,0.013032867329818884,892.5606980633697,4.024113071343782,0.0005025228229027502,4,3.8000000000000007,69
0.003027941360588458,0.10813186733718773,-1.0626124867092346,2.119709826161187,0.015362833727326369,0.012468208047336232,932.5078130704562,3.9486714286872755,-0.00011817507273147063,4,3.6000000000000005,69
-0.0022828482097526177,0.10779814212463808,-0.9019993588772386,2.126636035326674,0.014387561736741378,0.012159539624761732,971.5742861564255,3.873617349171108,-0.0006580763255870669,4,3.4000000000000004,69
-0.0010130636510981435,0.10053188105956416,-0.734048787766659,2.280748955690483,0.014814793686052034,0.012086325389666622,1009.9167348142511,3.7939910375499903,-0.0004430053132145816,4,3.2,69
0.003843310380576164,0.10326250476080603,-0.36069992642200743,2.3284170875598735,0.01293935466424772,0.00992650912975912,1047.4207997754058,3.712552886260109,-0.00020261507116496068,4,3.0,69
0.005412262134786403,0.0956799893128592,0.0069251019067846364,2.510621233443566,0.013558636402701794,0.009281849667121728,1084.215429576118,3.6322354293293153,-0.00014018458627069002,4,2.8000000000000007,69
0.004582269459079453,0.10727227119242398,0.07045232782569277,2.3410182817731533,0.0158182074793592,0.010265188163260124,1120.3012530271121,3.5727547452631034,0.0004251630303037667,4,2.6000000000000005,69
0.0022572428398956014,0.10991516636295065,-0.2470167122755056,2.2863629070649996,0.017155203124100425,0.010641494901536071,1155.6611867857778,3.503602168521395,0.0006438157072136938,4,2.4000000000000004,69
0.005824536919058366,0.1083998252731252,-0.1596215017170275,2.3154150272020146,0.018938517164526533,0.01093178964572839,1190.286565177319,3.4339924575392864,0.00020815261655103163,4,2.2,69
0.005209348563601847,0.10219829571631646,-0.04591697632583447,2.456278507529894,0.01912163876847874,0.010961306610192392,1224.3611205321356,3.3671138369160816,-0.00038550876646831206,4,2.0,69
-0.004677293383109599,0.10687480605169106,-0.24733860030052046,2.3496160385635005,0.019834304226370333,0.011188971740306483,1257.718120813076,3.294122574372535,-0.0007777871104810338,4,1.8000000000000007,69
0.00524841909350382,0.09409059965331383,-0.8589200114664814,2.054755491889105,0.017386297231249282,0.010954746474941069,1290.2771052409514,3.2301080762399397,-0.00020574155065013007,4,1.6000000000000003,69
0.004201114010343976,0.08958348296130146,-0.7359060134318409,2.159136131934471,0.015996395241667506,0.009866933891893371,1322.278160003222,3.1649207858050903,0.0002130775929355603,4,1.4000000000000004,69
0.0023282798355705233,0.09261959975887134,-0.46021074362475467,2.1614074642792827,0.014537375208150162,0.008947050413249637,1353.675029358148,3.09809431435179,0.0002153532712601398,4,1.2000000000000002,69
-0.008310738355825562,0.09681080039222602,-0.7078758672062397,2.060767136294107,0.01566972123876189,0.010047991397947197,1384.420109505342,3.0475080654347457,-7.230271157907736e-05,4,1.0,69
0.005866291261168412,0.10044012108204174,-0.7750482369361635,2.0739232567626704,0.01434219381635236,0.009620067937218299,1414.553790974044,2.989967361113264,0.0004273382799801677,4,0.8000000000000007,69
-0.005340197963965764,0.10180109412560356,-0.5879155824151194,2.046883543343343,0.015278795504392609,0.010251716538862806,1444.1879103689416,2.931022291517023,0.00033557621968203935,4,0.6000000000000005,69
0.0026390109652019785,0.10765057377411152,-0.566569004253374,2.166061145660732,0.017389481546906824,0.011599023847609134,1473.1304898969645,2.8651160460307543,0.0002774864195938686,4,0.4000000000000003,69
0.007417740678152682,0.10946525247370197,-0.7076553467663156,2.125831367562722,0.017846871612251788,0.011880910364225571,1501.5307290740407,2.805050826925216,-0.00018291366833630081,4,0.2000000000000001,69
0.0035998104822447603,0.10187177050782376,-0.7721695837905975,2.153606391079877,0.015010194997033217,0.012521638888791445,136.0204564811217,5.228558492362386,0.0011709794386662597,0,7.0,70
0.01247221141983601,0.10695276200428223,-0.9650765315023437,2.0385068677306655,0.016976608914363603,0.012974501752722696,188.06278781462436,5.402237603701689,0.0005761467015845214,0,6.800000000000001,70
0.01080647379885096,0.10264640823147095,-0.8230245479765665,2.126722512681659,0.017317082510829956,0.013218893631011119,241.6081533356174,5.321642856458825,-0.0005980080765602546,0,6.6000000000000005,70
0.009272166191379579,0.0969224527190863,-0.5578290058269517,2.2545186228064433,0.01777893408357972,0.014212544021561859,294.3795465913356,5.237171642698142,-0.0007171971907073656,0,6.4,70
0.013388891496352067,0.09898284940769249,-0.30455784222737625,2.19745500157944,0.017616032276667148,0.014419229759057713,346.1126147058931,5.11754449128364,-0.0007222832953097145,0,6.2,70
0.014071197852022266,0.09496571875624905,-0.2835416013209575,2.2766503012575465,0.01967288739100745,0.014066291079711869,396.8221311460343,5.016457459770867,0.0002153693327725055,0,6.0,70
0.002018063594087176,0.09036883459712818,-0.29312913676337216,2.418494194209481,0.019117456052221798,0.014025012914100623,446.51134037979625,4.914798469802455,0.0004989810879605733,0,5.800000000000001,70
0.0009129538995162972,0.09761088076308881,-0.4523419398087847,2.2395284722499103,0.018138404861385703,0.013962478246580102,495.27816080003925,4.818659081646728,0.00016905847770584648,0,5.6000000000000005,70
0.004834934785939357,0.10052741475310882,-0.2925314211977632,2.1720896051574026,0.01992125984642019,0.012655415627767874,542.9201121574198,4.73121245074981,-0.0003219950540110806,0,5.4,70
0.0010804553017049732,0.09222065869982007,-0.06104058520224642,2.227077078325782,0.02067612296023599,0.013218002305323046,589.8172308638383,4.635198583752175,-0.0007075855827661918,0,5.2,70
-0.0038626539837780076,0.08137155703747966,0.6559499265589244,2.521288457206973,0.020256866114654458,0.013983907645882143,635.6751673309155,4.54076139838129,-0.0008730076759718667,0,5.0,70
-0.0022569692934597094,0.08166683057364395,0.38496336740082127,2.5140795249764296,0.020516369128606087,0.013450067190895018,680.672902008176,4.450625053903384,-0.0004727580478905545,0,4.800000000000001,70
0.004186425989133127,0.09045283711110942,0.3766055813171931,2.862268963617728,0.02062164767734936,0.013591132022097968,724.7738910816239,4.371119027458588,0.0009663655702749374,0,4.6000000000000005,70
0.003514412215282876,0.08736519108325705,0.6172091490147533,2.9642175378076483,0.018298670402692886,0.01372183276152573,768.0328027516026,4.280428272682745,0.0006661956115534194,0,4.4,70
0.004579042960178876,0.0946799207452057,-0.11909539474335551,2.7342059153014575,0.01686979130053439,0.011996858922807488,810.3511287980249,4.1943834523718495,0.0006039417006588716,0,4.2,70
0.00587896479147915,0.10632715379066726,-0.6358538184473903,2.433807555856352,0.0161482833544796,0.010868377174279069,851.9319064321244,4.109424192964052,7.922085700875123e-05,0,4.0,70
0.0070198856847048345,0.11233765001550686,-0.6600912721418948,2.3025968498874914,0.016222839406628057,0.01047232508349908,892.6099627189667,4.023304294557562,-0.00028088683616712463,0,3.8000000000000007,70
0.00016253656254683446,0.10790323750816064,-0.7047864710313596,2.0946824609780483,0.016273975193499268,0.010311408342971638,932.4711662482692,3.9487678200629146,0.0004702993936220428,0,3.6000000000000005,70
-0.008690477215475383,0.11361097117328924,-0.9358940596351073,2.1311813495026497,0.0161321078271955,0.010475704095359648,971.6147702224416,3.876005175364709,4.778750955775944e-06,0,3.4000000000000004,70
-0.0016873520930738288,0.10989881957550288,-0.689971858196218,2.2094698306706015,0.01615497877090137,0.011079046537788377,1009.8948489637005,3.7872012896451763,-0.0007038411383149991,0,3.2,70
0.0006052179422875088,0.10124115293103188,-0.377180755563832,2.3986579999205944,0.015408594419814268,0.011007303883899745,1047.433976873742,3.716170527774169,-0.000706697571556322,0,3.0,70
-0.008778092250308307,0.09613111577911823,-0.3952316279464636,2.515530545471639,0.015483840422123318,0.011821402180736027,1084.3195264428005,3.644929821701981,-0.0006328337660072974,0,2.8000000000000007,70
-0.01096720758322547,0.09204837496489322,-0.24875752437383714,2.619354511972391,0.015136699088128792,0.011489967992737523,1120.4641120427507,3.5783308043881537,-0.00026966302605223113,0,2.6000000000000005,70
-0.0018556667972121604,0.089136918730952,0.20584780555696458,2.791846470663074,0.015370262601874263,0.010468807583188236,1155.7868587730343,3.5110367980042194,0.0005258739925532238,0,2.4000000000000004,70
-0.011743864211004889,0.09298618514308944,-0.15021243643825377,2.6553440641339465,0.01513800533025476,0.010284746472795868,1190.4713694339346,3.425993463943338,0.0002561501056037697,0,2.2,70
-0.014132651287611275,0.0973399658923991,-0.07621518866976418,2.530070803751982,0.017610131983367926,0.010862970772242849,1224.4923004997029,3.359024998420848,-0.00013036477555786966,0,2.0,70
-0.01369804742840762,0.10767773923683494,-0.3324881935832944,2.2927814172148966,0.016375291886877575,0.009781141147961064,1257.7577491026398,3.2937098564350595,0.0007421180374638087,0,1.8000000000000007,70
-0.011221693383801492,0.10778270903071963,-0.476400215314142,2.2967165254289656,0.016512223711913555,0.010408377503001328,1290.3408928984782,3.2360645458899984,0.00032996816824054935,0,1.6000000000000003,70
-0.007738853639219589,0.1070295254850761,-0.647247966112452,2.1621691480695238,0.01663167110173777,0.010763457990512895,1322.3626818457255,3.173276222979441,0.0002189277416472689,0,1.4000000000000004,70
-0.007602132207816505,0.12237311581496348,-0.7861766690088388,2.058815573043444,0.017254505418062838,0.011962206397156708,1353.7891124352454,3.1020826648173148,0.0010385429556684634,0,1.2000000000000002,70
-0.006165368907100906,0.11790958948964811,-0.7231599000310225,2.137975839901666,0.014533087440643778,0.012018814253208469,1384.4709002248817,3.0404114699903744,-0.0007017497683535439,0,1.0,70
-0.0008635889790634421,0.110950538348696,-0.5746100351978929,2.275171117173312,0.014437149489204621,0.01268934311073513,1414.624823291805,2.982814408963245,-0.000273893470788607,0,0.8000000000000007,70
-0.005272417826489045,0.11064692130905973,-0.4746444227468647,2.2788462946775208,0.01479479696629923,0.012259398119861048,1444.1726201570161,2.9226990041089027,-0.0007092202649181044,0,0.6000000000000005,70
-0.0027279309338601775,0.11173665056984193,-0.49031313145784106,2.258547479612722,0.01378679413945953,0.0121425704619744,1473.1219921923923,2.8694158201689968,-0.0007397954287596866,0,0.4000000000000003,70
0.0042102637483620526,0.09232327265462878,-0.3897412414992485,2.176053671445635,0.013340474921465652,0.01039815985863495,1501.498258850958,2.812800382902625,0.00018163783293489676,0,0.2000000000000001,70
-0.021982783695165247,0.11125190467302262,-0.1860039831806377,2.8832540850092925,0.015524607213214487,0.012822427630688764,136.18856450571857,5.21819146400046,-0.00011347090757321303,0,7.0,71
-0.07147341518133103,0.1772034183165189,3.9583228972793014,3.919952450039175,0.016823034057778196,0.012735348105046252,188.16295106091127,5.4066201188438905,0.003297627743226538,1,6.800000000000001,71
-0.277688045573348,0.45218452603418335,0.4966568415171193,2.755451808711818,0.016223919448503016,0.01256494364967266,241.434168524124,5.304047462469514,0.021383799514064807,1,6.6000000000000005,71
-0.6319925754566982,0.7330158539372216,-1.0477111652296627,2.2039113268111588,0.015224402754208449,0.010906098354060595,292.7115407605879,5.067119294083295,0.042097969807629754,1,6.4,71
-1.1251295611467673,0.9506065845732113,-1.383643898989891,1.883376564379511,0.01571242462100212,0.012289072686505224,340.89284387506086,4.686987431637563,0.05984451582856713,1,6.2,71
-1.7247678543654492,1.0230509043545493,-1.1767466318349402,1.6084156188846683,0.016832243789247272,0.012641280510751026,385.26670522253414,4.216329693471718,0.06599129249703287,1,6.0,71
-2.3747175521632826,0.8950228746836802,-1.1486941413149543,1.4243673271026986,0.017674767945301272,0.013073888214259442,425.21134553779865,3.731670575574162,0.05781727854581047,1,5.800000000000001,71
-2.9376769602266033,0.7715750636007178,-1.0511506239710027,1.3783074836772433,0.018789202572711473,0.013281168193377414,460.62153829855254,3.309171400834499,0.04974725907775092,1,5.6000000000000005,71
-3.423982564822535,0.6448204774859735,-1.006253979098616,1.2721482654338934,0.019746726662192026,0.013561138131637685,492.0493451059384,2.9477268464947644,0.04153217353295803,1,5.4,71
-3.8372124304047475,0.5530793427161678,-1.032127474044992,1.2585198218513982,0.020392650956801716,0.013712286431453285,520.1184733135389,2.633108137741421,0.03556080281390124,1,5.2,71
-4.206377144663424,0.5085739315202391,-1.1660931629384923,1.2115408275077466,0.020716830919435852,0.013994990969481425,545.1309566396083,2.3561584473759916,0.032619041052857956,1,5.0,71
-4.523896320424469,0.461464715942064,-1.1314262573261589,1.1554293245942169,0.019748565101641233,0.014295026281322423,567.6067097953452,2.116350177484169,0.029234024722473093,1,4.800000000000001,71
-4.808594820516548,0.41689706348484495,-1.0371294726347131,1.1332290923301493,0.020525182184884336,0.015751794240120676,587.7646130035953,1.9008260147978935,0.026076269610800788,1,4.6000000000000005,71
-5.075042731435034,0.3749930268271683,-0.9158082001132057,1.1104992229704067,0.01867552212310365,0.015907622341167462,605.9333360853282,1.7135433018706354,0.023387528567185085,1,4.4,71
-5.321020396050036,0.3372785409082991,-1.120635359281993,1.1126090870363392,0.017999269277309455,0.013812580687786518,622.2217995682395,1.544230031996357,0.021088712409937063,1,4.2,71
-5.531489129691473,0.3276250309228763,-0.8271253525491473,1.1196045514041342,0.018497355187517127,0.012597275860567397,637.000057901727,1.3921942878564342,0.020445939810727662,1,4.0,71
-5.728696857499223,0.29103532815779415,-0.7735602613998038,1.0815524566559018,0.01771418927670613,0.012165697367280718,650.1675192986614,1.2472398839229488,0.017903978740513565,1,3.8000000000000007,71
-5.909259263258687,0.2513259947225392,-1.028270973825243,1.0673876304212675,0.01642133012577608,0.009628110652963616,661.9893525422054,1.1107184575471836,0.015457220332142823,1,3.6000000000000005,71
-6.070899323959655,0.22864871709988024,-0.8122311287384214,1.064325748141705,0.01784991382049981,0.010498677828501484,672.6547025253573,1.004107706534477,0.013950935441589324,1,3.4000000000000004,71
-6.219892147156997,0.22725166106201802,-0.25331963391603374,1.0905185634095018,0.017131041967334965,0.01063204545353538,682.1045509922815,0.8870476449907999,0.0136630312021032,1,3.2,71
-6.34462814441346,0.20824571904195535,-0.6379169165636749,1.0703014906059691,0.017975361923510888,0.011686361287410114,690.4273732474484,0.7900564169524935,0.01203768757518759,1,3.0,71
-6.479588070140073,0.20869152545091607,-0.938839193036944,1.0651134790266368,0.018712047782333503,0.011521899686686342,697.8466322428678,0.6904379595721938,0.012095297859139256,1,2.8000000000000007,71
-6.614229488998075,0.21815248277314,-0.6482634627128792,1.0857101906713595,0.016811218029600266,0.01181397322024042,704.4408565219506,0.6022928418855845,0.01250835234423999,1,2.6000000000000005,71
-6.7261873760941,0.2019763243812966,-0.7428757553524665,1.0677357462962664,0.01683350572573099,0.011318272514775327,710.0781263851433,0.5356668159057525,0.011075743008643415,1,2.4000000000000004,71
-6.8364008642495495,0.20091780407111956,-0.03005342357875218,1.0616737565839016,0.016462483525143998,0.012200266887880774,715.1286750362066,0.4698394444685355,0.011154186968683375,1,2.2,71
-6.953667620012543,0.17382089785205976,-0.3500532687387574,1.0642001598321287,0.015660919000034586,0.012504694041631242,719.4101154943971,0.3977560049828069,0.009142888084531071,1,2.0,71
-7.050078387817257,0.16650221690608263,-0.8097002247615572,1.049681563756041,0.015463068670409683,0.012684859457971915,723.088071634073,0.3307946014314655,0.008465027564205248,1,1.8000000000000007,71
-7.141047034815446,0.17932122448950227,-0.6687769936622847,1.053951198200895,0.01748314914814735,0.013820910832819234,726.1733406080353,0.2769122305315839,0.009599222622809404,1,1.6000000000000003,71
-7.228693349358317,0.15564360930609314,-0.6752354809576984,1.0412574186467756,0.020044291776368725,0.014986820591841121,728.7000979240689,0.22236470324290364,0.007586739357132214,1,1.4000000000000004,71
-7.303596892038047,0.14875487814515753,-0.33323994531826173,1.0403367501069705,0.02172533842571429,0.014138450843125734,730.6950882949126,0.18128487873365748,0.0066284663157968205,1,1.2000000000000002,71
-7.370206671987358,0.13423333498217863,-0.5637493059952763,1.0399290892389346,0.020925238290046798,0.013764266428072167,732.2908409834707,0.13347973943793165,0.005520139307793843,1,1.0,71
-7.433886398670084,0.12966453776888023,-0.4176487380965721,1.0350778181524911,0.021778608705769944,0.014203141387453813,733.3738328431858,0.08338799574758188,0.004796512061162331,1,0.8000000000000007,71
-7.486299433167568,0.13073567322298862,-0.6557779413306464,1.0317241377904602,0.02071180691091728,0.013724578907494052,734.0850429065612,0.048783828051973344,0.005332973130317471,1,0.6000000000000005,71
-7.548794150492674,0.14119807820279331,1.741119747812676,1.0588016343765925,0.018053057361356525,0.012822539414990518,734.4139345515264,0.010961230136423215,0.005319478221889314,1,0.4000000000000003,71
-7.60799783534981,0.1426915729202199,0.8600029289291058,1.0505613058960928,0.01655958315458994,0.012503571340450785,734.275578996213,-0.027779947377908527,0.005688595329758238,1,0.2000000000000001,71
-0.013961308161449882,0.09234956422246084,0.6709115877909806,3.155419601718877,0.016818855964707974,0.01462967826098653,135.9916027021773,5.2303776322709306,0.000587995213497645,0,7.0,72
-0.023735865469083874,0.08195835699482651,1.2034761476382423,3.4520164846133756,0.017605491475879323,0.014859136424915615,188.06098007433226,5.4065903566280955,-8.866015505104883e-06,0,6.800000000000001,72
-0.02102651260104458,0.09500677464234225,0.5495727187162154,3.0279789990976647,0.01900884376116373,0.016128104625996034,241.57218415858887,5.327269042804603,0.0006532530695741489,0,6.6000000000000005,72
-0.009074842118318459,0.11007297787358816,0.7128720485746185,2.8019683864774323,0.016142810894597997,0.015475706537870514,294.39739428485404,5.225308909702216,0.0006602442337485287,0,6.4,72
-0.009330819136620509,0.10834541558404238,0.8857681027820541,2.845752017003533,0.01797430486327185,0.016974827991409893,346.1084011551185,5.124376452913078,-0.0003499191563473741,0,6.2,72
-0.00014855106907994727,0.10426161439274984,0.5961023138883839,2.968382908415599,0.01707650781805297,0.016953543016793405,396.7846992020515,5.013090376834309,2.2066593779129224e-05,0,6.0,72
-0.003899880420646984,0.10850873400697551,0.21434444237026007,2.850323073143622,0.01588087631874483,0.016281621123392064,446.4988691852504,4.921445983414201,-0.0010655476851517546,0,5.800000000000001,72
0.0028994226648476704,0.10059394867943534,0.382757166124688,3.0753104135803606,0.015361194839881272,0.015271854703866695,495.27233616311105,4.822572861431089,-0.0004483807605171,0,5.6000000000000005,72
0.0034731742055938066,0.09325366702599852,-0.6208228913649312,2.279007504964745,0.017078372593580245,0.014947995275455435,542.9146470072346,4.724891580450886,0.0006124288025891339,0,5.4,72
0.002756429602825355,0.09952995475835483,-0.4958940567994521,2.3271223434410846,0.01571244396956198,0.012134318163162855,589.6775183550125,4.631056460988334,5.4779692010968126e-05,0,5.2,72
0.0076201461169045645,0.10124697587609396,-0.3015852912210155,2.3211339515523552,0.0165618661088914,0.011309686400157283,635.6155855218942,4.536057958532393,0.00031530867690140676,0,5.0,72
0.018350559159714157,0.100027192776036,-0.017258069953864474,2.316772807122034,0.017110710049454456,0.011658137104985962,680.5747841759174,4.455294352113544,-0.0001423434632695245,0,4.800000000000001,72
0.020355255104723708,0.09539549353274021,0.3377384240571688,2.4151537678364567,0.020010535028073165,0.011848774750068247,724.7188690242941,4.382814853260302,-0.0005370467509826423,0,4.6000000000000005,72
0.015914423207135316,0.09203917882603432,0.6302307425069098,2.5225246514228594,0.01891385483618004,0.01323840664569258,768.0297339391515,4.290128361627318,-0.00030967003716047804,0,4.4,72
0.01099973472369163,0.10044807161591243,1.1989206399094483,3.134644806215019,0.017194301000663385,0.014278769444266984,810.4996434447422,4.199887778427887,0.0005343052345182449,0,4.2,72
0.003896494990471983,0.09690739972855492,1.0069160254832719,3.2662998351911674,0.01607276605049531,0.014816688537650467,852.0374367258148,4.1086786094271694,0.00048393512591353823,0,4.0,72
0.905294469220446,1.8285547751575963,0.323246466026645,2.5420445736064687,0.06158627419266246,0.09374239644877645,892.7598853041745,4.0231475316280685,0.08085425016569736,2,3.8000000000000007,72
1.7348240700998616,2.164459582836539,-1.786183433484444,1.8661615640646116,0.10511679508761806,0.11637480210486499,932.5624744180969,3.9441592739064593,0.11482871551599187,2,3.6000000000000005,72
2.5638948393460845,2.144310552675124,-1.808573939448662,1.545666077432125,0.15171370789491545,0.11706007394442662,971.6278531271232,3.8624242303708884,0.11139830631563057,2,3.4000000000000004,72
3.404236264160935,1.7445192611619096,0.20361492658097502,1.3478132726962464,0.1982822365305637,0.09597516571557602,1009.9040727770707,3.791811296682554,0.07156435325767933,2,3.2,72
4.250776276865274,0.2033812298821975,6.393512308549726,1.2089938677599406,0.247654276273625,0.017403356465423434,1047.4644558976877,3.7173344070356453,-0.006140509418087994,2,3.0,72
4.188661645106782,0.10319631420799218,-0.11495429166906224,1.0647780839313667,0.24791528953096795,0.01708271191449444,1084.2820034331176,3.6510903386568687,0.0008358557397938334,2,2.8000000000000007,72
4.191163983031991,0.10293997487039246,-0.10954261809205112,1.064144302505746,0.24878931756862976,0.017938298198533324,1120.3793201841195,3.5762112047206505,0.0009995072876649164,2,2.6000000000000005,72
4.193618023791991,0.10786716828553294,-0.34680006357475435,1.063491190070011,0.24932200174612448,0.01669423114011029,1155.7799672692583,3.502664302598937,0.00031792638517164957,2,2.4000000000000004,72
4.1918492548624515,0.0976672599816494,0.26204548365097313,1.0640018078257991,0.2514099891798416,0.01850015255670516,1190.4900660731562,3.4367998352220264,-0.0006481091507064087,2,2.2,72
4.189097153925199,0.09481645054421928,-0.35817451882211415,1.0495870196620245,0.24919169301609345,0.01846028249635465,1224.4611809202597,3.3631862128839494,-0.00037209826296586064,2,2.0,72
4.177608968295275,0.09077595741088927,-0.4533348520793403,1.0481355654589903,0.25007471761887656,0.01853516431032853,1257.706820469815,3.2944002497520732,-0.0008917974351303987,2,1.8000000000000007,72
4.177737076020773,0.09301044520076951,-0.4721255919804972,1.0480913617283394,0.25001348381857924,0.017368909412943542,1290.3106367684973,3.2226632495822596,1.4529380930853482e-05,2,1.6000000000000003,72
4.184908996489411,0.08623251694249594,-0.30501437996471736,1.0408213631995111,0.2516802442252117,0.017274808236286764,1322.342437039548,3.1661423797294534,0.0008204551101676675,2,1.4000000000000004,72
4.182722519089384,0.09138457687933312,-0.5876687249355572,1.0488503940657699,0.2518432666909438,0.01649535421113348,1353.6423758309008,3.108811399723113,-0.00013984716247649847,2,1.2000000000000002,72
4.190588515481499,0.09369378722998525,-0.2360692801008657,1.0576366790811844,0.25380484149603566,0.017743726659962607,1384.4445697015142,3.053816072076416,0.001031846714078543,2,1.0,72
4.198134486119237,0.08868243086919894,0.10902465475916401,1.0557633641953554,0.254427759862941,0.017501360826199065,1414.6637903371789,2.9939137941152514,-0.00026131091529199015,2,0.8000000000000007,72
4.201412220130467,0.09827896631675931,-0.18203526932841552,1.0548875551375874,0.2555300685520199,0.01991527643546915,1444.2175281223253,2.9209908144800534,-5.120787875426545e-05,2,0.6000000000000005,72
4.1895376050769135,0.11242913239168097,-0.39601107954035397,1.057787872206791,0.25435383723392,0.02191372020021441,1473.0660632197385,2.8588648718027825,-0.00021378075624448576,2,0.4000000000000003,72
4.196896112053469,0.10292920992460322,0.1944434535830717,1.055994595513544,0.2545615403384519,0.021871396750903344,1501.442573622096,2.798483763581034,-0.0010025649945289929,2,0.2000000000000001,72
-0.0016415836468464161,0.09445313429126082,-0.3047025270556101,2.24307279701226,0.015792075516802537,0.012681603588414346,136.16939152887082,5.22015390069218,0.00045801614103042475,0,7.0,73
0.0002710052877630861,0.08656307450917076,0.08502751718971524,2.44788954418014,0.014498158157075842,0.011200945200709037,188.1519411242681,5.400684269207817,-6.25063651143421e-05,0,6.800000000000001,73
-0.003936979605223809,0.08230839467149542,-0.11768427303407636,2.5714386678713295,0.014340973377430845,0.010974776663828956,241.58338456624008,5.316785454674461,-0.0003493766432666691,0,6.6000000000000005,73
0.004721622161766533,0.08555454271828405,-0.06736827693866765,2.745280676950349,0.014610520977179178,0.011119314198206501,294.2690002572487,5.223112104241361,0.00012839750345275332,0,6.4,73
0.01341419953726973,0.08910156052515947,-0.3619490582738196,2.610077614022292,0.015161956179676271,0.01137482195422474,346.0220772129331,5.116371049442617,0.000246075554776177,0,6.2,73
0.022125196677237575,0.09447623034291884,0.22312137813511201,3.1774980769557954,0.015593482248068452,0.011565266717606047,396.7551655407258,5.0223284101640795,0.0013469377955306918,0,6.0,73
0.02573121060314133,0.10215268202099256,-0.18422232823869855,2.9265774913624107,0.0177021885319839,0.013500673048861201,446.41807074512593,4.9258158152377325,0.0006576230277055088,0,5.800000000000001,73
0.008427666089991528,0.11146127837213997,-0.2770864119386194,2.759593786827821,0.01777366330031045,0.0141060223006041,495.21468682185383,4.822377834838717,-2.357910546744e-05,0,5.6000000000000005,73
0.002182027529672939,0.10791605741903507,-0.15630493709625792,2.857956525966107,0.018089392106916957,0.014669944689298279,543.0066447492957,4.729526882800092,-0.00036340694281188925,0,5.4,73
0.0011625130635057764,0.11067266669315168,0.054547679440340335,2.7871955370487047,0.017900164172336693,0.01355279935044132,589.8635670111694,4.6357145158351205,-0.0005645189828087918,0,5.2,73
-0.008184838424681961,0.10596050888557723,-0.318145930705243,2.3207910701687036,0.017019757095465736,0.013790427880995607,635.7199101124878,4.545424327626192,-0.00024270593486108732,0,5.0,73
-0.01197538497787583,0.09751330955839214,-0.10040577052528432,2.510255485333065,0.015342660320563013,0.01178897953757185,680.6833427525725,4.446362383906049,-0.0007515892723522301,0,4.800000000000001,73
-0.0026812883843540243,0.09722987995786846,-0.15371598453106783,2.5358874205181428,0.01636928692135008,0.011276557114625354,724.771132459059,4.358851830553455,-0.0004391067541694852,0,4.6000000000000005,73
-0.003417059740589715,0.10663839735916654,0.2981165867578932,2.705502627180768,0.015188147857039773,0.010927562161348317,767.9156081270753,4.270688545623342,-9.603352322683524e-05,0,4.4,73
-0.003994457508109237,0.11294941754664917,-0.004589500490361331,2.5540419090909814,0.015521300067139681,0.012920893158977348,810.2204143416944,4.190018809425719,0.0007311403145657166,0,4.2,73
-0.00041899698309543767,0.10839702571576541,0.18770235490649334,2.6629823435204307,0.015899740936945097,0.013507947597969604,851.7805068265028,4.116000649496014,0.0009162058341373407,0,4.0,73
-2.164471001025157,4.376413141132876,0.309906851703488,2.4787877201474267,0.016168002832339858,0.014475913273613538,892.536041739455,4.034793083286093,0.03639883072114227,3,3.8000000000000007,73
-4.1784424586799265,5.187980054370572,-1.7998537920512259,1.8131732133323817,0.015928177368943607,0.01594860096355179,932.4109305865816,3.953271212939585,0.06682424863799837,3,3.6000000000000005,73
-6.187930967727038,5.1246906587948,-1.8192086710515238,1.5002785101218679,0.018077357216075462,0.0178436608307443,971.595478393202,3.874182849853525,0.07405592220232568,3,3.4000000000000004,73
-8.200774610589075,4.159308261104966,0.21362157354036881,1.3082263076976521,0.016889256807470242,0.01608961256632145,1009.9427949979244,3.7900831427402633,0.05751753279053374,3,3.2,73
-10.209368461564981,0.3984722836876138,9.161159369677252,1.1749868635594873,,,1047.4952494077174,3.7192440855111686,-0.015971932735509793,3,3.0,73
-10.056034372917154,0.025984804059180747,9.16115936967718,1.0116398108215343,,,1084.2458602851348,3.640650698755935,-0.0010415468266394337,3,2.8000000000000007,73
-10.046035292900259,0.001694496881301712,9.161159369690802,1.0007600021186505,,,1120.3091229653198,3.5629757232901085,-6.792038321509173e-05,3,2.6000000000000005,73
-10.04538324219147,0.00011049995505839337,9.161159369839362,1.000049564619053,,,1155.6356173851102,3.4982445435439664,-4.429160876986053e-06,3,2.4000000000000004,73
-10.045340721266935,7.2058203250867375e-06,9.161159368579565,1.0000032321791477,,,1190.324383060039,3.4332337668979016,-2.888303208637033e-07,3,2.2,73
-10.045337948431941,4.6989925495800066e-07,9.161159344294001,1.0000002107739345,,,1224.2680976153426,3.3695267471555246,-1.8834934384208866e-08,3,2.0,73
-10.045337767612402,3.0642633364302105e-08,9.161159862420362,1.0000000137447942,,,1257.7101908313807,3.3078406005563687,-1.228246331264849e-09,3,1.8000000000000007,73
-10.045337755820967,1.9982388163018285e-09,9.16116387538941,1.0000000008963128,,,1290.3996657482555,3.234349142208158,-8.009513781789352e-11,3,1.6000000000000003,73
-10.045337755052035,1.3030754095064682e-10,9.161113298432467,1.0000000000584495,,,1322.3613867740964,3.1610478149064885,-5.222971680433951e-12,3,1.4000000000000004,73
-10.045337755001894,8.496811497186441e-12,9.161764453587704,1.0000000000038114,,,1353.7351506824864,3.100289972093231,-3.405255409815127e-13,3,1.2000000000000002,73
-10.045337754998625,5.53036197887994e-13,9.185642181397514,1.0000000000002485,,,1384.5777348379956,3.0432412489610488,-2.2003428232651182e-14,3,1.0,73
-10.045337754998414,3.4199047320093007e-14,9.531849590516826,1.0000000000000158,,,1414.626696363613,2.988269394538494,-1.2625910360867919e-15,3,0.8000000000000007,73
-10.0453377549984,1.4796930398031855e-15,,1.0000000000000009,,,1444.2112140669392,2.9322472496360885,-6.532223435505509e-17,3,0.6000000000000005,73
-10.0453377549984,0.0,,1.0,,,1473.2224155253302,2.8633298543690313,6.139906278461508e-17,3,0.4000000000000003,73
-10.0453377549984,0.0,,1.0,,,1501.5989575183555,2.8046862969143733,6.139906278461508e-17,3,0.2000000000000001,73
-0.004713380591814762,0.09192887049381762,-0.35992912219501116,2.2152783176477477,0.016790961303586406,0.013801735462619471,136.06936322340383,5.227546246520383,0.0006788113848851183,0,7.0,74
-0.004650866924942109,0.1032342178951433,-0.30114532462396726,2.4514779332119243,0.01809336011091027,0.01421537653329571,188.06903417899545,5.399314649017919,0.0001595396608000617,0,6.800000000000001,74
-0.0034771841336152316,0.1100405782221864,-0.28305099831492164,2.376952337488779,0.017042392239008494,0.014098102738360907,241.596736484812,5.323565725393455,0.0008918805733675343,0,6.6000000000000005,74
-0.004929060237131892,0.1065109631604809,-0.1477307941434347,2.4542914982876227,0.01659572969236347,0.01350128604828687,294.3010157482882,5.224540982054119,-0.000408055786395648,0,6.4,74
0.009915602206228575,0.10928576127085143,-0.008886201159662654,2.3845940051750505,0.014997319409848836,0.013251620445554476,346.0181463832012,5.118353096793103,-0.0002640150819233747,0,6.2,74
0.009374258719386068,0.10771999221691828,0.12338493137555417,2.42006227279749,0.014105310405084684,0.011925686509786855,396.7392570824678,5.02347429584655,-0.0009901992675068877,0,6.0,74
0.01941548319779154,0.09665625296222197,0.26014413542944226,2.653402350091462,0.013272962560369486,0.011375338978671384,446.4724961874718,4.922790573154381,-0.000780093122358982,0,5.800000000000001,74
0.013232263880119024,0.09232048284983004,0.2716427177742484,2.4999279335953304,0.01566468188034943,0.012015093849324823,495.2386910768204,4.832043860431151,0.0006194444237888948,0,5.6000000000000005,74
0.017840618264696878,0.09359382301014861,0.1961299336611999,2.4466840338119815,0.01676506535485572,0.013136545643069446,543.00799867766,4.73138924263183,-7.855102239698761e-05,0,5.4,74
0.003576433557067807,0.09796750893402517,-0.5865863623077132,2.1498951339692045,0.017136625011764862,0.012486114125565863,589.8065438131753,4.628231165705588,0.0009407015766638086,0,5.2,74
0.003178002239803169,0.11352847980057672,-0.39363674061493326,2.33766454934916,0.01976084237219915,0.014107940264280645,635.69869397454,4.539743454752051,0.0010626923551366463,0,5.0,74
-0.005674945409050023,0.11045965987937627,-0.13175353280904645,2.4003402616497205,0.020975452890166793,0.013118462582157018,680.7020742747392,4.451124900927684,-0.0005883262928389914,0,4.800000000000001,74
-0.0017032134104709884,0.11717925106584398,0.04353150108134418,2.4387367430367135,0.020895873902900472,0.012841986473780665,724.7978489632417,4.370857883333028,0.00011155729275611845,0,4.6000000000000005,74
0.0020407964166880214,0.1184802473948287,-0.0860765108592414,2.4118526087591783,0.02089255911680805,0.011678193699971999,768.0358339457136,4.283976174568623,-0.0009220866043250725,0,4.4,74
0.0094735096371721,0.11222445279273556,0.09669535800866758,2.5374745180332536,0.021824145057973397,0.012393069666809052,810.4888267608216,4.192782332224584,-0.0005306984080396327,0,4.2,74
0.004690721755071372,0.09956781945993154,0.30212603670678817,2.8671619771994132,0.019713270372180052,0.011802251910279008,851.9850814151343,4.106428188528251,0.0002535610603717402,0,4.0,74
-0.001156266969933772,0.11543727176524125,-0.3572335929694379,2.475678036088615,0.018998279679451235,0.011646150989374035,892.6533725668028,4.02236194059102,0.0002983205963835596,4,3.8000000000000007,74
0.0017913884381042067,0.10528874668396342,-0.576324909509967,2.086457835903911,0.019343030693580284,0.012907238528894652,932.472865825783,3.9448323729342714,0.0008254452292635917,4,3.6000000000000005,74
-0.010235012889795746,0.1025149598075467,-0.4917748009072258,2.1324111472791825,0.01827560729593209,0.013133796877173792,971.5041735292971,3.8618855787772848,-0.00016059760607123056,4,3.4000000000000004,74
-0.004593509644493467,0.09903136252150334,-0.33286402181897135,2.2161887209122586,0.016810882004738428,0.012375841339932067,1009.7746781375753,3.7937064139502064,-0.0008545174695444133,4,3.2,74
-0.0018734840702817163,0.10473834170546514,0.00900669721814129,2.304768784641704,0.016791716865620625,0.012162072866304423,1047.3232564799398,3.719352444748217,-0.000910003567651552,4,3.0,74
0.007298937707167318,0.10300607985816701,-0.14018530295989073,2.3379292561823224,0.015703234476002022,0.012879286679972258,1084.1640197089416,3.6512491355448145,0.000783121792533358,4,2.8000000000000007,74
0.0029468757412602327,0.09726321022899964,0.3495305283177852,2.4811443648259486,0.014355176419669302,0.010348092986612423,1120.2845390569767,3.579124907166015,0.0003690585381789703,4,2.6000000000000005,74
0.007653986580810934,0.09897333431976475,0.12648011902473133,2.4320058170599284,0.013886211658553424,0.010393575529042067,1155.7031883744837,3.5021728289737495,8.36421552245054e-05,4,2.4000000000000004,74
0.0054676778582944206,0.09841897825492536,0.1578870979118201,2.4493017264549106,0.014171703939410687,0.010978804955024289,1190.426545847206,3.435508351096626,-0.0007486456379142933,4,2.2,74
0.0026136024310065807,0.08969697213399344,-0.13234256747792417,2.4653382273567748,0.012914167059207688,0.01075128043633844,1224.4515667032358,3.365039515447057,-0.0007655680856320474,4,2.0,74
0.0082139448210788,0.07299290603146381,-0.24591464931342832,2.089717865833234,0.013955944905830719,0.011084756539862293,1257.7471976176369,3.296521677605891,-1.563410974728461e-05,4,1.8000000000000007,74
0.010734820084403287,0.07348213488373803,-0.3690255746914337,2.06679012908549,0.013952515620464307,0.011777242411288058,1290.3655335301837,3.2275343238751386,-0.00020190072014704947,4,1.6000000000000003,74
0.016948893364986575,0.07893642557320094,-0.45368431508448515,2.364892100004621,0.014861612036007976,0.012385297211735924,1322.4278833801027,3.1654238297033066,0.0005040833244418107,4,1.4000000000000004,74
0.01504379468427693,0.08754742269029687,-0.46972418535337646,2.3151390199491404,0.014874282318769598,0.011684127084072104,1353.7049783654518,3.1000004308029836,0.0007298799542647467,4,1.2000000000000002,74
0.012411244147988465,0.09576909874122369,-0.6186173520886884,2.144837436308735,0.018076422435715642,0.01201835246061221,1384.3999443895655,3.0391614202640276,0.0011904211007092052,4,1.0,74
0.022511834583854543,0.09759052328826974,-0.8355979502247153,2.0673805112244334,0.017836190887221548,0.012069273179171301,1414.5038061049001,2.978414074791734,0.0004607772494135818,4,0.8000000000000007,74
0.01951636739310536,0.09910749070981745,-0.6067820511618827,2.050106647259871,0.01758111846177812,0.011509848940931471,1444.1312618495272,2.927048503169275,-0.0009599015828578349,4,0.6000000000000005,74
0.003175569445897355,0.09578973072858749,-0.5013463017526623,2.161460644810897,0.01760767853234169,0.01172369447473854,1473.0374616720758,2.8758156677981512,-0.0009128130675169713,4,0.4000000000000003,74
0.010884992590051174,0.08905580404099252,-0.6293200538871484,2.3086716608412092,0.01909872603233097,0.01242244073945664,1501.4716725266405,2.814577500953305,-0.0004882546070657328,4,0.2000000000000001,74
-0.009422301781040074,0.09727837163022326,-0.8525000421747939,1.9984864451210824,0.017895524072973786,0.013621671551177173,135.9859261486463,5.228235191331417,-0.0004773170264938678,0,7.0,75
0.004446981373676765,0.10163182383067147,-0.4216033837686681,2.36513171490713,0.018475742514972,0.013441718310645395,188.05021777976438,5.411325636057841,-5.64755229926209e-05,0,6.800000000000001,75
0.0005361686489376116,0.09822058147510196,-0.30726164437092285,2.4496258803270696,0.01605432106337993,0.01100891630164865,241.5980479557679,5.334968966228098,-0.0002714352697868251,0,6.6000000000000005,75
0.0011819802361821268,0.10367418219783264,-0.477144190038306,2.320648945873782,0.016298696632670317,0.011062580940225093,294.4052205184898,5.230793537538364,0.0009100651904215678,0,6.4,75
0.00023843470260643846,0.10488066935649858,-0.25765917268720484,2.401874109231014,0.01625092628983552,0.010667745211837009,346.1989574753317,5.126418960044008,0.000790767824540739,0,6.2,75
-0.005154575668612762,0.11472813488469921,-0.5967285810662282,2.1934618654826767,0.017638596668560602,0.011367304793314279,396.9754287643502,5.023898533871145,0.0004917115768328932,0,6.0,75
-0.013321216060385268,0.10494038668841578,-0.6057746392903938,2.381018114986754,0.01783309981706241,0.011662295920552183,446.63815423092643,4.922415132231935,8.74502794297756e-05,0,5.800000000000001,75
-0.007410081483903679,0.10361079298191947,-0.5349322988639225,2.424998284451904,0.017287537128515496,0.012666674274648716,495.38562112797166,4.821760656111199,-0.0011661948391125255,0,5.6000000000000005,75
-0.004609998779625926,0.09089622143569086,0.11026475165939376,2.7677814937140286,0.016787935057594065,0.012549076898369723,543.1057658487376,4.72146266044261,-0.000970507938714406,0,5.4,75
-0.006953169614830974,0.08844640880754363,-0.5556218787587861,2.5450617369965034,0.016527618861779877,0.012095691342209539,589.8998249411763,4.6299381013196825,-0.0003928645222727248,0,5.2,75
-0.0017712157069630053,0.07860244682208414,-0.8099374296647186,2.3493437128319874,0.016018742735699955,0.012056092975954258,635.7377311185276,4.5431182190907995,0.00045081804074434113,0,5.0,75
-0.00884148069810539,0.0858373743264481,-0.6074298853179418,2.2360042079199878,0.015219805899286083,0.012089198424416346,680.7439494822761,4.454441208790457,0.0007811306080587744,0,4.800000000000001,75
0.0016299025670280958,0.09266908469643372,-0.49097480786205683,2.374764496433853,0.0162447514307879,0.011055239462890172,724.8099918610358,4.367720538469557,0.0006629194265861043,0,4.6000000000000005,75
0.010416276743451039,0.10172733599164666,-0.7664424067515494,2.15216453382205,0.018330695857190858,0.01249409842168655,768.0500554351081,4.278344042552591,0.00021292019563716268,0,4.4,75
0.014381458295421505,0.09761259906366178,-0.5837814987804544,2.2302873689576264,0.016991220578427023,0.013421552634970349,810.3487276373713,4.189317142780462,9.784939753472947e-06,0,4.2,75
0.007718722502113698,0.09556334638457904,-0.49655585300250227,2.2955768491175608,0.015286553608632812,0.012933247741578975,851.809526449755,4.10246682935201,-0.000685641129261383,0,4.0,75
0.004743052511318878,0.09752530535748159,0.05746086466438838,2.7361290543168937,0.015442094819789212,0.012664924213143858,892.4617250695197,4.024898244005655,-7.903380070472002e-05,0,3.8000000000000007,75
-0.0007093754449279295,0.10102678526624533,-0.337568377692663,2.6444167624184094,0.01507783642254191,0.013642987608884088,932.3218875206618,3.948686928081617,0.0004417433554544195,0,3.6000000000000005,75
0.007945554398804124,0.10419548088407207,-0.16552151636105217,2.5564882454653337,0.012640721393552087,0.011659505856771148,971.4537522024948,3.8818037182873346,0.0010981175475586163,0,3.4000000000000004,75
0.023869025680036807,0.10998062463178641,-0.31110843846167,2.3728346811790155,0.0122623771886885,0.011036724816289202,1009.8284831422892,3.803525426173199,0.0009883843813984427,0,3.2,75
0.026915193224333507,0.11629444223673782,-0.41753827575592917,2.2369827977785612,0.014104154340098152,0.012424226887955435,1047.4424837159631,3.723333613181622,-5.080239600306917e-05,0,3.0,75
0.03610492509915825,0.10831049828587477,-0.7470727367081254,2.2983230152344936,0.015404660474520781,0.013828118170365089,1084.273355831231,3.6446697396309564,-0.0008279499052335369,0,2.8000000000000007,75
0.022857225749219022,0.10813479822278804,-0.5729453724758646,2.375517246464249,0.01467821520731956,0.013484373127874342,1120.386274349336,3.5665666420902844,-0.0006190256515964197,0,2.6000000000000005,75
0.004238017143347904,0.0993031449513953,-0.11694452102393704,2.6426436923389636,0.015032589397202383,0.013377850248873027,1155.7115541484961,3.4989907991159255,-0.0006052033838214205,0,2.4000000000000004,75
-0.003677591148163609,0.09893569016941092,0.8582026092658728,2.953180545230147,0.01727194087062083,0.01366935601677453,1190.4071826932786,3.4346970145134903,0.0001766049708678791,0,2.2,75
-0.008281310213130888,0.10357194696390819,0.18062487409317995,2.8138102579750317,0.017256695634090206,0.012692629180813857,1224.3531755366334,3.362343815495121,0.0009783714081106622,0,2.0,75
-0.011219660859423062,0.11246866185630412,0.04883948043358277,2.586565274433025,0.016502835263698702,0.011471931201403015,1257.6586438644572,3.293056552790899,0.0008706667837621114,0,1.8000000000000007,75
-0.0107503137783427,0.11679131272247227,-0.0393150238610227,2.492694711743673,0.017246708996098405,0.012179921833775328,1290.315379137706,3.2301743100749194,0.0006752360762022709,0,1.6000000000000003,75
-0.00213977513391252,0.11778199152555137,-0.07865100533401392,2.481972232421184,0.01869957207563312,0.012762051021935441,1322.344307887606,3.1678967659515425,-0.0008036895270843695,0,1.4000000000000004,75
0.005341110577377822,0.11373447069653525,-0.231880199671322,2.2823424647939534,0.018178143925845748,0.013416560796591478,1353.6249414196013,3.1049478358297318,-0.0011339534532192074,0,1.2000000000000002,75
-0.0007020003075069041,0.11039937112607072,-0.27299509699026325,2.353886262978593,0.018727225774791256,0.013477431314104848,1384.3940643569672,3.0399410926077723,-0.00020072097084376835,0,1.0,75
0.005461773144821861,0.10046877502023024,-0.2528415002285387,2.28681586476466,0.01854898353091148,0.014028655737503918,1414.518895656726,2.9789899505425717,-0.00035144792849382285,0,0.8000000000000007,75
0.01364436788211673,0.09075039092567216,-0.4860546908927801,2.287331289600246,0.017654172626940755,0.012955910286499712,1444.128107182981,2.929962254418182,-0.00033122352814021966,0,0.6000000000000005,75
0.0076658740777496735,0.09693470792346573,-0.7886713144689765,2.159080583620228,0.01761598531189355,0.013825635079781783,1472.9890806376375,2.868958767284156,-0.00015712239110948672,0,0.4000000000000003,75
-0.004066722610769873,0.09366793737308318,-0.7553306737217493,2.100807451556574,0.017521172415635125,0.013609731746885451,1501.4561891688454,2.8114749455277845,-0.00040453317991989994,0,0.2000000000000001,75
0.000996316883909765,0.08587812580459295,0.24658938402341457,2.71311188415835,0.016766046132710936,0.012467303519914772,136.0736507990292,5.230785652052322,-0.0002162110372860752,0,7.0,76
-0.047527960179971164,0.15556706164781875,3.194686041961446,3.5549636795299464,0.014634535074632957,0.01030577180704235,188.22475227243,5.414761298803515,0.003665286775934939,1,6.800000000000001,76
-0.26588422971966874,0.4625387788570908,0.8827745923485382,3.0472262818541362,0.015352201192112211,0.010573739987616331,241.5235328713747,5.305936021339132,0.021624012967852064,1,6.6000000000000005,76
-0.6397559952461651,0.7545856947678957,-0.9493219789707514,2.4163808068830743,0.014479142546872712,0.010385246521165795,292.78585544685126,5.059144536650411,0.04361806659500955,1,6.4,76
-1.1365055022807138,0.9605214999164795,-1.4510231198294783,1.8500111214472865,0.014497414779358984,0.009983998263851039,340.9014146674665,4.682155878503465,0.060786037852774276,1,6.2,76
-1.7311539359834311,1.011434414438594,-1.2052216403444067,1.6413118900515757,0.014797474705571112,0.010885804457775336,385.2488814284523,4.206953698496394,0.06508915951234369,1,6.0,76
-2.3768171531891737,0.8739975941164432,-1.0550687460988613,1.4539586504848077,0.016164128346380976,0.011844484634944833,425.13134775674604,3.730237901856481,0.056278733842346544,1,5.800000000000001,76
-2.9286365123802214,0.7423434150731821,-1.0512329793880884,1.3469689890878989,0.016317760983851314,0.011002255258271278,460.5193566369355,3.30937531590351,0.04775476054527311,1,5.6000000000000005,76
-3.412192340370605,0.6493776833449102,-1.1127300729104106,1.2814480887926665,0.0186701053725184,0.011293195857488,491.97862249826534,2.9489131805788205,0.04191018635504234,1,5.4,76
-3.830128457544938,0.5749611578748602,-1.1220570526034086,1.2366954136723658,0.018993505547664852,0.011627111801351793,520.0249689724562,2.632728688258737,0.03700720372221953,1,5.2,76
-4.2069040806677025,0.5193249748407983,-1.1410771434302927,1.1874784094386757,0.01946118144746567,0.01074882258466317,545.0868203358416,2.3555643006530684,0.03328109873611713,1,5.0,76
-4.540601877347246,0.4754796565242978,-1.0793299091019284,1.1668120812670366,0.019264030443351156,0.012155175187888912,567.62645076062,2.123086893247063,0.030359931839828356,1,4.800000000000001,76
-4.839191016899206,0.41546478139923215,-1.1268693326411392,1.1483212819453734,0.018875753627821245,0.011955541285907686,587.8658611140252,1.909682678864788,0.026213818198626226,1,4.6000000000000005,76
-5.098174901673761,0.3763197480695664,-0.9799863668329034,1.1396868363833657,0.017902464376008762,0.012088306790122155,606.0141910798174,1.7159945533827827,0.02329395612073316,1,4.4,76
-5.333704937897326,0.33332755903761824,-0.8894326646682367,1.1158300091898765,0.01834158820383756,0.012083625454738905,622.4401541698903,1.5474021720821622,0.02030003369717444,1,4.2,76
-5.539647781959487,0.306080396927574,-0.9846301262667678,1.0892397887988603,0.0188445767188413,0.013965133205832978,637.1689864436788,1.3826848470725974,0.018399260233958492,1,4.0,76
-5.725017073703765,0.2868958020827145,-0.9237262984734382,1.086743421885042,0.017509874678717008,0.012417679486158887,650.311065893292,1.2417058825912062,0.017111612451942988,1,3.8000000000000007,76
-5.916147313754982,0.2882463369634936,-0.5892854062703639,1.0890822770154753,0.017684593393018363,0.013643489781666837,662.0696246892165,1.1071084505421411,0.017279276817077138,1,3.6000000000000005,76
-6.085963255863385,0.267301976602245,-1.0838994254006298,1.0862101441784129,0.01830830439391665,0.013949202168107301,672.6428894558052,0.9833134138001128,0.016151764521590693,1,3.4000000000000004,76
-6.238884365417089,0.24325486673222171,-0.8434302642085654,1.0633915911093708,0.016438698169779685,0.013690386156429755,681.9970971865723,0.883470269053191,0.014433496388784444,1,3.2,76
-6.389835906009407,0.23108454301087972,-0.21197363927543345,1.0862816915166658,0.014847258996863637,0.012227715703724771,690.3939746248843,0.7898940458114032,0.013527383770699774,1,3.0,76
-6.522681241184691,0.19664426950731453,-0.384411850050252,1.0643655796252107,0.014870336986860532,0.012005041953726658,697.7890480999318,0.6977975580604326,0.011037561354577641,1,2.8000000000000007,76
-6.636806470922004,0.1991913276642266,-0.8125699171982612,1.0588616304125058,0.015470197590780827,0.01136558442486422,704.3928921940495,0.6113099269143407,0.011417457742821905,1,2.6000000000000005,76
-6.748092369573933,0.1944127613678439,-0.7866931095399528,1.0600023431622332,0.014972830390925349,0.010416114111892645,710.1496629450928,0.5331833514678861,0.010869574696654066,1,2.4000000000000004,76
-6.85011398643199,0.17281522028016588,-0.6891863301293233,1.0513400578001248,0.015929740210281425,0.010535643344582834,715.1970757180029,0.4651760721548577,0.008974251652991623,1,2.2,76
-6.939001018867028,0.16190348154940729,-0.8157055135985818,1.046195172556477,0.01709643246562445,0.010306938118268423,719.4791427141266,0.39866933504462554,0.008629611734396232,1,2.0,76
-7.026302847572111,0.14766259807554463,-0.33911603084443565,1.045731275400275,0.017484339166815542,0.011735675825370703,723.1532744663878,0.3307673979763873,0.007223456315112884,1,1.8000000000000007,76
-7.114486349861546,0.15859815829510646,-0.4830600351552512,1.0374916597885748,0.01661341603635117,0.011354243901282531,726.2640793830952,0.2798748931873556,0.008187127732576209,1,1.6000000000000003,76
-7.19707602470534,0.15379779129730492,-1.1886306944403573,1.0344724576330289,0.016171317106514725,0.011492245295591728,728.8245484740194,0.22697480124288788,0.00844822238051945,1,1.4000000000000004,76
-7.276743699915807,0.14388590715631866,-0.6560212494935551,1.0366523798458303,0.01665287322881502,0.011383760453085137,730.7846211865865,0.1768845547970176,0.007625356021107059,1,1.2000000000000002,76
-7.3518576668047535,0.13777321857530875,0.058006194033676906,1.0436377054575525,0.01618449493949269,0.012911659809475605,732.3526352102533,0.12988013668716517,0.006975740072746124,1,1.0,76
-7.432952788828618,0.13071410601942648,1.7642002648975073,1.0609400113736212,0.016747493752098812,0.012825256678811498,733.4551885268417,0.07848878349991215,0.006210995327953052,1,0.8000000000000007,76
-7.495896181951777,0.13592513697281328,0.20245221363283727,1.0520211699418398,0.017316062871337027,0.014767469693654035,734.1313129106128,0.04467645477106768,0.006552253280490042,1,0.6000000000000005,76
-7.551450697888035,0.135250242951442,0.5061243884530593,1.0442857675883406,0.019163432351520644,0.014309393821208471,734.3698767858872,0.00783254943362844,0.005791527232833871,1,0.4000000000000003,76
-7.627526436849031,0.1410285514528284,-0.5677818240719472,1.0374580456855844,0.017990295807724887,0.014542108008567256,734.3296593191205,-0.026317241217105596,0.006387811844625737,1,0.2000000000000001,76
0.003797153316572268,0.08472649903388428,0.11154185328624822,2.736236200455258,0.016884152473526745,0.010712666765398124,136.00765737879337,5.222632058071558,-0.0001042551059433493,0,7.0,77
0.009060463086963398,0.08100075579725005,0.552604792215647,2.8469087460998805,0.01722772695946622,0.011555636695497251,188.05019164254819,5.399320765238463,-0.000268558258160872,0,6.800000000000001,77
0.012421040909477493,0.07767920265208265,-0.500034052294307,2.4793107427798393,0.01698884076890634,0.012222269881626462,241.5597456670796,5.331998451369664,0.00017040264997178283,0,6.6000000000000005,77
0.011114473662413617,0.0806362654037519,-0.5651745485424611,2.396231457777345,0.0165637753956778,0.012183381586235609,294.32527211224436,5.233180067785394,0.0005328410976716784,0,6.4,77
0.0073113517057671485,0.07859161693680501,-0.7157791109292164,2.4714001296761734,0.016632798316212706,0.011764449140723336,346.0965238204816,5.123463316534461,0.00020918955382099956,0,6.2,77
-0.00021242675693709134,0.09033218347451852,-0.03189301376853937,2.454879245594591,0.01621504404799669,0.012672883674553017,396.8821327259573,5.0173786234032764,0.0004974042193219542,0,6.0,77
-0.003348392717599672,0.09092185767446495,-0.3571009907137723,2.4372790813234944,0.016366149943088857,0.013804261371143262,446.5662100936436,4.915891178768126,2.2207392508125675e-05,0,5.800000000000001,77
-0.0066566523643626805,0.09474369832539407,-0.42712779196049455,2.334707487833907,0.016162429623000688,0.013298414866036404,495.2620547123263,4.818085983719856,0.0003492734865377721,0,5.6000000000000005,77
-0.003349002339768954,0.095678205354864,-0.37169192993861744,2.3162719048576155,0.01729353676703841,0.014278544333394462,542.9426913941179,4.719125781039964,0.0004554610853241829,0,5.4,77
-0.009129756169195993,0.09623257334485198,-0.3883864577446996,2.2938579290474057,0.01859857164564987,0.01584276914778433,589.7730825653503,4.6278134401261575,-0.0005319015019349534,0,5.2,77
-0.0013984072152592119,0.09876547548099363,-0.35388289449494614,2.6446217761519764,0.01914906690245383,0.014680524893804484,635.6354750947106,4.542845679522416,0.0003046464552227513,0,5.0,77
-0.0012459383683397335,0.09964331370078346,-0.19989501971833068,2.621382174166044,0.0174818936012762,0.013710731673255726,680.600954818346,4.452996590396799,-0.00033291827557806755,0,4.800000000000001,77
-0.002303139728961092,0.09674258008120727,-0.09877313259534404,2.6994167076516495,0.017988037048988107,0.014754467949591685,724.7164596449833,4.368909954831499,-2.373808584528105e-05,0,4.6000000000000005,77
0.0023228266197557077,0.09681473940832484,-0.14479654124378394,2.697392538044385,0.018624288330995303,0.014991116473561262,768.0072113747513,4.279166366008889,0.00011396576106005361,0,4.4,77
0.011701326099168576,0.09640100551758175,-0.11265639781304504,2.689621937600973,0.017511436669741923,0.013394462019176505,810.312367515909,4.191183244406007,-0.000825757939424916,0,4.2,77
0.007656586998274967,0.10093875027440433,0.5656856012167184,3.055003981026495,0.0171227664682551,0.0143210815159568,851.9116126909807,4.1173312869044425,0.0007293413488525981,0,4.0,77
0.9123672482333799,1.8312963740947406,0.326760831816443,2.521003737834532,0.06255307357342448,0.09092387415794152,892.6587231102671,4.033014616407203,0.08098041652794166,2,3.8000000000000007,77
1.7540009873191533,2.1540423329856937,-1.7817545513847566,1.853054142786367,0.10693784238767226,0.11088202808396534,932.564172683423,3.9541069167262006,0.11525374211190392,2,3.6000000000000005,77
2.5828729122164646,2.128790791799671,-1.8062029015724488,1.5348495608136221,0.1517946055109949,0.11345771925167673,971.6333875493028,3.870702237353126,0.11213032769173502,2,3.4000000000000004,77
3.4106593416120945,1.7368956268760898,0.21360908363675302,1.3395377574081495,0.19967199020500012,0.09533336329223485,1010.0689412001067,3.7895238798075894,0.07055626694946673,2,3.2,77
4.250572503372103,0.21026965595312438,5.710382071385821,1.2022676431392219,0.2454683692457875,0.023977949596615786,1047.5289073432166,3.7152392067065683,-0.006553562123433916,2,3.0,77
4.190601963446725,0.10217552947171164,-0.34863519934167275,1.0425050498188682,0.24831536166534637,0.020165072487665175,1084.348942836895,3.644048528842763,0.001123817775310326,2,2.8000000000000007,77
4.19031694032192,0.09985636244873661,-0.09031456375980795,1.0428271128380362,0.25057307213826086,0.018560835880425963,1120.3942304756931,3.5697981923082733,0.0008546805656299132,2,2.6000000000000005,77
4.192026346437366,0.10092171711173187,0.09442591447777104,1.0512673012839189,0.2497299171642483,0.01842456378595281,1155.750646019872,3.492000785489683,0.00022590197502571344,2,2.4000000000000004,77
4.192191814790954,0.11127244535273553,0.4893165824260497,1.051161498584882,0.24618674387305745,0.01658556213986835,1190.400848003577,3.4347261466147785,-0.0008165043388066552,2,2.2,77
4.2016557760807425,0.1118630339226646,0.6022952447356609,1.0487916189856157,0.24819266178914356,0.01746863662785608,1224.3902162257498,3.361146827676157,0.00016512622312027858,2,2.0,77
4.204117286060893,0.11269687368115187,0.5894210218869462,1.0481725401441702,0.2492525753442399,0.01851472080467404,1257.7014436160352,3.3001353783024667,0.0015742063342130495,2,1.8000000000000007,77
4.198631165583717,0.1113223229849514,0.4753388445597251,1.0495501407579095,0.2475638187639475,0.019958827175381045,1290.3156822571204,3.2280792697439122,7.50094560581242e-05,2,1.6000000000000003,77
4.191522653716209,0.10483777920341156,0.6848590669050418,1.045279417854363,0.24690156606165037,0.020372064845894624,1322.411084888906,3.1670796263334813,-0.0012018661101502299,2,1.4000000000000004,77
4.190548654443737,0.0881342933816514,-0.3621511705559599,1.0456162107048654,0.24914457349479358,0.020391149308465875,1353.6785587047243,3.1014142313044983,-0.0023450470140256295,2,1.2000000000000002,77
4.181390430935437,0.07762027350686163,0.06257348879238567,1.042169079173309,0.24716668844954715,0.01885611160541856,1384.3849063679008,3.034200335458815,-0.000689186542683345,2,1.0,77
4.165810841877281,0.07444831423290174,-0.48841479258175413,1.0255604208797904,0.2435349391918651,0.01723009676758886,1414.4814309719593,2.980296389556356,0.00042728810321061275,2,0.8000000000000007,77
4.165684231518452,0.06966748036584205,0.12854690147839865,1.0254965618402339,0.2442581211262974,0.017043033728650153,1444.0564818430803,2.9192125718718764,6.086644131758428e-05,2,0.6000000000000005,77
4.164064609058084,0.06627687288780476,0.23078569247188563,1.0259086812734866,0.24629107929424662,0.016371873420135345,1472.9895751505444,2.8774707575197813,-0.0008321409935871302,2,0.4000000000000003,77
4.1654152339214665,0.06512777541231381,-0.01027706290077246,1.0255804879240793,0.24313905822180373,0.017865393242321743,1501.432163418332,2.8185781085854344,-0.0005406734442316468,2,0.2000000000000001,77
0.0015834776925887036,0.10139704488173384,-0.7389768150729461,2.014483429467685,0.015338863312834832,0.010338630916936771,136.09070688925837,5.214768261647457,0.0005360061793774942,0,7.0,78
0.003882494282986001,0.10486421728470371,-0.38238277753797867,2.5199621359631057,0.015545989662209969,0.010278520766951937,188.0241808640698,5.396135299107848,0.0006044500251229205,0,6.800000000000001,78
0.013201474184486736,0.10500295939159672,-0.4424402949392139,2.4983244019959248,0.015909364043204928,0.010466157300482516,241.54238485197186,5.32050839576605,5.4738639043576516e-05,0,6.6000000000000005,78
0.007719120645535218,0.10403104832129995,-0.48098267067200107,2.534809689276585,0.01568732512088408,0.010664512663429937,294.2503666221287,5.223373633860503,-0.0004703812403561925,0,6.4,78
0.007116858835678681,0.10283657054843494,-0.17232571431065935,2.5651846176276814,0.01369246785517058,0.010226296850730395,345.9998839466157,5.128531110740636,-0.0005355358076519392,0,6.2,78
0.007466074532798649,0.10457615283352668,-0.26722158862280887,2.52211987508057,0.014173599922222042,0.010676002798075361,396.81384391896967,5.027044583111278,0.00017086146417419007,0,6.0,78
-0.0010599469776581506,0.10608189243775847,-0.36851450445536926,2.4039084132236392,0.01617781671390089,0.011429574046051733,446.4582422780511,4.915803586546857,0.0009092625226123607,0,5.800000000000001,78
-0.01182394981995315,0.11046307643597222,-0.15589347905258277,2.333407194896057,0.01587363166333592,0.012256805842582737,495.1964030767871,4.818567399019889,0.00042768270362783143,0,5.6000000000000005,78
-0.008084108345287461,0.10911240777679085,-0.16425990840285198,2.3694340803511285,0.015409585512489698,0.012427026040339604,542.9457457527635,4.7201577231918135,-0.0002917846372669984,0,5.4,78
-0.009686722575024443,0.11574219515778808,-0.7201460628260037,2.2319962832977995,0.0163158667040042,0.013187691594555287,589.6873594734409,4.626262884583627,-3.322639501780761e-05,0,5.2,78
-0.005153713615950435,0.11500899500330844,-0.6423025604884276,2.2519326061837495,0.016458624971254263,0.012845090528078865,635.5457143065787,4.549742471182267,0.00018780091492814194,0,5.0,78
-0.010387201048460947,0.1071043301452147,-0.3208998086341537,2.4090761560978766,0.01473954531321219,0.01172562367303525,680.6498706754478,4.458085399872872,-0.00026072086559372396,0,4.800000000000001,78
-0.0023154140187283843,0.10258553362503219,-0.5670063176132776,2.1733002139696422,0.013597210077354092,0.010097583316587395,724.7163688716802,4.368555517974805,-0.00041659700185244083,0,4.6000000000000005,78
-0.009425226096186134,0.10110211249506502,-0.398686596976336,2.1960450291625913,0.013701435369372152,0.009963518728155924,767.977337010236,4.283195140632435,-0.0015571260265799082,0,4.4,78
-0.0019204018233461833,0.09293751438881043,-0.15223067051479733,2.399015496535809,0.014757499839865247,0.009579636652690949,810.4142756936293,4.192488367200589,-0.0003440023758598506,0,4.2,78
-0.0006580168911601427,0.08709558130470448,0.22261150896554494,2.5604124185136583,0.015196740773044067,0.010425296460951666,851.903850004102,4.105897387493301,0.00013945154539076767,0,4.0,78
-2.1527777009289566,4.380805680754208,0.31084946582044504,2.47854279277975,0.015928038887506667,0.011063759730814714,892.5804515793455,4.029447876827024,0.033802480837999194,3,3.8000000000000007,78
-4.171263924680675,5.1926101919177645,-1.800359812960607,1.8127652667140266,0.017046752375659963,0.011542305312045179,932.523449457774,3.9484174903101414,0.06336847189941353,3,3.6000000000000005,78
-6.180817648743682,5.132410649378606,-1.8199136143595498,1.4998429368213855,0.019662525933941178,0.012353949434386377,971.5797048957462,3.8677252263849975,0.07042451871090989,3,3.4000000000000004,78
-8.198336424702365,4.163171544490533,0.21366162258142252,1.3078062715403094,0.017800575132792408,0.014836966332288716,1009.9098758881522,3.7955436482208564,0.05492674287410704,3,3.2,78
-10.208995247300185,0.3975656513654669,9.161159369677312,1.174597349889711,,,1047.4577028445206,3.713078133278683,-0.01593559226452122,3,3.0,78
-10.056010035215536,0.025925681595186986,9.161159369678188,1.0116133627992603,,,1084.2648758045138,3.641585752070777,-0.0010391770256352678,3,2.8000000000000007,78
-10.046033705812693,0.001690641442153242,9.161159369664533,1.0007582730595646,,,1120.3597822546683,3.576379468464494,-6.77658459554945e-05,3,2.6000000000000005,78
-10.045383138695792,0.00011024853774574094,9.161159369817177,1.0000494518467706,,,1155.7904015822833,3.504807637086036,-4.41908333691697e-06,3,2.4000000000000004,78
-10.045340714517872,7.189425132581186e-06,9.16115936916022,1.0000032248250679,,,1190.4451347135766,3.436849841924359,-2.8817315367167936e-07,3,2.2,78
-10.045337947991825,4.688301075597329e-07,9.161159412897469,1.0000002102943673,,,1224.442870019571,3.360687733773777,-1.879207968207443e-08,3,2.0,78
-10.045337767583701,3.05729129578744e-08,9.161160109332265,1.000000013713521,,,1257.7445908370112,3.2918726338868236,-1.2254515174945443e-09,3,1.8000000000000007,78
-10.045337755819096,1.993691981593052e-09,9.161157188347142,1.0000000008942733,,,1290.3402356889396,3.2268941545690506,-7.991302839328411e-11,3,1.6000000000000003,78
-10.045337755051914,1.3001111481048651e-10,9.161143859554247,1.0000000000583167,,,1322.2777133611755,3.165590057899721,-5.211205703997964e-12,3,1.4000000000000004,78
-10.045337755001885,8.477693304310003e-12,9.163956827302322,1.0000000000038027,,,1353.6225190962195,3.1060899288077564,-3.396006404832185e-13,3,1.2000000000000002,78
-10.045337754998624,5.519635391178576e-13,9.219113269175,1.000000000000248,,,1384.416615695178,3.0477689133767405,-2.19534500813659e-14,3,1.0,78
-10.045337754998414,3.4199047320093007e-14,9.531849590516826,1.0000000000000158,,,1414.5785957289818,2.991122253625666,-1.2625910360867919e-15,3,0.8000000000000007,78
-10.0453377549984,1.4796930398031855e-15,,1.0000000000000009,,,1444.1077571105668,2.926315220067201,-6.532223435505509e-17,3,0.6000000000000005,78
-10.0453377549984,0.0,,1.0,,,1473.0874032506797,2.8641405539624136,6.139906278461508e-17,3,0.4000000000000003,78
-10.0453377549984,0.0,,1.0,,,1501.5132602861156,2.8079111811707302,6.139906278461508e-17,3,0.2000000000000001,78
0.0006172712868052005,0.09579069558134572,-0.5519841226705826,2.487496358326165,0.014772334807898701,0.011637553918870691,136.07622407594184,5.226427236860904,0.0006817005838079516,0,7.0,79
0.0128568433519064,0.10661703098501307,-0.28860699711595794,2.651774360197493,0.016080829001803583,0.012396772841254079,188.0371448876127,5.3993782139442255,0.0002236936291007118,0,6.800000000000001,79
-0.00465481768298645,0.11101036691036867,-0.4681296859190329,2.563355478572844,0.016174451220505082,0.01246269690715859,241.59681589423337,5.327353350052072,-5.62968880486526e-05,0,6.6000000000000005,79
0.003073313286751642,0.1067381420929943,-0.24291334129661957,2.6672170347351996,0.015830439417445222,0.012434332923505244,294.30536219268726,5.225377548946671,-0.0004885805683126169,0,6.4,79
0.0012581301376037412,0.10126396765113133,-0.25824595705648745,2.812370116436033,0.015981357478633315,0.012486076012807606,346.1316468743614,5.126205534335636,-0.0004688849870094696,0,6.2,79
-0.0005535889750692025,0.10187339781717576,-0.12269933684226775,2.795723907769164,0.01565779253646717,0.011026339129068072,396.84391454273486,5.028017655837469,-0.0005043966935839897,0,6.0,79
-0.02968456298656497,0.09386540583461729,0.09646851743609242,2.5898114031037607,0.015191768609412631,0.010039381482513392,446.58022812478345,4.919949566108798,-2.565684932422079e-05,0,5.800000000000001,79
-0.016652053598388752,0.09986919065010659,0.394513915311955,2.783903874432417,0.01585478982572166,0.010894087039206864,495.34040010366806,4.827208220161492,0.0004546228255059594,0,5.6000000000000005,79
-0.013227291461783853,0.09943127837884913,0.2021088608061934,2.810289128037208,0.016688701814873638,0.011598466648106438,543.1509214691381,4.725192517251568,8.165316525375228e-06,0,5.4,79
-0.004945649098433658,0.09654663722381178,0.8394119491148269,2.9163690377915734,0.015906562129696607,0.011664534980444473,589.8542790305208,4.6279178671327195,-0.0005428112355965289,0,5.2,79
0.0021679936367621526,0.09239609069037856,1.5439702152881694,3.0505962479005775,0.015308210881907822,0.01206151219066833,635.7156222821009,4.537623694675022,-0.0004942747727286178,0,5.0,79
0.0030292286945443015,0.09098532987576621,0.8790370857285801,3.0970159380552995,0.015343082878300116,0.011852088379078784,680.6866466055042,4.443050058812276,0.00014758201947304438,0,4.800000000000001,79
0.0014294271547394225,0.08971600317101981,-0.0549289362016907,2.5566991495633307,0.01565397897538485,0.013778269428237448,724.7198060875584,4.362677379949645,0.0008598813528070944,0,4.6000000000000005,79
-0.005190742700562048,0.09856523832987109,0.1684624009279707,2.4594983869833866,0.01653350666983423,0.01498961261394171,767.8733355891569,4.278427722481999,0.0012004294710615808,0,4.4,79
-0.006639280549032197,0.10914507419617336,0.4159131339901698,2.737047478612024,0.016895362217916255,0.01508387224396178,810.2830309741806,4.192078522603051,0.0005658931612445365,0,4.2,79
-0.017555935928623288,0.10996978861431465,0.5413431983956709,2.686930723679411,0.018690075566780314,0.0161620335808167,851.8385740605917,4.114777242916571,-0.0001396745325374373,0,4.0,79
-0.017236824085407033,0.11175153800273903,0.3197022104298104,2.6463225136060764,0.018676178873877642,0.01621104564054505,892.5831515226696,4.035795846163562,0.00023084874290195867,4,3.8000000000000007,79
-0.017134859635310484,0.11005561219706879,0.7236644354901705,2.6865001309980676,0.01930135418390636,0.014648107843355143,932.4630463785033,3.9541124509649044,-0.00010017600014600929,4,3.6000000000000005,79
-0.017157128035714488,0.10246336004435923,1.04518249076576,2.8801211268207085,0.01902147170230627,0.013629702057204816,971.5865339882628,3.8684620782617887,-0.0003085480615138788,4,3.4000000000000004,79
-0.02104030992154317,0.09115524498159765,0.4562054733353027,2.783835808149943,0.018717466067084593,0.013743472446584845,1009.8858339814502,3.7870454726641034,-0.0007821377195066714,4,3.2,79
-0.009053052198128426,0.09504418839301587,0.8997290061703382,2.8877677809591713,0.017460231167191243,0.012360652455170732,1047.4041175720356,3.714496425659897,-0.0007135430426204922,4,3.0,79
0.0033362503274578592,0.09627401008723933,1.074356931536947,2.8622919249166565,0.018906662387571025,0.013639005882893284,1084.206902553334,3.6462924140717217,0.0005014821543094938,4,2.8000000000000007,79
0.004029313706515892,0.09419798255257875,0.774125374835779,2.924436987148547,0.017552931936563532,0.01280672528131037,1120.2847926319605,3.573719895101078,0.0005996743528794362,4,2.6000000000000005,79
0.006292220747258949,0.09304500407009685,0.7877892142411116,2.9565476539036206,0.018303305652424343,0.012942129094313711,1155.6590296891236,3.501519390747945,-3.293112153756661e-05,4,2.4000000000000004,79
-0.005375696811159786,0.09328439088030703,0.58422745698683,2.9508378363352428,0.018368370927138677,0.012841393155454166,1190.3140155388085,3.427575545565123,-0.00044164146008718704,4,2.2,79
0.00025341420636153353,0.0904081775622827,-0.2882979296396617,2.241468470966497,0.01853414089739168,0.0135542954882559,1224.331960032245,3.3626905827805387,-0.0006775065191122162,4,2.0,79
-0.01034929959738917,0.08499307904586732,-0.4186417794286079,2.277285035738008,0.01737354128293303,0.01229964581359798,1257.6711166042462,3.3047552169509977,0.0006383935999474347,4,1.8000000000000007,79
-0.009039057625463042,0.08307492803467739,-0.030398744308982373,2.5831690039805846,0.019065431495322666,0.012580336046992657,1290.3196322527178,3.2350688990102476,0.00026458906142015317,4,1.6000000000000003,79
-0.015388260470789592,0.08662586056561122,-0.38899561073407085,2.4530182271320404,0.019398293008818294,0.012467249834768268,1322.3549914016007,3.172326829896706,0.0004774631117699523,4,1.4000000000000004,79
-0.008221765059352138,0.09420175487555468,-0.08479393484503595,2.5917900015694686,0.019762891539175004,0.012202554007298508,1353.7511831809666,3.1002967114121778,0.00026309634914937585,4,1.2000000000000002,79
-0.006398375169797351,0.09735483311865313,-0.2627126516597267,2.5120463565166027,0.01954133645179649,0.012317393017009811,1384.544655076701,3.0467773317363234,-1.576263265754534e-05,4,1.0,79
0.008006483358676205,0.09961447675676119,-0.4745402642319245,2.4523981079790778,0.018788434656640297,0.011976954123462094,1414.6047258599249,2.983528047541926,0.00045233144040845996,4,0.8000000000000007,79
-0.0021715622032300887,0.0997472190286837,-0.689925830768555,2.456599516281171,0.017526758036685876,0.011162167500013757,1444.0974430513327,2.9137774970621293,-0.00032217885715546266,4,0.6000000000000005,79
0.009045738835713343,0.09709371910867083,-0.649745641214925,2.513241604209193,0.014938104092922053,0.010457331890439436,1473.020080512435,2.8584596452677338,-0.00018340793239330093,4,0.4000000000000003,79
0.014498443981588272,0.09058846246192363,-0.839289104237745,1.966766292971447,0.014675668870779361,0.010170362162360417,1501.3742984815226,2.8001536334534696,-0.0007266586309970631,4,0.2000000000000001,79
-0.002502064745732767,0.08992840630446866,0.09785736480914764,2.3852891854279124,0.019061241109879692,0.012063542868889356,136.1724665381205,5.2141805215527866,-0.00018645811521239103,0,7.0,80
-0.004464622999493557,0.08199149266349756,0.38123944139395194,2.6132719194931626,0.018790210354414878,0.011824894670982352,188.0442674594604,5.3852939545757135,-0.0004036297198906634,0,6.800000000000001,80
-0.005299644397972894,0.08460833658641347,0.20397981269531096,2.531212592333823,0.015778420283796012,0.00938429827919543,241.5456309211256,5.320720880248055,0.0003156524199520132,0,6.6000000000000005,80
-0.0027332905032245143,0.08344597298624742,0.29206067996900176,2.570196982563635,0.015480190930375705,0.010499965097450931,294.32087600184104,5.227605661065688,0.00027115020725146057,0,6.4,80
0.0023862319278636435,0.09321350901202369,0.6713014476612602,3.1536119327685332,0.01573649260166162,0.010920078647224168,346.0127663269898,5.125156756918003,0.0010072150482328343,0,6.2,80
0.010623112975061133,0.10289904087855732,0.12507449501522983,2.84231414391866,0.014187742397382604,0.011151540873656326,396.71548234711395,5.022087516894417,0.0011473963088586391,0,6.0,80
0.017216048415303,0.10656945829991465,-0.22519014079812782,2.7232811541361523,0.014443081932695563,0.012057882815334018,446.49829866074106,4.9130085733258095,0.0001848261212019628,0,5.800000000000001,80
0.02124888906108289,0.10497931773207902,-0.08396192364216448,2.74432214510671,0.015577314835894054,0.011917178326152864,495.1984845657273,4.820555456947012,-5.1278092563880056e-05,0,5.6000000000000005,80
0.0205097212785942,0.10894886232715173,-0.05410852618119444,2.651525544428073,0.01655624326883183,0.013002098484721149,542.9116046953187,4.730861603184038,-0.0005835825951490056,0,5.4,80
0.014437106939307963,0.09489900088933315,0.164850964217937,2.4358532888275515,0.016992263332636152,0.013335027064120293,589.7602294489257,4.638032937910005,-0.0010794164347632772,0,5.2,80
0.004520496751686915,0.09058146526838319,0.8531557545445514,2.798021770199207,0.01611359679151317,0.013293952370181904,635.6643837219411,4.543235746927498,-0.0004205480037267008,0,5.0,80
0.01500043020255361,0.09120721739942371,1.1856871256244448,2.744733239374473,0.015501267703001762,0.012902777078461589,680.6681444051206,4.45448312481228,3.067168125497268e-06,0,4.800000000000001,80
0.000642230643480624,0.10914343513873681,0.7381459780991184,2.725274320151661,0.015469535862971017,0.01333472759571078,724.7060589470634,4.361305001911738,0.0011963153076365223,0,4.6000000000000005,80
-0.004089179202576927,0.10416827435482959,0.9616097850150531,2.853243659936013,0.01468823652347437,0.011405481397003855,767.9372242611893,4.277387636811321,0.0009180668097965333,0,4.4,80
-0.010881601207736187,0.10772167650269576,0.49285168329323037,2.7470278605993417,0.014352217235508924,0.011192536353334127,810.3110735948302,4.196362200305181,-0.0004331340695900344,0,4.2,80
-0.007137694893482664,0.11716419008051845,0.27102490653511824,2.533960421249016,0.016638045077944703,0.011109800185337089,851.8970243016681,4.117795918708704,-0.0003858771183721281,0,4.0,80
-0.01579909505055838,0.11409208505510535,0.2648534671858127,2.5819752964747114,0.016747256282321564,0.010534917000093827,892.5935657538989,4.037543888202161,-0.0010286422750868834,0,3.8000000000000007,80
0.005354889435681114,0.10253404385904584,0.25547544987387516,2.60790400491656,0.01653212143860511,0.00999241836182514,932.5400598761099,3.9489239462038466,0.0004282635467732827,0,3.6000000000000005,80
0.017618170130005044,0.10087482826264117,0.41568854258135657,2.6141134242553665,0.016852336714817024,0.010478853298525284,971.6993584459473,3.872352947131379,-0.00043870084395849037,0,3.4000000000000004,80
0.03108687040358907,0.10668153290210924,0.34999337911061135,2.4078524882201426,0.015576732096592778,0.010770114016562578,1009.9467861914368,3.7852043933318575,-0.00020762545042584397,0,3.2,80
0.02797821742323179,0.10625183357728112,-0.1658651694934914,2.1739306335286654,0.01625920092627769,0.013309509367421535,1047.4354645557623,3.7121022278668527,0.001091652327644687,0,3.0,80
0.018707812728714964,0.11569658258376297,-0.4618481704070754,2.0388658459287017,0.017075414202390105,0.013666098670510926,1084.322210041491,3.648350357484076,0.0008956235573797988,0,2.8000000000000007,80
0.017585321836818435,0.11039048148152987,-0.23842545384025993,2.1376845416364563,0.018545980323833307,0.01591903163117835,1120.378918916725,3.571211383106044,0.000381331611778845,0,2.6000000000000005,80
0.003645420910461046,0.11347027133201656,-0.46762884619315637,2.105309612103954,0.018825781236513812,0.015429251004565681,1155.6684464742204,3.50662143436352,-0.0009524669617036805,0,2.4000000000000004,80
-0.006211031526383475,0.10340438306762,-0.48881614191271616,2.1840291444612885,0.02005626854554622,0.015123948334512178,1190.4603738683622,3.436064260387459,-0.0011434192190330388,0,2.2,80
-0.007438129263185331,0.10089315913487008,-0.40351598022743307,2.6936231028777486,0.017291453403580678,0.013476750641010761,1224.4450788389915,3.358786733665256,0.0001791285280439136,0,2.0,80
-0.012678608781546643,0.09467305991257853,-0.349307550526317,2.8525621172808298,0.018517501529961303,0.013372653097721182,1257.6807529969426,3.3001122767499322,0.0007138476799476595,0,1.8000000000000007,80
-0.017289023168188037,0.10251682461344092,-0.5542585683648715,2.6205477571462192,0.015526386327368016,0.010376576540295697,1290.4013925444156,3.2347969836630783,0.0009249870807248288,0,1.6000000000000003,80
-0.007357046814236306,0.10546307378685013,-0.5946110976239374,2.577647174489096,0.015819216497787475,0.011283166352323543,1322.415675154152,3.1635690450172542,0.00015963421781290584,0,1.4000000000000004,80
-0.0018310698033712548,0.11015868473919053,-0.5698727852630827,2.4735435478857037,0.014963579446693522,0.011505242431422051,1353.6828860166172,3.1030662639083118,-0.0007627385399482299,0,1.2000000000000002,80
0.009890564818657695,0.09838978044381666,-0.6045793696856498,2.2734773674517004,0.017016160067956962,0.011757094638634273,1384.4488162636096,3.039153790113875,-0.0007245035645408124,0,1.0,80
0.021790047069906806,0.0972867740638878,-0.5976425131690242,2.2541037039342395,0.015171282233961705,0.011553138799207921,1414.5803231874731,2.978449097642377,-0.0005054118953084225,0,0.8000000000000007,80
0.012003442018133213,0.09146611170583788,-0.6944193188865966,2.4368291166743616,0.01580709818897926,0.011717529192907836,1444.1138715877053,2.9300885859434977,0.00010516306794065821,0,0.6000000000000005,80
0.0066593805123379025,0.08978185701607819,-0.5385039160646854,2.497261538981334,0.016501014310658525,0.012986504526611896,1473.1090033446264,2.8748317198466875,-0.00023563592932556785,0,0.4000000000000003,80
0.004461940564858142,0.09814869792611756,-0.903036278699775,1.8974021274260668,0.01653968374367068,0.01310741757630119,1501.5218392339095,2.8106581040065266,0.00081759875661997,0,0.2000000000000001,80
-0.004027668318443722,0.10384723721135548,0.5589980414388251,2.8165751996121218,0.01666430761239871,0.012466323020049653,135.99324358792438,5.229965086156469,0.0007685826755595842,0,7.0,81
-0.05200674460710182,0.1707112640145595,1.4713455618946831,3.2036448429051125,0.016008744990491427,0.011090244698223435,188.11860307828093,5.4147904106643905,0.004254427775636771,1,6.800000000000001,81
-0.2497258310536556,0.4223437471459497,0.08451766388931681,2.54319831111687,0.016410073213113135,0.010706422900180519,241.37713396087966,5.302577930886651,0.019868842195338524,1,6.6000000000000005,81
-0.6090587428444695,0.7423529291251899,-0.8336350379765443,2.2564789106444874,0.014877194125145862,0.010306480955232945,292.6518560077733,5.057632009605202,0.04107331692879383,1,6.4,81
-1.0871629117122859,0.966139147001487,-1.3810489712388316,1.9137753311734225,0.014876746464373553,0.01055211900419038,340.873969848427,4.685899551374261,0.05863217246434421,1,6.2,81
-1.7090218822401675,1.023892585348424,-1.2421690845074655,1.676479280031197,0.01550070183068213,0.010288840405208837,385.2409671489533,4.217692883097265,0.06564805966341272,1,6.0,81
-2.359267550053542,0.9147994517547393,-1.1329035839165176,1.554474968919461,0.015985414387359658,0.01099194675519023,425.1818926293201,3.741815716077832,0.05891425682420787,1,5.800000000000001,81
-2.930244543081483,0.7657505478606068,-1.0444926009396378,1.3643960721691548,0.016484398220111666,0.01153359440242286,460.6290572850238,3.3092249882952474,0.04905246533904468,1,5.6000000000000005,81
-3.4207038890904364,0.6702607344184964,-0.9757976948169511,1.294882725856206,0.0159256970860422,0.011633565035706648,492.14941617002967,2.9437102488978657,0.04286994491090965,1,5.4,81
-3.8508448085139917,0.5739156630228999,-1.1887526189460704,1.2392186161123036,0.01656150309486524,0.011324956900177187,520.1169752436493,2.6268474303075293,0.036684199063919586,1,5.2,81
-4.206987402136317,0.5089378339886143,-1.1590177173573775,1.1864868241807862,0.015088476800207822,0.011519043477379925,545.2394106722422,2.3600838464446023,0.03224060988755592,1,5.0,81
-4.527904978732637,0.4631069231402814,-0.8235520540889607,1.162001303622284,0.014706147943705812,0.011608704514514148,567.7398326836675,2.125024152723087,0.02923492347883266,1,4.800000000000001,81
-4.831728246675692,0.4124819752869568,-1.0480016721103078,1.1418223994201626,0.014301077601460434,0.010948931091553796,587.9411503724128,1.9030361315041742,0.02615629815801802,1,4.6000000000000005,81
-5.088466972486973,0.38256332900535506,-0.9728521026528454,1.1426419205884328,0.01547475848430972,0.011147903583879595,606.0524687874104,1.7121862982879,0.023921802450431916,1,4.4,81
-5.322926267734788,0.3564527257499968,-0.7700544872996922,1.1351900499779979,0.014251662019200407,0.01093276714513175,622.4232860096986,1.5312130097419576,0.022082633082190415,1,4.2,81
-5.54095854913747,0.3103975976489634,-0.9947524615311796,1.0929277580083543,0.016386932001866653,0.01274304103551327,636.9870273754445,1.374447771925895,0.01905251526213915,1,4.0,81
-5.743387391585737,0.2920152634357525,-0.8564571833122949,1.1023886818438988,0.01659147313329859,0.012384224850172916,650.1149531305189,1.239937048252077,0.017602021661494386,1,3.8000000000000007,81
-5.911622621378696,0.27004718740454836,-0.9495289073204285,1.0737833776108534,0.01507102851070453,0.012739847024102602,661.9579957878202,1.1127956011495783,0.016093789278557726,1,3.6000000000000005,81
-6.080122798758205,0.25402810097958595,-0.834673801658878,1.0716172263320694,0.0153822445737962,0.0127639134735764,672.5838532146861,1.0011139840522307,0.015306973565876106,1,3.4000000000000004,81
-6.228691434825865,0.22927482905883634,-0.9124788936052548,1.0723747802387769,0.016517702073390303,0.012884430295787055,682.024551481849,0.8940298340657894,0.013593002401765366,1,3.2,81
-6.376190342350123,0.21568009198881077,-0.8304719511674112,1.0750672562938977,0.015058146829479053,0.010936353247546672,690.4754021043752,0.787153178653535,0.012572504945318015,1,3.0,81
-6.5048117101614915,0.21168542867626705,-0.9755317249968547,1.0639750958467773,0.014328082737534071,0.011987646604219254,697.8909830750933,0.6903998610331262,0.01269384940684789,1,2.8000000000000007,81
-6.636165311985458,0.19577050387015188,-0.9506322684271913,1.0477893930473468,0.01655423637125976,0.011654298838631076,704.4177788941715,0.604029351755162,0.01137781780426059,1,2.6000000000000005,81
-6.738509803107349,0.18093598902170463,-0.8652060380489819,1.047550009804986,0.017899758748663733,0.012532249747522338,710.1525282614183,0.5348959665501771,0.009811377944864084,1,2.4000000000000004,81
-6.855619269268483,0.17393297390868886,-0.8734958120372984,1.0449603294202607,0.017846243254903946,0.012185348596526814,715.214704648376,0.4712006578212522,0.009463933163152275,1,2.2,81
-6.957301188964005,0.17328293678308307,-0.800276645681834,1.056064144969413,0.016833702476432802,0.012404932748067822,719.4754383210437,0.397825041824808,0.009395286677767057,1,2.0,81
-7.03039078684355,0.15598035177101466,-0.2899343833580539,1.0451506165862807,0.016717370701939717,0.010989610008251148,723.1295330644946,0.32780596620326513,0.007243498370249299,1,1.8000000000000007,81
-7.107636436163717,0.15332661372966339,0.4966381402814575,1.0401174383174683,0.01565912109988492,0.011687438946542601,726.2308504866767,0.2691077596460717,0.007207330952602898,1,1.6000000000000003,81
-7.196175632181802,0.1403792762385551,0.5375353954397113,1.054775349335914,0.014422663945982829,0.010754754666333485,728.7266003240832,0.22122650078517395,0.006297881089068814,1,1.4000000000000004,81
-7.266252686170649,0.15538053893889342,-0.18324558938864532,1.044563648667131,0.01338970569297194,0.011421846808716602,730.6902309509517,0.18470555723496102,0.007323758142277648,1,1.2000000000000002,81
-7.328733130649464,0.1616265429707845,-0.47146222173571095,1.0356435555462238,0.014445749787558703,0.013793326303714902,732.3081062585943,0.13881279128746454,0.008196069410338054,1,1.0,81
-7.408236044918666,0.13385812932386132,-1.3316357686501292,1.0323521337120118,0.014796879895051678,0.013757178810242925,733.500863968534,0.09477797276713719,0.006146372167156425,1,0.8000000000000007,81
-7.488884680060574,0.14991155814002793,-0.3005596292680215,1.0477254428126592,0.015776102871772526,0.014534575313091663,734.1897884670122,0.05102605734005424,0.006860988333638961,1,0.6000000000000005,81
-7.547925787444747,0.14165600682634627,-0.2959934487224496,1.0395546563299196,0.016489453869353347,0.014221350191329012,734.4989828335753,0.008509160805650647,0.005900030846560402,1,0.4000000000000003,81
-7.617887871741752,0.1560521630635828,0.12275267403521051,1.0572177241047434,0.017384915264286586,0.014649167171220648,734.419649795221,-0.029852516689308405,0.007044977712313805,1,0.2000000000000001,81
0.003766595524205918,0.08069066314212835,-0.2303806181996979,2.8764702794975845,0.0180850485541783,0.013485502843659668,136.12355225466868,5.223835119428226,0.00037251194564324276,0,7.0,82
0.0035647837974272824,0.08305373370261836,-0.26000352555560724,2.795107223871354,0.019361550328999808,0.014003951147531772,188.09018497747363,5.396680772984708,2.600606977684418e-05,0,6.800000000000001,82
0.005763324308824202,0.0839625037743938,-0.39100231571119703,2.7608230169600487,0.02020446928982487,0.01379617475802159,241.632556089522,5.324422957496196,0.000358366228859686,0,6.6000000000000005,82
0.0013876853962244361,0.08882719268659953,-0.3874574681326264,2.615564569751469,0.0197227992030899,0.014226283646873904,294.3502667120902,5.231790633929198,0.0008560085581745823,0,6.4,82
0.011026354282431929,0.09974890779655178,-0.4906295023761502,2.4317590133248386,0.022374639550844913,0.014274209038591872,346.06448752902236,5.119673387798235,0.0004503426079700656,0,6.2,82
0.008692526582951745,0.10044339952989328,-0.4039979933222879,2.4207218682882448,0.019051728374550693,0.013626135643749123,396.793063551127,5.022980409019146,0.00014284187257672954,0,6.0,82
0.018643949289269844,0.0959898569288368,-0.3010984665541798,2.4951234430317104,0.018894163116731998,0.013102633446038115,446.558506649403,4.921501875863229,-0.0006196868355941258,0,5.800000000000001,82
0.00844991029004373,0.10859187054607475,0.9322358159325033,3.1237828285098908,0.020385079369375968,0.013738218336127385,495.27030664699555,4.8278688454784975,5.666411198108767e-05,0,5.6000000000000005,82
0.005648919488532017,0.11254051335157031,0.9805131731027243,3.0195986585356565,0.019796654353100962,0.013262881852354682,543.0351958122195,4.737178130578988,0.0004883531034673825,0,5.4,82
0.0033439786243753024,0.10551805864550667,1.3887352556133097,3.2230456014979225,0.01668347467120533,0.0122418068023578,589.8860368373131,4.633242472465343,0.00043259517797187294,0,5.2,82
0.012036850280400515,0.10411770014292131,1.6621539643325391,3.246008542310228,0.016738190472281075,0.011918456495129315,635.7361068329235,4.538071928428038,2.2439521316885266e-05,0,5.0,82
0.006780014021131816,0.1106208957716741,0.8581715153001359,3.0700660435644904,0.015902059100101836,0.01166055550823335,680.7062624412492,4.4496950234781245,-0.0006390247505013893,0,4.800000000000001,82
0.01811845200218449,0.10424530255884565,-0.10906256732716546,2.370449738483316,0.01563489736486403,0.011625985142140395,724.781151096649,4.3621619225990464,0.00012795049222683757,0,4.6000000000000005,82
0.020126456336666817,0.10175221203697035,-0.4059750241180744,2.116015514817318,0.016826403121764012,0.01340224318873867,768.0283125282982,4.285363697415403,0.0005417894398555043,0,4.4,82
0.019380763573735627,0.09850150077720259,-0.13776286039282848,2.1862888231723647,0.018258424131263704,0.013999379458418995,810.4129720484908,4.198309466249035,-0.0005298900121505731,0,4.2,82
0.024819466363623047,0.10117548970817924,0.19654266109894003,2.6997391319604342,0.019455155789909213,0.01373115738774506,851.9496378455653,4.109071604425192,-0.0005043593626315274,0,4.0,82
0.9311145253887401,1.8286977247055611,0.32842738120745185,2.5070352206438815,0.06340898354150967,0.08967142636016368,892.6034868920622,4.023843903244652,0.08025418625996932,2,3.8000000000000007,82
1.77110437403762,2.1604242409576204,-1.7859560852125653,1.8379335514691941,0.1100753461773822,0.11346123397022748,932.5113193606702,3.943522751842763,0.11577834549752151,2,3.6000000000000005,82
2.6097348919483774,2.1212478085930893,-1.8115204005810577,1.5236237937505512,0.15552147064643285,0.1137870011387201,971.4823324475387,3.8654870290186643,0.11288656377233791,2,3.4000000000000004,82
3.444799647322165,1.708824033778059,0.2031181733157803,1.329858872154709,0.20332927927449446,0.09497735293469561,1009.8028361565786,3.792561857656906,0.07113192662221586,2,3.2,82
4.266764630101019,0.2005864245591544,7.388853958483933,1.1948508842134216,0.25000193013711003,0.01778497790866877,1047.2920419506206,3.7134053583331568,-0.007289381159754743,2,3.0,82
4.1907202470101295,0.09306481950239409,1.066629290378101,1.0579021611142638,0.2536184885367313,0.01606418980831466,1084.1109180014396,3.6396600570539825,-0.0011912583080589687,2,2.8000000000000007,82
4.174948370693817,0.09234649966832705,0.14608862803005218,1.0460964390042242,0.2515541760315135,0.016434799130744526,1120.2431421192498,3.5828037454871637,-0.0010901073020571706,2,2.6000000000000005,82
4.16996811898475,0.10407701455228914,-0.0656629798188959,1.0478759668259403,0.251139585196227,0.016374024923962175,1155.6877619085124,3.5065161097093713,-0.0009147152245357674,2,2.4000000000000004,82
4.171612771189829,0.10182002515852717,0.14730182819272208,1.0474767929443862,0.25049137960031564,0.016887189861910193,1190.3653168542237,3.4419527833127534,-1.612745441068998e-08,2,2.2,82
4.173555388739518,0.10486924877865676,0.16230466575443758,1.0561397136573143,0.2500587404879199,0.016052330098941827,1224.4385922528113,3.364890480859073,0.0012198165866544786,2,2.0,82
4.171394007762487,0.10668832559030256,1.1876812601240037,1.0566751628590914,0.24945218795770976,0.019155911066669352,1257.7653280864151,3.289330651334454,0.0003805447777038198,2,1.8000000000000007,82
4.174689078612932,0.12437059494608985,0.4080166107102148,1.0588467673901085,0.2500127026315274,0.01984952437630134,1290.3665288083725,3.2299752512611524,-0.0005735245488731562,2,1.6000000000000003,82
4.187875354537938,0.11690908114044614,1.060817397266292,1.055568731446959,0.2520755312739818,0.020429334515137954,1322.343268906705,3.164103571473054,6.374459857253647e-05,2,1.4000000000000004,82
4.1811859126801325,0.12355600720626168,0.28424279241555483,1.0572089097533852,0.2505538067690622,0.022187942437769483,1353.722495567383,3.107102588438702,-0.0001119718798360343,2,1.2000000000000002,82
4.182624287391686,0.12098512634085778,0.4632910849284375,1.0568642483180803,0.24905612700766733,0.022446226395340222,1384.4943087411655,3.05034243907025,0.0010777723282022454,2,1.0,82
4.19172117052725,0.10765364669727315,0.1061614580639465,1.0546620932672521,0.24755622316370562,0.021557749697296572,1414.6563013957843,2.987636452376425,0.0003424846550818324,2,0.8000000000000007,82
4.208752920132723,0.09124810968201312,-0.5139671420985423,1.0442998982465468,0.2495131348402635,0.020487107869494786,1444.1978376301333,2.9277117302532307,0.0005616301906817111,2,0.6000000000000005,82
4.192385110106393,0.09950187306936335,-0.35807361043719865,1.0483291493484843,0.2478819632802013,0.020193709201245417,1473.163088301818,2.861680163798664,0.00021644155045558665,2,0.4000000000000003,82
4.202258094762435,0.103793657023916,-0.5516970093147022,1.0461171352534977,0.24996358913419736,0.019174378844782253,1501.538554840858,2.8061937110522663,-0.0002747757809083684,2,0.2000000000000001,82
-0.007120845410643049,0.10251828986053754,-1.1457451916184342,1.9413346114477026,0.015724513505726064,0.010905407046944007,135.9991370241933,5.221943897445546,0.0008081606541498959,0,7.0,83
-0.011481689639145351,0.11026142628593912,-0.7197217524313917,2.2346325056890928,0.015626149443024654,0.011430326714623006,188.00874291966548,5.403185418605008,0.0005468045745735644,0,6.800000000000001,83
-0.016343240393363545,0.1046879871067022,-0.35269301931229036,2.3376967763671437,0.015198137068129575,0.01085903473526103,241.51086757093978,5.333811842957235,-0.0003476110709283576,0,6.6000000000000005,83
-0.03334279162780108,0.10228782384078573,-0.07687241203872297,2.3006050199672727,0.015127655512608928,0.009871360623526101,294.3463849392097,5.228579129884559,-0.00045763536977874,0,6.4,83
-0.03078493550029732,0.11863408236540911,-0.043633759592474064,2.1817734853160817,0.014200587575538534,0.009386519227196043,346.11349266668833,5.1235190522893035,7.403767812583349e-05,0,6.2,83
-0.019846774559525125,0.11909446378084627,-0.016380889706734347,2.215592601096716,0.015502314155716608,0.011492248399504463,396.84278005873387,5.020543824706841,0.0005531540115801294,0,6.0,83
-0.016784955902306026,0.10892072502924505,0.16481756572355266,2.4273907937330637,0.016455898185034082,0.011920869666378222,446.5535704427758,4.922356668252751,3.898467110846874e-05,0,5.800000000000001,83
0.003814261044851691,0.11526420848446421,-0.4689224279987485,2.3201307828927282,0.01728824066773468,0.011666792953074958,495.312071608306,4.824351913707461,-0.0009616850848481642,0,5.6000000000000005,83
0.02228801365557729,0.10904218361137384,-0.3059791225620492,2.4031979412171403,0.01660965764311827,0.01206333922665204,543.0960371040186,4.733392321217503,-0.0015504694300086188,0,5.4,83
0.017301099770287508,0.09070584981664623,-0.4857181184199324,2.4649342408437698,0.016639549689024483,0.01238597930605263,589.9164504949392,4.63749715944573,-0.000680628024342985,0,5.2,83
0.011336107433688871,0.08619613401439985,-0.08086109465955849,2.541784767631062,0.0161292418844773,0.01079125853438084,635.7916659495208,4.540694253264616,0.00036935142012357126,0,5.0,83
0.012945337936149775,0.0944410848025984,0.7247190444534981,2.90208220498628,0.015204229817608592,0.009957363399008344,680.7833073712662,4.450881118956698,0.00038176353430304194,0,4.800000000000001,83
-0.004893800126881086,0.09845157133083639,-0.02099199537620322,2.8068879350056886,0.014397864385826882,0.010090453007950683,724.8469367199109,4.36095283143037,0.0008470550359930616,0,4.6000000000000005,83
-0.011013581398732477,0.10140810716430079,-0.0720384630457751,2.7122133397345074,0.015222651682129733,0.009861978861960408,768.0190645297756,4.27707033970869,0.00037993912347988835,0,4.4,83
-0.01738090036220306,0.10504748821292376,-0.23975362279437062,2.5979216413158293,0.016666762395236658,0.010241169626828937,810.3518388721179,4.191055111439423,-0.0002927028139333735,0,4.2,83
-0.006340608876512205,0.10868885561946533,-0.3693819984962712,2.5413046510858246,0.017843911564612968,0.012362364401792761,851.8482825916586,4.103988743496106,-0.00022012154825283656,0,4.0,83
-2.1704522875871195,4.372647557245859,0.3103401244758164,2.4785853494694976,0.018581623513280986,0.012638624669033753,892.5153474881859,4.026022268947968,0.02933552561112558,3,3.8000000000000007,83
-4.183023188630522,5.183504152864157,-1.8000302905374885,1.812928154686999,0.02137289536507107,0.012552650645906627,932.3731840850243,3.946681228963053,0.05686293240731353,3,3.6000000000000005,83
-6.191847001664277,5.119295030002933,-1.8194361581111598,1.5000193114682145,0.02216319713540842,0.013856644850484984,971.4807195632591,3.8721679121099655,0.06422405204276979,3,3.4000000000000004,83
-8.19640812933301,4.167587184392648,0.21459462018605358,1.3079735616456871,0.023817666133431635,0.016673046437561994,1009.7947451306113,3.794650509051618,0.05043578753023202,3,3.2,83
-10.209150213532984,0.39794210373813654,9.161159369677314,1.1747590888072474,,,1047.3847977622586,3.7194826161511108,-0.01595068157492115,3,3.0,83
-10.056020140729421,0.025950230457283383,9.161159369677335,1.0116243445814401,,,1084.1957987814299,3.6461196856446514,-0.0010401610157147229,3,2.8000000000000007,83
-10.046034364804067,0.0016922422997228941,9.161159369671712,1.0007589910005155,,,1120.3753657374475,3.5770521519740015,-6.783001300173803e-05,3,2.6000000000000005,83
-10.045383181669326,0.00011035293138078877,9.161159369598636,1.0000494986721402,,,1155.7475947332691,3.5074102087071597,-4.423267738671124e-06,3,2.4000000000000004,83
-10.04534071732022,7.196232753327547e-06,9.161159372046848,1.0000032278786328,,,1190.4306465415414,3.432751725592742,-2.884460229250104e-07,3,2.2,83
-10.045337948174572,4.692740393249346e-07,9.161159365966327,1.0000002104934935,,,1224.3658847958666,3.3564207046424124,-1.8809873752750084e-08,3,2.0,83
-10.04533776759562,3.0601862123425195e-08,9.1611591070952,1.0000000137265062,,,1257.730584017334,3.292471545222015,-1.2266120166365596e-09,3,1.8000000000000007,83
-10.045337755819872,1.9955804298132457e-09,9.161159281874367,1.0000000008951202,,,1290.3056647174158,3.232788892037494,-7.998876495008488e-11,3,1.6000000000000003,83
-10.045337755051964,1.3013419963826344e-10,9.161137387439581,1.0000000000583718,,,1322.2479970063366,3.165714242456251,-5.216143978049042e-12,3,1.4000000000000004,83
-10.04533775500189,8.485890941078039e-12,9.160648825787293,1.0000000000038065,,,1353.6453307661122,3.106778442951958,-3.3983338144941314e-13,3,1.2000000000000002,83
-10.045337754998625,5.522479038929826e-13,9.188556530716909,1.000000000000248,,,1384.4750795816462,3.043548559348215,-2.19534500813659e-14,3,1.0,83
-10.045337754998414,3.4199047320093007e-14,9.531849590516826,1.0000000000000158,,,1414.6163699232209,2.992889027407404,-1.2625910360867919e-15,3,0.8000000000000007,83
-10.0453377549984,1.4796930398031855e-15,,1.0000000000000009,,,1444.1088616133193,2.9242830524898173,-6.532223435505509e-17,3,0.6000000000000005,83
-10.0453377549984,0.0,,1.0,,,1473.0769297315821,2.8558073718078627,6.139906278461508e-17,3,0.4000000000000003,83
-10.0453377549984,0.0,,1.0,,,1501.4854594454328,2.8074257339583415,6.139906278461508e-17,3,0.2000000000000001,83
-0.022964393740676867,0.1052543870413759,-0.6418715889866138,2.2945781429708365,0.014876250836980543,0.01281580035515257,136.12452589033538,5.2258286090237105,2.9512297866461732e-05,0,7.0,84
-0.010959120949139414,0.12283988881401549,-0.4219561607098177,2.3337329397753757,0.016119801851045654,0.013080164033254219,188.16713191557432,5.395586970384737,0.0010012746418833517,0,6.800000000000001,84
0.005929299012086909,0.13341319792957224,-0.24108126824369025,2.29606400543774,0.018118636424990963,0.013853785078732986,241.62001909609498,5.322128213556481,0.0009929551975433803,0,6.6000000000000005,84
0.020516597767844532,0.13281831674105027,-0.11771053003774856,2.2810678685709598,0.02098614566643338,0.014608142825702827,294.4227003554125,5.230514045605325,0.0006386917312335356,0,6.4,84
0.012356216780097844,0.12924413125576376,0.09536647290527567,2.3615291671270184,0.021576965989037085,0.01477509041111448,346.20135795807045,5.125359260630061,-0.0008765995522646274,0,6.2,84
0.010212818554102976,0.1317738233452009,0.10658105060000445,2.3198717258310393,0.021954174260351032,0.013744788053912292,396.926452556946,5.022838251905673,-0.0014106713509190697,0,6.0,84
0.003234223223762887,0.11322416254860126,0.9064062166218823,2.707074240921912,0.02102017625058524,0.013669287141563706,446.5900389192186,4.914856928492933,-0.0005799089598812455,0,5.800000000000001,84
-0.0027948530028751102,0.10991498438958491,0.10660455845030903,2.6708338150035407,0.0189339741246531,0.013775188547238675,495.3171873733252,4.809996821801394,0.0004399337292311692,0,5.6000000000000005,84
-0.002815214097471031,0.0998664515097378,-0.0262971285006528,2.773321654422682,0.01653046783536695,0.012395569614913775,542.960485083479,4.7190422180373375,0.00014589532413981587,0,5.4,84
0.005459804099846192,0.1010392182114409,-0.017982671969532404,2.7381665344875565,0.017094548549288647,0.012222472212574815,589.8350532084297,4.640188049323977,-0.0008757055238124629,0,5.2,84
0.015598452765586855,0.09535640435231026,0.0316089192010498,2.7589016115482483,0.015275095129771614,0.011320176262449936,635.6235148686438,4.543965880554973,-0.00038558456568604793,0,5.0,84
0.010923116952985052,0.09947782627713522,-0.046723878478898584,2.664122219429789,0.014023036385374681,0.010188822873723264,680.6648455380773,4.454188490394843,-0.0001303546560790603,0,4.800000000000001,84
0.0093667748653064,0.09291478840020773,0.1754576193217603,2.855029645590279,0.013524156303233994,0.009410160689500268,724.818448927527,4.368610310473175,0.0009120368717188957,0,4.6000000000000005,84
-0.0017197094618735848,0.10296136731320955,0.43750527930763905,2.8079447932034043,0.015562246936176933,0.012550485734698684,768.050738671137,4.272241590891478,0.0008664053023511299,0,4.4,84
-0.014623686370874009,0.10153459264232449,0.5300532354444427,2.818137975714793,0.015536468787386912,0.013472021125797767,810.3079546701966,4.195752810656944,-0.00018072346081774595,0,4.2,84
-0.014938106681259307,0.10280279998669516,-0.31037340037353855,2.7828569721869845,0.01570353099841398,0.014285402537936783,851.8463331498128,4.097764057441842,-0.00037649170214969034,0,4.0,84
-0.006993717660591369,0.10243596634212283,-0.1865873400343392,2.8160593033290855,0.01830107424374404,0.01521165084112999,892.4985503108844,4.018381849190256,-9.982902620379861e-05,4,3.8000000000000007,84
-0.005216313844636951,0.10826946704491278,0.198347231369846,2.746713886667832,0.019035176874532364,0.015285950822449853,932.3598715040555,3.9509313182100376,0.000276021051158081,4,3.6000000000000005,84
-0.0016742122459207948,0.10519495502638206,0.43803135139358584,2.829971850970361,0.017865377221820324,0.013413405571037955,971.4541597599913,3.8716927272156743,0.0003622896246467909,4,3.4000000000000004,84
0.011562815707616912,0.11158442101343229,0.4224322054865004,2.6537696765582965,0.016602627927877034,0.012282615767636972,1009.7536945737567,3.7949019675981743,-4.843993657099726e-05,4,3.2,84
0.020790157320071237,0.11104443785057118,1.19285679674093,2.6345416625586076,0.017469077826358887,0.01196769886072994,1047.3068224886977,3.710805279394987,-1.3713611760331646e-05,4,3.0,84
0.02490737330665988,0.10556109409477335,1.9399173728611663,2.743663721188521,0.014182470507236342,0.010306123113043063,1084.1609964003799,3.6404315969133774,-0.0007600058392514605,4,2.8000000000000007,84
0.022688248755110028,0.10170084625609953,1.4303852679795348,2.7605253294578893,0.01392519799156755,0.01167308753678428,1120.2345817469884,3.5751559934753883,0.000194929325649782,4,2.6000000000000005,84
0.030375789123531748,0.1014786894219261,0.4619438163077678,2.71456736387493,0.013091919472175082,0.011187814012963518,1155.647961828742,3.5081817135701074,0.00032050556804083064,4,2.4000000000000004,84
0.0058372269008088225,0.10389518969322074,-0.13046239093068124,2.765535695667487,0.015078474555562469,0.012184936383303663,1190.3847069501187,3.439743583938248,0.0006735491628951824,4,2.2,84
-0.00661155415818836,0.1085874573334818,0.2605975391580122,2.9637866895632237,0.015132713522828727,0.011663947861206364,1224.4210604916332,3.3617122609217387,0.0009136253138579075,4,2.0,84
-0.015877125180054175,0.10789729064647283,0.4509315843210264,2.9559038181873327,0.016888805354995196,0.011884143020778195,1257.720006443855,3.2957605579273257,-0.000637178348093891,4,1.8000000000000007,84
-0.010489687035195839,0.10375805749426813,0.7444639970148423,3.091517425428791,0.017445292356007547,0.01067084524564138,1290.358262044806,3.230155592108956,-0.0006083680518975817,4,1.6000000000000003,84
-0.013770661843887729,0.10304477404131519,1.0119437655980175,3.100980034373038,0.0188004026376014,0.010836800776781346,1322.346020598036,3.1673816214470873,-0.00014896141309760368,4,1.4000000000000004,84
-0.003848067132274083,0.10456825170359307,1.0261759060659887,3.0813908871310884,0.018000349401707857,0.010975406724615508,1353.7001775618407,3.1092943751071846,3.7510332309864154e-05,4,1.2000000000000002,84
0.000579961485317321,0.09138161253912017,0.45893880776185414,2.6610996067588055,0.01715599670730718,0.011143359978223445,1384.489913888048,3.0485617008350627,0.00010664467561939305,4,1.0,84
0.013190406703964111,0.09990675783225468,0.12744480146737436,2.412712512732974,0.017416673521828817,0.011091591395679345,1414.5831151417706,2.981700051565176,0.0005043811102919758,4,0.8000000000000007,84
0.005072289448996723,0.10215886479405993,-0.0690675416892268,2.377427378634873,0.016887116139869533,0.01082932490451844,1444.0735312656666,2.9161663699454166,0.00021922691610764302,4,0.6000000000000005,84
0.007155488811942188,0.1002910337900074,0.054233999084541296,2.4184758391784085,0.01580642745759935,0.01011345137242019,1473.019725602754,2.8602049955159385,0.0003611148872576636,4,0.4000000000000003,84
0.018855818226606744,0.09589450296988357,0.047415673626694854,2.238668067057657,0.01560143239791092,0.010131571037119832,1501.3664550628455,2.8066620365299717,0.0001782443410832278,4,0.2000000000000001,84
-0.008764095205906059,0.1020136497009256,0.8612163970502977,2.844570574126189,0.01743233744856232,0.014366719850222247,136.12235159014025,5.221964151354657,0.0004278989422677153,0,7.0,85
-0.009223041797221358,0.11195836972636311,0.287875346190932,2.5926816068489296,0.016160699036382765,0.012384086838824635,188.10612231587334,5.397895569344535,-0.000103674051185681,0,6.800000000000001,85
0.004227129105599303,0.10892229007347631,0.10926714105962887,2.6721082483055585,0.016969884362587048,0.01256884287302612,241.6047945821964,5.322148759009002,-4.182993442710447e-05,0,6.6000000000000005,85
-0.00815576274440992,0.10518926232138154,0.18147031380761902,2.5843024299285386,0.015074116405946487,0.011985499666090815,294.31753131277566,5.215678687625709,-0.0005759755820153997,0,6.4,85
-0.013011280321987825,0.10150753255678518,0.07195537193702695,2.663998823180662,0.01617147166221727,0.010819387439242906,345.9924159180807,5.123947176399423,-0.0005664859982437353,0,6.2,85
-0.01849598459360664,0.10221336055762344,-0.07174814625874504,2.624207139544473,0.01587243091232029,0.009550163386738602,396.7698159881238,5.021148369092092,-0.0004110429806878704,0,6.0,85
-0.009563346458852064,0.09691899837271016,0.1756813167162159,2.7995423404288426,0.015882887578061774,0.010008508955436392,446.5020673581459,4.925395965628134,-1.1299538986633255e-06,0,5.800000000000001,85
-0.00792759781666813,0.11021978029671961,-0.009772003384093342,2.4674019172104216,0.016117399491598353,0.010631238938917022,495.2503582020178,4.827663591904779,0.0012058260579151424,0,5.6000000000000005,85
-0.003159832307616883,0.11174717424307985,-0.6365781141142843,2.3096927199266264,0.01772039534334944,0.012301743424468934,543.0579193406494,4.727125170033379,0.0006951185937801249,0,5.4,85
0.0034936488636052275,0.11812017295963562,-0.798203035666913,2.184992872825163,0.015926946319707175,0.012136674321049618,589.8212537271653,4.628753573909183,0.000378149286657037,0,5.2,85
0.01475906723298625,0.11354699214349505,-0.831721808937413,2.254656958354922,0.0158000053463609,0.012297473670265202,635.7128547032047,4.538976917049509,-0.0002806537264121396,0,5.0,85
0.0048368346943022935,0.11887693145284477,-0.9270236990942622,2.1702199498230095,0.015159955669794467,0.012282357669973244,680.6219539016128,4.447247245177246,-0.0008939849845070926,0,4.800000000000001,85
-0.012912637189590155,0.11085741283075005,-0.4256296127354511,2.663605268743553,0.015096354879603115,0.013829819341646662,724.7021706467553,4.3644494134250165,-4.133397468855368e-05,0,4.6000000000000005,85
-0.010672681613380983,0.11030135987078349,-0.21633466948444768,2.6827162378486165,0.015327466575001196,0.014165367851761305,767.98424206635,4.2894937971336375,-0.0004615157198083731,0,4.4,85
-0.004580520644899728,0.10599931489363627,-0.003278957965693774,2.8022303416307457,0.016133548447823342,0.015148833741991656,810.3877279842018,4.197613490314197,-0.00032492521240842326,0,4.2,85
-0.004841846022987823,0.10409760356347429,0.14253297689232625,2.85299288040742,0.0165422514555007,0.016510790686005115,851.9201921253068,4.116667554145833,-0.0009843234238086501,0,4.0,85
-0.008923597185675158,0.10154064337965132,0.21850302433260316,2.916592452044749,0.018383916742499354,0.016765711206171433,892.6941925672634,4.028959506682749,-0.0002449846021606002,0,3.8000000000000007,85
-0.0010621323581585108,0.10985214814018592,-0.22960306206711723,2.288193511997334,0.019132519179917668,0.015703433217528543,932.6147812450367,3.9458890416130905,0.0011974249793039542,0,3.6000000000000005,85
0.011530372361738546,0.11029671064636012,-0.6748752852796258,2.266477066428455,0.020350639764962625,0.015031359176378474,971.6098657256501,3.8680706162046623,0.0009759680597196728,0,3.4000000000000004,85
0.007641510461341979,0.10751095496110818,-0.5271001781578337,2.3321301487120154,0.020798523882080887,0.015200343222781512,1009.9092977113754,3.7867328940114815,0.00027025793522483484,0,3.2,85
0.005359172778339733,0.11180781480532291,-0.7761834041693922,2.245646439753737,0.019907802700868338,0.014157129999118575,1047.3727277968026,3.7072228781786705,-0.00032273388435456816,0,3.0,85
0.014861242810126098,0.11620593057783934,-0.5488598445183457,2.1453575549143222,0.019138964091713825,0.013985349902870894,1084.1909934851471,3.643540821931763,-0.00032089450020530893,0,2.8000000000000007,85
0.006535500046947133,0.10545279097629401,-0.2924597032356746,2.4355163390359196,0.0183522710309264,0.01354113934492705,1120.2846296186171,3.583191589279291,0.00019913073111613736,0,2.6000000000000005,85
-0.004235386128009371,0.10522597704757873,-0.2965437294398683,2.4435255936225104,0.016939620257238063,0.013156960411237557,1155.6836240569164,3.509878684623807,0.0003305432196856993,0,2.4000000000000004,85
-0.013634624407893028,0.10745017982556523,-0.45644159524290284,2.375486622477849,0.017399660741873414,0.012525259514170328,1190.4197939347835,3.443269713573387,-0.00011181182829879712,0,2.2,85
-0.006700664510865661,0.11365802359189124,0.07994416346750288,2.5727236129884528,0.018177877986228542,0.01260747883722522,1224.5608996562232,3.371333041711913,0.00014174940088509106,0,2.0,85
-0.010697489898400008,0.10190717786311829,0.6613969831011226,2.8584408199984215,0.017033913656267892,0.012114839835519375,1257.8854248522855,3.303227984216715,-2.9457009107839008e-05,0,1.8000000000000007,85
-0.005018057115167169,0.10389464990841354,0.29027404247071287,2.8161288513496725,0.01753561670262922,0.0129523163164646,1290.4216097811898,3.226509641698805,0.00010023629835499035,0,1.6000000000000003,85
0.002451069940221225,0.10255273350291469,0.2263300015249219,2.855539824288498,0.016910924357432525,0.012591416291688268,1322.4599410230937,3.1604015503646283,-0.00016798132004554182,0,1.4000000000000004,85
0.0021071459394139667,0.09825925609130776,0.6042379729189999,2.9804830230800206,0.01654894164037641,0.012782299617671326,1353.7929597158377,3.097045512904238,-0.000743550075436613,0,1.2000000000000002,85
0.004340339328421114,0.08716592326400067,0.22465334875522558,2.6533289876102417,0.016258950311843635,0.013148008795344805,1384.4397598274466,3.0419082114128044,-0.00023870501351235652,0,1.0,85
0.016788200601856346,0.09794031807089762,0.36487403865919976,2.5639897280581194,0.015492890124582673,0.013171840802650766,1414.5166874694976,2.9859016073309217,0.0001274194895380284,0,0.8000000000000007,85
0.019294160321174262,0.10188327356454685,-0.15128650439037683,2.4568869600858236,0.015501908089531842,0.012587166505826733,1444.128863629795,2.9197343705929737,0.0010590964150434777,0,0.6000000000000005,85
0.0188935706934917,0.10553345107735926,-0.29808404631665164,2.3763706949448102,0.015198468261816185,0.01198117369627307,1473.0667307815913,2.8679204742653686,0.00116740840259824,0,0.4000000000000003,85
0.03592447370071893,0.10905276880190119,-0.21678174237664294,2.2174347037519824,0.015074706072576233,0.011112958312702611,1501.433032032136,2.811205131851636,0.0005826955968670203,0,0.2000000000000001,85
-0.011299020723016988,0.10425778313882306,-0.2534190297109058,2.6072416134790166,0.01798570382324332,0.012775704422563157,136.10801762263762,5.214222901360659,0.0002701529460930998,0,7.0,86
-0.06276108383012376,0.16803849632371978,1.8224355813467756,3.3579700821708776,0.016363391843009528,0.012473526755469554,188.08127558989167,5.404898430858023,0.004364161929030263,1,6.800000000000001,86
-0.2746019333066002,0.4517645174976693,0.9817391891670244,3.0317198851169205,0.015019946611732227,0.010947714412811218,241.35624911624936,5.299409073357878,0.021254785924103934,1,6.6000000000000005,86
-0.6409248022157671,0.7321648676370814,-1.0026835691255025,2.178183185063953,0.01634006595711707,0.012840006124004294,292.5681368380635,5.061953755305754,0.04242830194778775,1,6.4,86
-1.1141417710057604,0.9370065968177067,-1.468101768109152,1.825063146432707,0.01464016022573194,0.012306052381179683,340.7585526377185,4.688303317655096,0.058451455926439584,1,6.2,86
-1.7166435677039382,0.9919025735855509,-1.2290373620156487,1.6185434851238802,0.014904303049572735,0.012121068289817856,385.16420768760867,4.218063221461115,0.06421802462101338,1,6.0,86
-2.3587663312268154,0.8937079449085156,-1.007723041697499,1.5327485154983929,0.01621429725868179,0.012543728153620424,425.1642512159386,3.7404919311038234,0.05763225820190915,1,5.800000000000001,86
-2.9246438198769082,0.7747661977076203,-1.1426306657036478,1.3488844060604495,0.016508417945329833,0.012996483262939585,460.65670760465974,3.3224473998180697,0.04990067160661661,1,5.6000000000000005,86
-3.4064668172410104,0.6640664011732818,-1.1809607836806975,1.246378224977527,0.015180052507519566,0.010999568172134423,492.1651484679987,2.9527610689853847,0.042459813389322136,1,5.4,86
-3.8381808930188135,0.5685699889226375,-1.0867328729042398,1.2286560937911568,0.016809123548367923,0.010787005571189617,520.1768334858855,2.6279213767090193,0.036316072495964365,1,5.2,86
-4.213996543596191,0.5089429949196517,-0.9673433404710536,1.1819653589834451,0.01810705696360616,0.012001029628448354,545.2281591441514,2.34971934475947,0.03255780206542982,1,5.0,86
-4.53993933211995,0.46328509989215183,-1.1033100541123926,1.1715501907355383,0.018852546597995287,0.012705278629051287,567.6906168577093,2.1153568855211944,0.029647356319597216,1,4.800000000000001,86
-4.831596636816165,0.4205960828964702,-1.1999643631235768,1.1323257862205902,0.018010854782169846,0.013072405635548486,587.8009190714735,1.9044603486024354,0.02684363823895398,1,4.6000000000000005,86
-5.090622868020302,0.35872636175903244,-0.9758327997055471,1.132769901031877,0.018569525148835364,0.012550302135518155,605.9377835031527,1.7175862341961996,0.022601826484898193,1,4.4,86
-5.3312286943696385,0.33032270689598436,-1.0197632037551594,1.1127576358120093,0.017247590642329714,0.0130113275138218,622.2615785785558,1.538256788490282,0.020738306665927474,1,4.2,86
-5.537445185725132,0.3093256505520561,-0.8908212503173112,1.0929228699305507,0.016348040944973566,0.01319423923706717,636.9685278649749,1.3841724087519,0.019162654592458292,1,4.0,86
-5.725961103096451,0.2880822716498825,-1.043479159067573,1.1028685581515927,0.014673682498953315,0.012132420458612769,650.1467158756798,1.248589975083687,0.017772966125511207,1,3.8000000000000007,86
-5.903920198488578,0.2822878416030651,-0.5032591943284976,1.0947105964062065,0.016800297110905173,0.01277334272562869,661.9359224253784,1.1108758571514499,0.017005547254458672,1,3.6000000000000005,86
-6.078158146299854,0.24940783543695866,-0.9054737855280584,1.0716461229509362,0.016501268290856023,0.012370359729957111,672.5056617076267,0.9944436006924033,0.014823969967770178,1,3.4000000000000004,86
-6.2249722384896335,0.23967418374629135,-1.1336139860106194,1.0644117737463847,0.017330182003578384,0.012751255659967972,681.9884667415695,0.8828475843398056,0.01415699706817765,1,3.2,86
-6.374244270175801,0.2320035084993218,-0.8401960335530458,1.0650038515047557,0.017854417846741962,0.012670425871486353,690.3412276088268,0.782967008544784,0.013439572717746377,1,3.0,86
-6.5163338037945895,0.21816800698517275,-0.7343083959485117,1.0667631049887871,0.019499438731119857,0.01270596806984297,697.8148910707863,0.7033809175266823,0.012634865588093748,1,2.8000000000000007,86
-6.634761664155932,0.19329503339703125,-0.8275520644232057,1.0544490369197659,0.017967871709773552,0.01192415109550786,704.4311022989052,0.6138532698480659,0.011004822194463547,1,2.6000000000000005,86
-6.748291234404717,0.17895919726743179,-0.7466846783918677,1.0555610710563654,0.02024203667171619,0.014071628820095907,710.1772325963984,0.5339702492477418,0.009822665212771005,1,2.4000000000000004,86
-6.860326344934824,0.16979785132589964,-0.6262163550539666,1.0544012229801905,0.020534397595202716,0.014137608470510475,715.213586497426,0.46534210204407084,0.009157460458820784,1,2.2,86
-6.949117526933501,0.15554498517165913,-0.9333546530208245,1.0476859914145196,0.01969191804788956,0.01373754932474202,719.6136022137321,0.3982481739296719,0.008407264115191684,1,2.0,86
-7.035748636295753,0.16377349068117789,-0.4441947309954193,1.0470170568589734,0.018908887448868726,0.014637399496592152,723.2215823167406,0.33780044590832103,0.008821240792406041,1,1.8000000000000007,86
-7.1212491638472395,0.1441344412910837,-0.44829533611359995,1.0345131244268473,0.02064217277162303,0.016089046276398414,726.3241811660462,0.2791928948286519,0.007616128574379499,1,1.6000000000000003,86
-7.206405958616441,0.14377656836844566,-0.51327958836761,1.0452452699633652,0.01816318810555785,0.01474333246130205,728.8497448321885,0.2192182944277337,0.0077089763723895855,1,1.4000000000000004,86
-7.2760157326329935,0.1489142955163091,-0.07499835715301284,1.0560508924461134,0.017288674354957453,0.01431522911139314,730.8297861127827,0.16993808227030707,0.007804037975371706,1,1.2000000000000002,86
-7.361752117684583,0.1489545652065492,-0.286455305886812,1.0437567657709055,0.017391516187472752,0.013982781310034442,732.3004263412017,0.1280620764260027,0.007882706166354638,1,1.0,86
-7.434322848707812,0.1419915499039934,-1.1228574081002516,1.0335906349040127,0.017275026594230844,0.012880396207909862,733.4094856038453,0.08436676248440343,0.007642011943082802,1,0.8000000000000007,86
-7.508324106698202,0.1318565267968634,-0.6667050950916904,1.030286766584136,0.016235373675443688,0.012176115518170362,734.063290505535,0.048281307202945205,0.006567610610592657,1,0.6000000000000005,86
-7.565015378245159,0.12290594058528713,-0.04817924419683539,1.029383344349693,0.01703956947710605,0.01325548576352013,734.4207929174802,0.014254097453322538,0.005647600009961387,1,0.4000000000000003,86
-7.638733160977726,0.12823595990507308,0.7019080193702658,1.0468328623574363,0.017035282437528547,0.012745991828622438,734.3367570515879,-0.02437724335874172,0.005466478351848569,1,0.2000000000000001,86
-0.0028221970482220477,0.09380377151871384,0.7814493220139389,3.216944909168582,0.01661229241709009,0.011848529687608148,136.10612103742864,5.230187919185392,0.0005866458229985309,0,7.0,87
0.0038661284607013286,0.09598885190138225,0.37048172877524577,3.1425662994320125,0.016897930829493753,0.01253821017887211,188.13210112547517,5.406940850980842,7.551644551306641e-05,0,6.800000000000001,87
0.013276572940220397,0.10057847502717213,0.5562241623551758,2.975310955343725,0.015621053145953532,0.011511498535494137,241.67732871409396,5.328752495647543,0.0003664153889382343,0,6.6000000000000005,87
0.013107332355552082,0.11056540380927418,-0.07065229842510856,2.711148223325759,0.01538364383094036,0.011967131434122652,294.41209931318195,5.219056848971887,0.0009222167929997629,0,6.4,87
0.017349525888899285,0.10996628119798217,-0.10942752855031035,2.7111793602510033,0.015204167457250808,0.011858357181871454,346.07344383386555,5.111617135396917,-0.0005015921785785389,0,6.2,87
0.011358111416359194,0.10672211846903029,-0.4700347480480711,2.6576213885014925,0.014157944998412138,0.011476500375067804,396.73822723369415,5.011974209376969,0.0003565209940622879,0,6.0,87
0.008557383599521452,0.11049131590023978,-0.5838890917704895,2.57388849149549,0.014722470224296912,0.013216076086145966,446.481430716558,4.922872108843945,7.922902921190286e-05,0,5.800000000000001,87
0.004386213848580889,0.10468715020526058,-0.9921349407448314,1.8218680245037564,0.01623402433708492,0.01524542530702671,495.22259405270603,4.832867642340041,-0.0005688199191470672,0,5.6000000000000005,87
0.005820649686347009,0.09220605265557597,-0.7765693100482123,1.9911620882015393,0.016883482691746998,0.01533686341808447,543.0263881378482,4.7351625389494,-0.0001390325428643673,0,5.4,87
0.011678386651720177,0.09537723883320068,-0.8180052059989413,2.088624885943425,0.017769024449036674,0.01585651224003264,589.9214462902339,4.6373258800737585,-0.0006432594024004602,0,5.2,87
0.0046248656957348965,0.0971098524569198,-0.957430814689491,2.064604113412392,0.018260717709692783,0.01573110423168695,635.826774255645,4.534942121662029,0.00038001445866587424,0,5.0,87
-0.003948410076776223,0.09103192556205823,-0.7305484335620114,2.202885330058874,0.016919114696087832,0.013627361392981844,680.7764763998495,4.448028324534175,0.00015285032828265337,0,4.800000000000001,87
-0.0017801301384172312,0.08870215592170477,-0.5560295915422806,2.2624483725816007,0.016756496219927614,0.012092470093241,724.8285037036402,4.360395232100146,-0.00034008371614505475,0,4.6000000000000005,87
-0.009174192179969535,0.09648124187216067,-0.43785845291894576,2.2620820669088864,0.015996581489762976,0.011288987625028073,768.0322080516725,4.273988591073291,-0.00013983488559561103,0,4.4,87
-0.011700376156438201,0.09387615907112411,-0.360742380606907,2.317261984305533,0.01566542789991674,0.010951055147881004,810.3599519747684,4.1921957819016065,-0.00045413362416502366,0,4.2,87
-0.006563075191066043,0.0877858004317835,-0.14609173063908187,2.4904983244537897,0.016599551504028566,0.012128687483825513,851.9443346808433,4.112160765877817,0.00038161500080226973,0,4.0,87
0.8923632747148413,1.80917791912184,0.29746784843298313,2.4731208082003353,0.0629131204597511,0.09402751024110373,892.5972179115549,4.028255617790637,0.07996280340107216,2,3.8000000000000007,87
1.720397669222899,2.1420090134029235,-1.79760838578009,1.8123080160930432,0.10848380363935066,0.11576295181178729,932.5259184423475,3.9488411070343012,0.11376179479908527,2,3.6000000000000005,87
2.5688122444256805,2.1188812695840027,-1.8169260548930106,1.4921795102203514,0.1556019735059609,0.11587344223834352,971.618945441119,3.8686078148240894,0.11234343763258921,2,3.4000000000000004,87
3.4041159271514645,1.7247995247925827,0.2167237272623277,1.2994377219394488,0.2005353798908056,0.09319068412414884,1009.9634832036977,3.7917677830226832,0.07191980171530103,2,3.2,87
4.237646452792383,0.17681654842083794,4.879215262029351,1.1667991007262404,0.2461277780271172,0.018349906259315086,1047.449582561222,3.7191436044842954,-0.005621305023384084,2,3.0,87
4.1901502243780655,0.10563348453598198,0.48434585304637645,1.077880778601488,0.2474134348874052,0.019395447256426748,1084.3528659739322,3.6483379445574275,0.0010354176927163843,2,2.8000000000000007,87
4.191611517404572,0.12478210759476882,0.5793449491953693,1.077372757460145,0.2470611401542665,0.020909583516158035,1120.3661363600097,3.5729543910469315,-0.0003305057865372031,2,2.6000000000000005,87
4.186018373388523,0.1256900839911594,0.38463237278901197,1.0788041815405478,0.2458523615284495,0.021736148832616996,1155.7776740233126,3.5035584472207004,0.00016949343720687265,2,2.4000000000000004,87
4.185156221522471,0.11887845381843115,1.0035975445262517,1.0790764676318818,0.24750813095438728,0.022499204724102995,1190.446695825321,3.435923712562374,0.00018135630181341226,2,2.2,87
4.185834719001297,0.11641057791835875,1.2047865296814617,1.0789192010607989,0.24720513363848415,0.0239588986497684,1224.4907241252401,3.3653519305580546,-0.00035364246200057255,2,2.0,87
4.18319434585656,0.11217685301512975,0.4138449573340761,1.0443925046229594,0.24815114702148697,0.023606317800550773,1257.7458123733957,3.301780250631813,0.0011957332689195724,2,1.8000000000000007,87
4.1915514621645285,0.09860233249071634,-1.0029541959197954,1.0417480368176275,0.24914474107377374,0.023448179116476457,1290.4405536288425,3.228137033664069,0.0008235818273487652,2,1.6000000000000003,87
4.190498770243292,0.09100225495931484,-0.9388151017906621,1.0402790747600523,0.2528785017097055,0.022636196740788622,1322.4285067229573,3.166683555690341,8.759585669406839e-05,2,1.4000000000000004,87
4.18585702682774,0.09717219457964209,-0.9790250688021813,1.0413983210562228,0.2537444989908195,0.021018675818170247,1353.8019984518248,3.1042581967168417,-0.0007003697629046501,2,1.2000000000000002,87
4.18099445613074,0.10074309357702858,-0.6437431806036766,1.0543492149019695,0.2570194773851975,0.02030296808320453,1384.5072380253048,3.043395762805125,-0.0016256857876959247,2,1.0,87
4.160581531374261,0.10725086046526004,0.5448714641197148,1.059478600588252,0.25325238695549596,0.02127557042083213,1414.5975953516495,2.9775481764068075,-0.001924404402331181,2,0.8000000000000007,87
4.159496699876349,0.11339368232923375,0.4544125764453675,1.0609865313741165,0.2520996323325699,0.021657333374287442,1444.1050959809381,2.9162815785071623,2.8306294248228823e-05,2,0.6000000000000005,87
4.1631874929658075,0.11417845894617949,0.33413890682529246,1.0600412697049293,0.24655596368842161,0.023169692685519605,1473.1087920735345,2.869136391216646,0.0010770145856205113,2,0.4000000000000003,87
4.162643154346843,0.11854983734778259,0.1831258612897888,1.0601493100088117,0.24604844464324357,0.023748908621753283,1501.468239869015,2.815115958260457,0.0009480435717651467,2,0.2000000000000001,87
-0.00916021166409177,0.1014416320008299,1.2830680130261705,3.251443017599976,0.017046320305351317,0.01278015144120205,136.11887460187944,5.221953974074943,-0.000398808096675521,0,7.0,88
5.764978793691755e-05,0.10090767605624268,1.609584444392226,3.2822178972155087,0.016658861740031377,0.010938328787608056,188.0534211322495,5.400217134937121,-0.0004340784233172793,0,6.800000000000001,88
0.008835611242316365,0.10158571421594428,1.3585568913914674,3.2477997524773703,0.015453685534151784,0.010438438873248804,241.6302203499004,5.3300056800073055,-0.0004841098713861481,0,6.6000000000000005,88
-0.0023080380699196474,0.09358702355961371,0.8440176302026283,3.04529857998463,0.016021167621134397,0.01031734087477581,294.4085077310014,5.225779420667529,0.0007278236584631208,0,6.4,88
-0.006383443353907659,0.09607486476950844,0.7089656898561256,2.960700486990631,0.01751803988830213,0.011305904048218893,346.0672907108983,5.126745631991656,0.000999580756954295,0,6.2,88
-0.0008839776300972324,0.10964032129492304,-0.1208612250651302,2.6001328461581292,0.015519919861686694,0.011141026772228977,396.8170263866229,5.021089381115107,0.0005278514613214731,0,6.0,88
-0.003672601484785675,0.11582489994415887,-0.75041323740155,2.0749575011193278,0.017389253268735683,0.01283299690369541,446.51693221902815,4.912751499152113,0.0008576051234731765,0,5.800000000000001,88
-0.015175488417385696,0.11110115249334282,-0.8237316068125895,2.123616178057756,0.017489442579623073,0.013175621223346977,495.12147856816074,4.814416288020103,0.00014369931846500668,0,5.6000000000000005,88
-0.013086938496607088,0.10629919955544065,-0.678205904913693,2.2234481541969444,0.017351539658177408,0.013216716190915452,542.8326341895831,4.724009581722533,-0.0004377878725318774,0,5.4,88
-0.01088805546947117,0.11352871629268922,-0.769328018102506,2.0881202355012736,0.016077581528439976,0.012974610066350922,589.6558481806402,4.634835457315458,-0.00039724335282674236,0,5.2,88
-0.01449857159815504,0.1029311545651197,-0.5460791236204647,2.2908179475031867,0.015622066966424803,0.012899838311715655,635.5326068775187,4.548721895368593,-0.0008545294596286239,0,5.0,88
-0.015926574371460445,0.08736145723618155,-0.5968974695452847,2.2403370021124642,0.013560279990090986,0.010899082574673867,680.5434601382398,4.46190576010362,-0.00045649118031953014,0,4.800000000000001,88
-0.005554060747780267,0.09092813406533973,-0.6147155031317797,2.1844998006424143,0.013748547985009765,0.009404372015100297,724.6520875595836,4.36393376966982,-0.00035695782654053564,0,4.6000000000000005,88
-0.009599081905961735,0.09461874470481055,-0.7592870993355594,2.092327299114088,0.01256216373600891,0.008635165150717432,767.9234618555517,4.280036593727541,-0.0003241318509039175,0,4.4,88
0.0016045931591975216,0.09153994684022432,0.6222107024518739,3.2882673007297605,0.0127259019135405,0.008471810456859305,810.3436858629559,4.2007480860456585,0.0004214052672273375,0,4.2,88
0.002968516716866678,0.10195463693638344,0.0279212475429218,2.9515564803026053,0.014214585176595485,0.009087110805081114,851.90970538398,4.117022041091682,0.0007909273453308912,0,4.0,88
-2.157936730658143,4.37837773727491,0.30989623133439936,2.4782240851796677,0.014122820475651254,0.009522093252213875,892.6063362924331,4.032310431188881,0.031317067472590776,3,3.8000000000000007,88
-4.184721499086532,5.181664716021174,-1.8000223486169709,1.812561985435811,0.013648493205275376,0.010541774472644545,932.5465513488597,3.942298410947876,0.059107850404484984,3,3.6000000000000005,88
-6.1843973972555135,5.128019023438914,-1.8192564251427108,1.499693544759083,0.015923901633254765,0.01069127546107076,971.6097893233571,3.861656802981836,0.0664825111458867,3,3.4000000000000004,88
-8.199093330853817,4.161573852920985,0.21533001111618866,1.307681924088949,0.015829382088200106,0.010275858718277535,1009.8617096038998,3.7884840248442666,0.05162020563872903,3,3.2,88
-10.208896016021399,0.39732459336419984,9.161159369677344,1.1744937781739133,,,1047.3548690944417,3.7152734168409807,-0.01592592995590086,3,3.0,88
-10.056003564237653,0.02590996194494712,9.16115936967694,1.011606330695836,,,1084.2400964588205,3.6499671006328644,-0.0010385469361496337,3,2.8000000000000007,88
-10.0460332838333,0.00168961634693817,9.161159369675918,1.0007578133322608,,,1120.3078612542572,3.57513002788648,-6.772475714582914e-05,3,2.6000000000000005,88
-10.045383111178067,0.0001101816901897645,9.161159369390615,1.000049421862552,,,1155.7094966568288,3.504974851018753,-4.416403891707471e-06,3,2.4000000000000004,88
-10.04534071272341,7.185065932280908e-06,9.161159371997988,1.0000032228697442,,,1190.4536250846131,3.438276586175338,-2.879984240850402e-07,3,2.2,88
-10.045337947874808,4.685458389540799e-07,9.161159392554238,1.0000002101668581,,,1224.5333661018074,3.366544083498366,-1.878068532634733e-08,3,2.0,88
-10.045337767576072,3.0554375433532056e-08,9.161159651583104,1.000000013705206,,,1257.8414643247613,3.3074697967205773,-1.224708484852577e-09,3,1.8000000000000007,88
-10.045337755818599,1.9924834197620793e-09,9.161155746238851,1.000000000893731,,,1290.5612276745906,3.234239990243659,-7.986463798591266e-11,3,1.6000000000000003,88
-10.045337755051882,1.2993192025109795e-10,9.161066373246353,1.0000000000582812,,,1322.4923205736695,3.1570155075989104,-5.208006923826862e-12,3,1.4000000000000004,88
-10.045337755001883,8.472883687496226e-12,9.163229690152779,1.0000000000038007,,,1353.8476283176676,3.0976912715207416,-3.3952996070384853e-13,3,1.2000000000000002,88
-10.045337754998624,5.515907153908888e-13,9.213675792540322,1.0000000000002478,,,1384.5190377499985,3.0347742233664134,-2.2003428232651182e-14,3,1.0,88
-10.045337754998414,3.4199047320093007e-14,9.531849590516826,1.0000000000000158,,,1414.6165432436183,2.981556644919122,-1.2625910360867919e-15,3,0.8000000000000007,88
-10.0453377549984,1.4796930398031855e-15,,1.0000000000000009,,,1444.131921544887,2.9289450301157123,-6.532223435505509e-17,3,0.6000000000000005,88
-10.0453377549984,0.0,,1.0,,,1473.1331672612168,2.86162681495844,6.139906278461508e-17,3,0.4000000000000003,88
-10.0453377549984,0.0,,1.0,,,1501.4743967994548,2.8078931044163014,6.139906278461508e-17,3,0.2000000000000001,88
0.018966949126456332,0.11845889805588199,-0.8540419271858886,2.2106313433045335,0.014377466511916044,0.012483480683648393,136.14487191523745,5.225533374033675,0.00028768567136720687,0,7.0,89
0.010266091728103631,0.1110372039069884,-0.7852579137602245,2.0582035676474733,0.014453782013906888,0.012680349530370536,188.17368740258945,5.402719591726842,-0.0012577351126012626,0,6.800000000000001,89
0.012759297547305502,0.10081573323899543,-0.24670991229451955,2.258364026140814,0.014775396107334391,0.012832512720326967,241.62713343284403,5.322929178305742,-0.0006423742836146789,0,6.6000000000000005,89
0.005868809920434069,0.09707840375568928,-0.2859680551741004,2.1007369820281645,0.013464779523911279,0.011914284890354086,294.386785028066,5.225884792727297,-0.0006634440318948355,0,6.4,89
-0.00891918598561663,0.09029096331922588,-0.5626551906452608,2.2516809159181714,0.01266272075534669,0.011820372129911792,346.1361755936381,5.11664696636271,-0.0002724926564013741,0,6.2,89
-0.01900599642506009,0.08948140254903979,-0.7553976776816409,2.2325268335709896,0.014317204059471003,0.011777734770911827,396.80816919667086,5.020387179712476,0.0011637064329883195,0,6.0,89
-0.01548623251040492,0.09181741495298429,-0.9396507474238942,2.19363303959309,0.015930005757740826,0.012054849988434913,446.4375338727376,4.919218895663194,0.00031861684583198694,0,5.800000000000001,89
-0.007178436637290591,0.09758495290459593,-0.9143989413386664,2.2419326361933134,0.016820183510714327,0.012943645385800841,495.2335364492745,4.819798356515386,0.0004297461085891972,0,5.6000000000000005,89
0.0033685744716630255,0.10229775787986323,-0.918429911467515,2.143358809502174,0.01786237552186238,0.011843376725668969,542.9738420487374,4.730065333374437,0.0001354808020788857,0,5.4,89
0.004302755680524154,0.10221772201734315,-0.7112089319257238,2.144285780221458,0.01826268284001115,0.011952523914142218,589.8240328493849,4.638114228200461,-0.000710992583653791,0,5.2,89
0.014699671090202484,0.09286766812853628,-0.3686902987756451,2.332678100503884,0.018179446785998383,0.012343432319692373,635.75598315105,4.550368941897432,-0.00030340185060411776,0,5.0,89
0.004566642681262243,0.10613085540840128,-0.04249909851199041,2.3924375658730175,0.017011848072535793,0.011851457824608095,680.7825429547587,4.450600484287003,-7.936167978514518e-05,0,4.800000000000001,89
-0.008523911293348225,0.10314346513325014,-0.1139888765229986,2.4555137534880793,0.017752729500702388,0.012837883993716265,724.8242039302816,4.358367913202038,9.22751675771909e-05,0,4.6000000000000005,89
-0.004895028695832266,0.10271327427351815,-0.061151573361216904,2.4715129362167056,0.015533483430995573,0.01227318683004526,768.0378100020326,4.272043734057117,0.0004380675229808538,0,4.4,89
-0.0028742454238578226,0.10195659316787202,-0.120749956280914,2.4917289229505926,0.016469395234924793,0.012256281372363878,810.3925656457768,4.190833392490032,-0.00044512134220315295,0,4.2,89
-0.008658128867683704,0.10089805596161841,-0.028261746436625046,2.5094806033904207,0.015620612756159034,0.011282116327866888,851.8899695491709,4.114274180727989,-0.0010567465982109358,0,4.0,89
0.009351687324931322,0.0900385575101864,-0.33148213845320607,2.2700447442974996,0.017169714086847632,0.011968692982411993,892.5610935422573,4.028097749119439,-0.0004321043552814498,4,3.8000000000000007,89
0.0036613953249453263,0.10335107953378557,0.06992033552645971,2.685483171245069,0.017709812314009758,0.01142789937478995,932.4918524690457,3.9459674446138338,0.0006608833941785845,4,3.6000000000000005,89
0.002384066917509495,0.10177735767604096,0.19343581418611544,2.7279892256207776,0.018153057705580053,0.011439824690866752,971.5358689114369,3.862934615782687,0.0006313740576908648,4,3.4000000000000004,89
-0.005032652381305629,0.10530191519653571,-0.13637346574781617,2.634350588598279,0.018509408921525063,0.012359223339190414,1009.8277987159128,3.7878290083113106,0.0005889305608779656,4,3.2,89
0.002314380988139252,0.11472458411300596,-0.39431469809624975,2.4202973229390645,0.019398596123532473,0.013429184751462275,1047.3433021849046,3.7151088127577054,0.00023949165301106483,4,3.0,89
-0.0024872183806828045,0.11440824304850229,-0.4167091172903583,2.4269082310966454,0.019123869964462054,0.013602563924805416,1084.1878575882872,3.641586909641623,-0.0007966295518816767,4,2.8000000000000007,89
-0.0012566102418843771,0.09927618274958057,-0.5671805694666645,2.591460174762523,0.01714442234692424,0.012706738873612618,1120.2526269601494,3.574683317867213,-0.0004190541186236182,4,2.6000000000000005,89
-0.00466227792794895,0.09435434677890124,-0.20356759055057783,2.7234716763068256,0.019002069296212537,0.013133273581512766,1155.713484608432,3.506169944944655,-0.0012409337130883092,4,2.4000000000000004,89
-0.004394653109840923,0.09404371530291797,-0.07641554269547335,2.732826177582616,0.0176194074032108,0.01217633510046831,1190.4025777082977,3.4368416702846236,-0.0006359682369415351,4,2.2,89
-0.003613124555744265,0.09093397402311301,-0.8048105083774395,1.9913077569157005,0.01797441932792129,0.012647157902001762,1224.408620004258,3.3656141512919198,0.0007239853080200615,4,2.0,89
-0.00645266769418949,0.08758734022436253,-0.6940457685307648,2.0633526700298277,0.0182369241863865,0.013274816610626997,1257.7207599015912,3.2953317580535995,0.0003415829789364421,4,1.8000000000000007,89
-0.0032510246521563957,0.09263103004296475,-0.587515920362971,2.28605658877973,0.01982450913730762,0.01398979369628772,1290.3889096743412,3.2267145868392455,0.0004657212514042503,4,1.6000000000000003,89
-0.009548275829253822,0.0972881627521991,-0.5468680911192001,2.392926633273139,0.0180776591080917,0.013569669892534948,1322.3172768452014,3.16347034984211,-0.0005839426290335351,4,1.4000000000000004,89
-0.0022552350473051125,0.09330787632544472,-0.3064235688657906,2.506487651663861,0.017436640585392543,0.013942221171643772,1353.682355571935,3.101060081238678,-0.0005829232501955264,4,1.2000000000000002,89
0.0006798409537495951,0.09051191644834303,-0.2603373143557377,2.5846099811318717,0.016036574653235984,0.013198065681012906,1384.4348155286746,3.0407642097751717,0.0004902344643221403,4,1.0,89
-0.0012200315148848601,0.09343094971292266,-0.17965628953125767,2.5037141016812257,0.01553006183685728,0.011960734256908457,1414.5653388021767,2.9806353410035404,-4.312802869185918e-05,4,0.8000000000000007,89
0.010010093303312666,0.08840061456051136,0.1147544524970261,2.6292705163240893,0.01553610936636158,0.012126407752275763,1444.1433077069098,2.930573576931826,3.123688493952761e-05,4,0.6000000000000005,89
0.011736065370174863,0.08716056509341583,-0.5841244795388936,2.4433616216283425,0.016447981127821035,0.012750180685838209,1473.1497417862658,2.8693940087035754,-5.415261374161514e-05,4,0.4000000000000003,89
0.012580195376034333,0.0980722783615485,-0.7197029549405252,2.2007962998246,0.017124091226363606,0.014135069848359562,1501.5188182901732,2.8103753090212544,0.00033167628124604277,4,0.2000000000000001,89
0.016055177515738192,0.08659909610268911,-0.3988357146590755,2.7231511510868343,0.01528167028766104,0.010457406170593778,136.11142311338892,5.231640694208585,-3.4285176328112716e-05,0,7.0,90
0.014410991028582005,0.08204031775533821,-0.4131881046733059,2.8794651828934774,0.013512429325562571,0.009501294051359573,188.1491630478349,5.396789057064845,-0.0002967600315852199,0,6.800000000000001,90
0.00923806986978421,0.08955480678749422,-0.4002325301388132,2.664628378753814,0.013794231980289472,0.010156375281658622,241.6659781395318,5.32698880961805,0.0003130759818609065,0,6.6000000000000005,90
0.016171685714972562,0.09152745507781956,-0.5211850370259605,2.580535787486468,0.013449213031048544,0.009409574418143366,294.3800522329378,5.22435859217334,0.0005535658688153053,0,6.4,90
0.002104207233791945,0.09580873536893429,-0.36898666080605746,2.5035640830636376,0.014400703708549525,0.009680783991970103,346.1410269862866,5.122990458234152,0.00045020175193576404,0,6.2,90
-0.007776484483711776,0.10198823016315056,-0.8369759567567239,1.8571566623890836,0.014616698608064506,0.010560296581066686,396.82875109042084,5.024301877897074,0.0007633019473881122,0,6.0,90
0.0010697354828691648,0.10571382204749001,-0.7792694680389998,2.2061280659217144,0.01583408555414616,0.010363919935459326,446.5749553275424,4.9194181934822785,-1.9656504082739278e-05,0,5.800000000000001,90
0.008372736045581454,0.11678735040001585,0.21996808137467205,2.7756221925433073,0.016715630031134836,0.010728892570901667,495.2576031820097,4.822122439028687,0.0005356937408086561,0,5.6000000000000005,90
-0.0032117950768119716,0.12124730359093791,-0.018494183300449496,2.679566429758419,0.017773562312188514,0.011594620031223172,543.0115620308858,4.721038792413253,0.0004553910978376494,0,5.4,90
0.006201826297649081,0.12424382687530991,-0.1477410810509916,2.6125573000230182,0.018986771892083514,0.012106202950621595,589.8296204455426,4.634656118673831,-0.00014848103428029543,0,5.2,90
0.01882543014010533,0.11951816664203943,0.24926911069132895,2.685525272248855,0.01820180340898581,0.011801640948563653,635.7158410236751,4.542672748131714,-1.5307421680071715e-06,0,5.0,90
-0.0035445702411777114,0.13007247762473662,0.18439864738049572,2.586695994089119,0.017594317675696393,0.01246838796276694,680.6961859852601,4.453765217938477,-0.00020519712427394246,0,4.800000000000001,90
-0.0022474704360227506,0.12127391648375424,0.03757045505355805,2.774928495659298,0.016074413873231955,0.011777684136260236,724.7946736534964,4.36297440377392,-5.7186080607160694e-05,0,4.6000000000000005,90
0.005363694728757901,0.1117267212350459,0.8698115282629906,3.0090413736542763,0.015227042316487775,0.010753274548707604,768.0183299069779,4.272175207279407,-0.0006921951864994495,0,4.4,90
-0.0029003862296901844,0.11344257717855982,0.72464658319364,2.9660222885325918,0.014920425459298165,0.009908300399566842,810.421203010736,4.198455978783409,-0.000305382961411175,0,4.2,90
-0.007028057261004263,0.11351252939285074,0.37049933041173455,2.959400506268223,0.01636514718620937,0.011566039031757631,851.9381101054563,4.111327657303888,-0.00015144391997176394,0,4.0,90
0.008931548420735666,0.10439331879170158,-0.08846871850592741,2.461804837896168,0.016773459267880656,0.011697176002651287,892.6035229070284,4.026504197900451,0.0004235803624157583,0,3.8000000000000007,90
0.010113864678490531,0.10973169516130914,-0.14008158489862765,2.4977823740595326,0.017395289970030793,0.012458098107264896,932.4721863584449,3.941336509269326,0.000986487675670474,0,3.6000000000000005,90
0.008491370447562896,0.11523960028872512,-0.4548233074253507,2.3820970470772473,0.017234898036482066,0.012070013405105037,971.5121998275198,3.8528133737895183,-0.00016450878114440177,0,3.4000000000000004,90
0.010250066793141275,0.10846171572523934,-0.4815705871390916,2.5264719742900255,0.017930916962451294,0.013570301519810072,1009.7221224269684,3.7852108010620116,-0.000640276718296208,0,3.2,90
0.005800931541444855,0.10302787686433287,-0.17912944527230534,2.6675025904905767,0.01745996892760502,0.01330965805893514,1047.3244806120192,3.721256613645862,-0.0011261028168186452,0,3.0,90
-0.005737032149325288,0.0971584461611813,0.03900876770031303,2.828193684307957,0.017157621950271623,0.013329476866598784,1084.144645384154,3.647628663490116,-0.0012081774468307388,0,2.8000000000000007,90
-0.0004196374986685278,0.08830000848867652,-0.74826488218278,2.0928343384189576,0.015720489039668592,0.012972463709191534,1120.2453412336213,3.5771811889127485,0.00021214027563632966,0,2.6000000000000005,90
-0.009064395278036493,0.0900158545684951,-0.6589302092004221,2.4118048585126375,0.01671695062144062,0.013768189678802101,1155.703623927693,3.502826309691208,0.0007168454169476082,0,2.4000000000000004,90
-0.013631269237008397,0.09607755655738459,-0.4493691125290842,2.329120417378652,0.01687148495796661,0.015128232205583366,1190.4732680483478,3.434794269911364,0.0007754683602341627,0,2.2,90
-0.00972808032311861,0.10173343836658515,-0.6450324206118885,2.2118136169073703,0.016408779696656328,0.014108672248146052,1224.4287750520284,3.370731711383796,0.0004949238301249548,0,2.0,90
-0.0063315165018971034,0.11127036558804627,-0.840351983371177,2.028304521643171,0.014500779945786047,0.014160863957523317,1257.8126290788432,3.3038036300561546,7.594619866535525e-05,0,1.8000000000000007,90
-0.021170872608133103,0.10465588176379341,-0.45975814779675384,2.116324100762214,0.014680898526736073,0.014132215764666892,1290.4095436791588,3.2243540997169142,-0.0004890059769891996,0,1.6000000000000003,90
-0.019594089652379517,0.10140062442811767,-0.32815641834614695,2.1881060999058044,0.015263774742692408,0.014362376295716522,1322.4329954568148,3.1617660101349077,-0.0007691834816255862,0,1.4000000000000004,90
-0.0028305352845997317,0.10323490164554643,-0.6784246068864381,2.0761582669134904,0.014521387196012743,0.012561481329818472,1353.7030618088154,3.0995393748133915,3.567049497428567e-05,0,1.2000000000000002,90
-0.014314741892094463,0.09787939723683227,-0.4818018101221808,2.167074915158109,0.01443070100009697,0.01236825117385978,1384.4500749358378,3.040231731436966,-7.297897522232553e-05,0,1.0,90
-0.012979788722920278,0.09633387170411331,-0.5852860599387788,2.2054068540911427,0.018058181914875498,0.01203831941986373,1414.5463747856575,2.9883316317766853,0.0007684490457187323,0,0.8000000000000007,90
-0.0061660994588919925,0.0996684441966042,-0.7115649609943571,2.1470858796378534,0.019418919964139594,0.012819013335576113,1444.1737403504403,2.9247599514230673,0.00039343770192674677,0,0.6000000000000005,90
-0.0031193131182601554,0.10167726091969033,-0.8666279796726233,1.9838296069615482,0.017266361354747434,0.013442028896205565,1473.092223941153,2.870215235255239,-0.00018421314719362374,0,0.4000000000000003,90
-0.017714330557722674,0.09614298034153589,-0.46304868173204694,2.672533342209487,0.015312440429367129,0.012041268815152469,1501.5034371537768,2.807176723503785,5.639531532829853e-05,0,0.2000000000000001,90
0.008684702434642954,0.08800665522471551,-0.19711934104579187,2.5559520965161924,0.0164635233826095,0.010221831794592845,136.0861927309412,5.229861080673512,-0.00010086766773684841,0,7.0,91
-0.047423235544847814,0.15725825517730185,2.277347430378369,3.2807628259191564,0.018387825107949833,0.012888665702406044,188.1326195635594,5.4110926897906655,0.003910706293396214,1,6.800000000000001,91
-0.25880724031939256,0.4473567519121855,1.0256447793173624,2.9220192078607052,0.018757083491868016,0.0116935236748856,241.50217654770586,5.30934647432103,0.02127697412496115,1,6.6000000000000005,91
-0.6191939064068943,0.7398837412111524,-1.0565681303968883,2.1483993427423025,0.018867011938029473,0.012187170957183656,292.74751597196524,5.053947728963222,0.04213828566300808,1,6.4,91
-1.1099654385134778,0.9479813001296664,-1.3817574571494502,1.9671303342202218,0.019421815406177743,0.014547669805887866,340.85454777149505,4.677430132021793,0.05890975003026823,1,6.2,91
-1.6983015753214485,0.9926761208661109,-1.2028493555534194,1.7248918495906709,0.01945947303493339,0.015062977010018056,385.17809868621333,4.208233218830044,0.06410855605986471,1,6.0,91
-2.3400187708900106,0.8861334793323818,-1.020406581944785,1.5291023277076656,0.019933250549512067,0.013993044921809661,425.09510886138395,3.7241476241543547,0.05714934450952047,1,5.800000000000001,91
-2.900497758545329,0.762287065018383,-1.1810085155300722,1.362548096430226,0.020368097208636745,0.01455141248433687,460.4185456784084,3.3132925309921304,0.049126447019056795,1,5.6000000000000005,91
-3.396824878809075,0.686243863459557,-1.0849831018470317,1.2913660238938565,0.020033101986086807,0.014292741872023564,491.91041546075724,2.9470200492986702,0.04415140964494057,1,5.4,91
-3.832072465661982,0.6155775859568898,-1.028996448613527,1.249332170209786,0.020864097796414054,0.012758228476773182,519.9593964046675,2.632972222889292,0.03951323990440165,1,5.2,91
-4.208855872557679,0.5169563084714407,-1.1310573756746742,1.1826064685878392,0.02013010051371719,0.013310916246183637,545.0272776246562,2.3604572334850014,0.032877040407693355,1,5.0,91
-4.540859792422873,0.4610721382975818,-1.0187106715752399,1.1551606606343057,0.018702543495949728,0.012546974661337125,567.5348385243245,2.1201176025163364,0.029292717224758215,1,4.800000000000001,91
-4.8429203847779645,0.4015417596485076,-1.1138595653219878,1.1314577253185916,0.01752976888763122,0.012313838648408414,587.7377973471226,1.905616493405793,0.025337726722412413,1,4.6000000000000005,91
-5.1007415431093115,0.37345091718183016,-0.9982315116711642,1.139184063703914,0.017594134851799018,0.012895863713520764,605.8413727303342,1.7077417189985042,0.023242743948656417,1,4.4,91
-5.328807362672124,0.34450234811140024,-0.9633250065998529,1.0980805983484914,0.016121373067392853,0.012266980845018424,622.1774032970496,1.5371224074661622,0.021254100424542517,1,4.2,91
-5.553683334313835,0.3064567530952384,-0.9136061961679691,1.1117031592544502,0.016717073812354252,0.011729208211872481,636.8977171625801,1.3864401627065968,0.018945816311450696,1,4.0,91
-5.749504517344621,0.2871767580854049,-0.7927043540991288,1.0973746154153217,0.016837909349881688,0.011665927280485834,650.0593009485455,1.2450863919002615,0.017541118782377418,1,3.8000000000000007,91
-5.931000938338224,0.27247529080849703,-0.9577402118007559,1.0878033888107896,0.017168257297597442,0.012114367077562563,661.9014910041765,1.1189288780182598,0.01660242133940421,1,3.6000000000000005,91
-6.09725666945964,0.25959376386206184,-0.9366566143812465,1.0837926727860976,0.017681742855858076,0.010998083084725338,672.5125048737166,0.9916170490267388,0.01561493569775596,1,3.4000000000000004,91
-6.260821628793841,0.24578050442383612,-0.994025808940473,1.0716281345010243,0.01715164725976086,0.010973528212954121,681.9136031083544,0.8782355889279613,0.01473754701354571,1,3.2,91
-6.3982315764778015,0.226460164433851,-0.7049348183857522,1.0852522212416322,0.016799461373285193,0.010551845289959318,690.2948731597861,0.7862855145607406,0.01305434559018338,1,3.0,91
-6.527048557735448,0.2103272037371444,-0.4779463701590836,1.0731591873998494,0.014835491665978804,0.009967180933881416,697.7910837833815,0.7000626140377072,0.011613194842821414,1,2.8000000000000007,91
-6.642628289636747,0.1944924996884625,-0.3795353293167838,1.0545800300152623,0.013578822503578749,0.00952490869147674,704.3679969843546,0.621848598611609,0.010539751800649318,1,2.6000000000000005,91
-6.740423685915239,0.16241179235252368,-1.0527642746646109,1.0394201721129452,0.013701867688422204,0.01037356142100386,710.141873625415,0.5385740433444698,0.008502861366827678,1,2.4000000000000004,91
-6.8373660437785375,0.17381867621899044,-0.4360170308568976,1.0468832663554906,0.013711789405722126,0.010070426115609016,715.207529146723,0.4603035086872227,0.009362309221660295,1,2.2,91
-6.93623609528783,0.1647257086216501,-0.6673353990369075,1.0456001920427522,0.013256087746974145,0.009917119927449662,719.5199556656756,0.3940622270008849,0.009012009365430923,1,2.0,91
-7.02164479988036,0.15120556602194452,-1.0213921002595892,1.032932620768927,0.01431708203667899,0.009662512072395758,723.186246512297,0.3371696210504679,0.008381408146882251,1,1.8000000000000007,91
-7.12370193986397,0.17086906875714922,-0.8083472360488346,1.0434621280419996,0.015400445365470717,0.009033536429442207,726.2376621653269,0.28113355786462896,0.00981956294548534,1,1.6000000000000003,91
-7.219867377574215,0.1540232490569122,-0.958961562790162,1.0403591828758274,0.015208235049297213,0.009749311769740986,728.8420430154202,0.2308016610336006,0.008045490607318372,1,1.4000000000000004,91
-7.291598863540741,0.14022116801565432,-0.9087947229470834,1.032666858358086,0.015683856409476338,0.01058958030856306,730.8361808981739,0.17650366396809264,0.006846644282944087,1,1.2000000000000002,91
-7.370202517254159,0.1352769798537595,-0.5775504344435411,1.0355617292694224,0.015596429173265473,0.011048561932983304,732.3694251484801,0.1268272255260817,0.006781899750486383,1,1.0,91
-7.445516493801778,0.12209339181106041,1.0437581945262124,1.0480340854257597,0.014058354479930167,0.01148949232184249,733.4122218766186,0.08196655075028532,0.005207206230157653,1,0.8000000000000007,91
-7.491991625170243,0.1266552010714838,0.8215165603391985,1.0415241894974163,0.013123696487365564,0.011264478455771894,734.0634651517374,0.03709033034485988,0.005631578925678543,1,0.6000000000000005,91
-7.549139550433649,0.12320941183466985,-0.6204888312663965,1.0336495542883546,0.013893961465306824,0.011507864984122044,734.2634087722935,0.005899074103098627,0.005579245820646159,1,0.4000000000000003,91
-7.611310038766062,0.1204478906083314,-0.06884181625995422,1.0455986281681586,0.015247102466187651,0.012335963989661943,734.1169237897786,-0.03374677657977397,0.004719405486294529,1,0.2000000000000001,91
-0.0042682726614822015,0.10193092236181564,-0.4467929635014132,2.348911462847985,0.015568346959452573,0.01344756632187612,136.08427408174907,5.211356883044625,9.413411030833746e-06,0,7.0,92
-0.014268397565709275,0.10086032036179035,-0.34969112948113823,2.3520723535641497,0.015392490347992248,0.01240003314109879,188.0578366483395,5.400946881302503,-0.00027907311356623683,0,6.800000000000001,92
-0.018388524625588862,0.09923997027486318,-0.12387569766174122,2.373541159643419,0.017277482173970408,0.013442283456909159,241.62846474816476,5.323485252619756,-0.00038360691545031206,0,6.6000000000000005,92
-0.01868552481118644,0.09839909080363106,0.7312527341901518,2.8643416121737335,0.017768903237582113,0.013559619410240075,294.3186012664577,5.225914108202602,-7.507668999587153e-05,0,6.4,92
-0.021266555549813174,0.10099018034955635,0.4897044363309324,2.7795438933646985,0.01868019784697218,0.012736088277240728,346.0861304882244,5.121832342231635,0.0003153160898461837,0,6.2,92
-0.020496099045322732,0.10744881333623804,0.029657385679326964,2.6226755984295993,0.01851240448765548,0.013524157166363175,396.8808083743703,5.019727217944632,0.0004852310251900864,0,6.0,92
-0.017242995922056418,0.1032354640807067,0.21554745091879512,2.74118592039849,0.01926808137862684,0.014076244768817883,446.52407494274644,4.920345531518024,-0.0001364174609381307,0,5.800000000000001,92
-0.01979228879225864,0.11170761206938735,0.23219720736576166,2.5289077151229113,0.021032711138903527,0.014490290304282933,495.2478050457866,4.827548285395889,-5.2855635293213064e-05,0,5.6000000000000005,92
-0.016075382733491846,0.10508566774607955,-0.208400833213636,2.4569276978032666,0.01985149500491499,0.014717491990431826,543.0431704196305,4.728915398698394,-0.000996575334755723,0,5.4,92
-0.012394144165947196,0.1017036993827441,0.08456824635553417,2.5495136653826154,0.0188713230276443,0.015111010316253035,589.8365575762294,4.630011176924608,-0.0006702252797635864,0,5.2,92
0.006103513988791316,0.10583420332921435,0.221583933055145,2.4643271517212337,0.019770318529912085,0.015394659061165541,635.6818961768653,4.541827839016911,0.0007359794666203499,0,5.0,92
-0.00025566242077200126,0.10772986286133776,0.03947917754112096,2.4250614677163966,0.02046616392398091,0.015221683384768833,680.6524819895335,4.4455028316022895,3.820740624683498e-05,0,4.800000000000001,92
-0.0030056975220919884,0.10196591126199495,0.4689784327472619,2.74623004077984,0.01924659520323196,0.015262073106844477,724.702704337901,4.359066317455105,0.00044364041988381525,0,4.6000000000000005,92
0.0024761229764471075,0.1098700426190028,-0.11033180308937718,2.549133392093399,0.019861142748620927,0.015220082252709887,767.855253474713,4.2745242608912335,3.8964793758003074e-05,0,4.4,92
0.009575344486685752,0.10995791132093662,-0.17420751061861894,2.537955858098082,0.019400672343206794,0.014111877238311405,810.1961664303291,4.189762054504684,-0.0005779061054175417,0,4.2,92
0.0026095592257343713,0.10438371160531724,-0.23900631717764975,2.6829537952004734,0.01862871131504246,0.0139950458370447,851.7370673811552,4.114317340543084,0.00044421694937853514,0,4.0,92
0.9135897161465709,1.8303846299688986,0.29158895129657614,2.4695792153799796,0.06196276808802351,0.09141499600631345,892.5190922442847,4.038283166529066,0.08103058768767933,2,3.8000000000000007,92
1.7743134757694667,2.162108987894634,-1.7991621844260979,1.8025620909314175,0.10876724064998497,0.11562405112001517,932.4497924060598,3.9583109870550772,0.11616441124637462,2,3.6000000000000005,92
2.600755653216184,2.136424376612722,-1.8137584867799037,1.4949928140570692,0.15647994148642377,0.11691544424051836,971.6046177498789,3.874328996636318,0.11252981198756305,2,3.4000000000000004,92
3.439496818174917,1.7348887801702126,0.21413003122601681,1.303555093655282,0.20454374423166108,0.09662375447055971,1009.9207796872552,3.7855208388642247,0.07143589591321776,2,3.2,92
4.273989867901877,0.1908920700358211,3.882685914492506,1.1714015661915547,0.24925655234021285,0.022019930709598526,1047.4448170583787,3.7079182320637374,-0.007034215458924083,2,3.0,92
4.216113710319531,0.10717958742614261,-0.5620180275085715,1.050725562449393,0.24946664442410232,0.02291734636327187,1084.2064803719177,3.6403214685490544,-0.0003790458960834102,2,2.8000000000000007,92
4.20626452478031,0.09981662477492736,-0.31940780984804595,1.0532287576469228,0.24928460705742533,0.02381030861879568,1120.3394921755792,3.579694889285831,0.00022041677110811144,2,2.6000000000000005,92
4.202206522498307,0.10063508517353735,-0.14482933122256814,1.0552097153770572,0.2454898932419805,0.024373645985057535,1155.6755506193317,3.508251357499926,-0.0009351414753733788,2,2.4000000000000004,92
4.204148344201456,0.09267212274637095,-0.1965065778975954,1.0547675930611495,0.24481264474377767,0.023923768119798825,1190.4570132392757,3.440174643508485,-0.00036952609896869024,2,2.2,92
4.199915185844038,0.09065949934919809,0.08089958390013408,1.0558410196383359,0.24822388972955559,0.0214920647885574,1224.4341126697448,3.3625306247572992,-0.0010314397642987281,2,2.0,92
4.198284938818331,0.09275446708056029,-0.08257753866504203,1.056239551006443,0.24999850709363136,0.021825094613346266,1257.7666593220565,3.2927149439605294,0.0006544723153065844,2,1.8000000000000007,92
4.197569344121123,0.10016690322415482,-0.07748705549481238,1.0563775410102332,0.24880364693463874,0.021044814266805725,1290.4540736775286,3.2413294624092015,0.0006799721027475438,2,1.6000000000000003,92
4.204741729845953,0.08701336808727604,0.10622181868265734,1.0536338770736031,0.24995170328610036,0.020181179635872733,1322.4262291777552,3.162294771951668,-8.252238372786683e-05,2,1.4000000000000004,92
4.19438639871353,0.09048362941545643,-0.13279192094166659,1.0562159383807097,0.25009345590875276,0.021106879238556617,1353.7203617097714,3.104344714038547,-0.0003999411731887823,2,1.2000000000000002,92
4.198221546588939,0.09402003651883113,-0.43727626828625965,1.0552323733000135,0.2508657632859454,0.020966739236874147,1384.5417635560714,3.0427350180873933,-0.0006923768521033666,2,1.0,92
4.192122911585845,0.0868403645884925,-0.05265698478676084,1.056804997210754,0.25223114821655307,0.01993335491173816,1414.6990780113256,2.9828218786210337,6.85025204017083e-05,2,0.8000000000000007,92
4.192971937137338,0.08089974798827697,-0.6648823703016298,1.0341704937374725,0.2542152951608472,0.02070612306015766,1444.1855501005875,2.9372309347662107,0.0002924391982116162,2,0.6000000000000005,92
4.18500262790755,0.08914467346159746,-0.6345798283353266,1.0360984726809896,0.25527679854910207,0.020480408038439892,1473.202271392325,2.8696788953221986,4.508090113808042e-05,2,0.4000000000000003,92
4.193716440472393,0.08849477721094369,-0.5583155672071367,1.0339499185423984,0.2554390368566804,0.018989971737971963,1501.601598079915,2.8058536618604095,-6.213919595513443e-05,2,0.2000000000000001,92
0.010676581646383642,0.10753381347171385,-0.39986574172009615,2.5068020825576247,0.020337862610589105,0.013042055179432261,136.04503614797457,5.224708683297001,0.0013679608527381471,0,7.0,93
0.008982600382173227,0.10814965924848972,-0.6191912637423806,2.496261473317754,0.020592058940739264,0.013277681077381896,188.00458364991428,5.400292280225281,0.00028918114432086104,0,6.800000000000001,93
0.000613304853494653,0.10707222683945981,-0.49608329289023345,2.5301969527389887,0.021130292486400054,0.014738605520493433,241.5363090388863,5.330213826511607,-0.0002176811644939438,0,6.6000000000000005,93
0.006721144833064753,0.10592808870707796,-0.34060882874239296,2.5523314239295924,0.019814733514843075,0.014917608643688022,294.35725052925306,5.223465987924574,-0.00044607632652834375,0,6.4,93
0.0028846681963985003,0.10338422363573826,-0.6064012641185412,2.1796411193504586,0.018879925098541007,0.014160539968275139,346.0554478226927,5.120632240397279,-0.000541004735615332,0,6.2,93
0.0031790394521886913,0.096822928324174,-0.4154936317386655,2.326991250358227,0.01923186545693074,0.015129386408324282,396.74419916166283,5.020499510842962,2.531417981830261e-05,0,6.0,93
-0.0032375628954850254,0.10572375129088797,-0.11240755338119612,2.427232029956111,0.018227021586843986,0.014841408903523605,446.4832960017617,4.917502112915269,0.0005501884336498603,0,5.800000000000001,93
0.0004953413767830343,0.10132842060890397,0.15494717985858442,2.533698758256571,0.018168502047620976,0.014035763197803409,495.17097389322294,4.820823319826198,-0.00041933995106754104,0,5.6000000000000005,93
0.015561567311737926,0.10726054823105227,-0.12555128316714592,2.3683013095079914,0.017459513824706663,0.013134199986940235,542.9953779735984,4.737102038348094,0.0003648710314878308,0,5.4,93
0.015864559138584998,0.10916267568707295,0.8388380542580536,2.867184507555682,0.01781731996729011,0.012645048120488762,589.8329595283266,4.642692140640127,0.00013266686783877082,0,5.2,93
0.01909613189732748,0.1079770395984076,0.980842172227419,2.8840746779909683,0.018832888521982786,0.012781229470062399,635.6946928978455,4.541410422625025,6.563612203896257e-05,0,5.0,93
0.031163599176857907,0.09926382487022305,1.3545364059548213,3.0378008210868392,0.020610298319473107,0.012637319221854598,680.6610419101711,4.447200053913156,0.000547250860160458,0,4.800000000000001,93
0.027199710297938422,0.09987256355847438,1.1649020885268149,3.0540154241710207,0.02065926775068828,0.014132378272185397,724.7454781755259,4.353631844460538,-0.0010817360738177271,0,4.6000000000000005,93
0.01341763230590875,0.09206632933492843,1.5233517676009223,3.3994068874257297,0.020933301202147182,0.0140907524279129,767.9232022697314,4.28206126591273,-0.0005116756903720623,0,4.4,93
0.013490230675293804,0.08535859622052398,-0.9946770605486712,2.353964321069454,0.020199039972341806,0.014051269721502793,810.2924046292435,4.202073418333231,-0.00018258476221887218,0,4.2,93
0.004594891830618269,0.09025917686645675,-0.11443877605775388,2.84892754364293,0.018142423966983293,0.0125693939336361,851.8040290379046,4.1106374865966595,-8.305963241341264e-06,0,4.0,93
-2.1660681026630497,4.373152357381604,0.31078372673785637,2.478026870226576,0.017005248510045035,0.01265097211565798,892.5251083725474,4.028260581355207,0.03345789972113291,3,3.8000000000000007,93
-4.187935962016405,5.178140899012129,-1.8002727003226222,1.8122277223196124,0.015386496447031975,0.009862928296882035,932.4856533183797,3.949169012552484,0.06160708242496487,3,3.6000000000000005,93
-6.196317288382473,5.112493491010891,-1.8197037379011511,1.4993617775892556,0.015017577955784133,0.009654913165168984,971.5717214279523,3.876705109488414,0.06871648525627284,3,3.4000000000000004,93
-8.204538480779767,4.149731490027264,0.21435629430546577,1.3073639727789754,0.015010864020343639,0.010459772797726277,1009.83459401245,3.7960020698656125,0.05357085499269762,3,3.2,93
-10.20860922869501,0.3966279140456167,9.161159369677334,1.174194430762813,,,1047.4616481761948,3.7151928567144643,-0.015898005014392643,3,3.0,93
-10.055984862529183,0.02586453074100519,9.16115936967719,1.0115860072192855,,,1084.2862074265022,3.6411694033107724,-0.0010367259208289331,3,2.8000000000000007,93
-10.046032064274875,0.001686653729508161,9.161159369676948,1.0007564846787036,,,1120.3333415958896,3.572602142166921,-6.760600678802731e-05,3,2.6000000000000005,93
-10.045383031649356,0.00010998849473627967,9.161159369608695,1.0000493352054614,,,1155.6620222618235,3.5033720787088103,-4.408660053708454e-06,3,2.4000000000000004,93
-10.045340707537258,7.1724674501252396e-06,9.16115936769716,1.0000032172186821,,,1190.3625771268296,3.4289618410985128,-2.8749344015895497e-07,3,2.2,93
-10.045337947536614,4.6772427902573166e-07,9.161159363229197,1.0000002097983465,,,1224.3402922498617,3.3633520743229015,-1.8747754848227953e-08,3,2.0,93
-10.045337767554019,3.0500800583034515e-08,9.161159350062224,1.0000000136811749,,,1257.6789515004007,3.3019038198593664,-1.22256115123074e-09,3,1.8000000000000007,93
-10.045337755817162,1.9889902710210026e-09,9.161144173129701,1.0000000008921641,,,1290.2499156541217,3.2294368759370293,-7.97245007067044e-11,3,1.6000000000000003,93
-10.045337755051788,1.2970391312189786e-10,9.161255850609379,1.000000000058179,,,1322.2561027316747,3.164273655633644,-5.199001010624157e-12,3,1.4000000000000004,93
-10.045337755001878,8.457682399105468e-12,9.16216086255921,1.000000000003794,,,1353.6730601142644,3.1050698916279904,-3.3893347002676164e-13,3,1.2000000000000002,93
-10.045337754998624,5.510979377883341e-13,9.197606375728148,1.0000000000002474,,,1384.4593133722842,3.049363046899195,-2.2003428232651182e-14,3,1.0,93
-10.045337754998414,3.4199047320093007e-14,9.531849590516826,1.0000000000000158,,,1414.5947588689805,2.996651810615173,-1.2625910360867919e-15,3,0.8000000000000007,93
-10.0453377549984,1.4796930398031855e-15,,1.0000000000000009,,,1444.2090155975188,2.9250472145210127,-6.532223435505509e-17,3,0.6000000000000005,93
-10.0453377549984,0.0,,1.0,,,1473.202289920155,2.8624110668302296,6.139906278461508e-17,3,0.4000000000000003,93
-10.0453377549984,0.0,,1.0,,,1501.5391162603792,2.8038500469695364,6.139906278461508e-17,3,0.2000000000000001,93
-0.03180512075196858,0.08044155056584669,-0.4665956607052588,2.5377528276933177,0.014691630374234918,0.011096612304918608,136.05833190729226,5.222924617846715,8.764036840289224e-05,0,7.0,94
-0.030640202590240008,0.07774460414550374,-0.1920384848775054,2.6269445878527486,0.013744205336149094,0.010767642631352334,188.01899485627737,5.397193523033949,-8.388122555450661e-05,0,6.800000000000001,94
-0.025891518476792705,0.08961586579647877,0.713150769302068,2.625624747826492,0.01421557283549177,0.010907856600379148,241.50446635826302,5.332300032239298,5.676539735672547e-05,0,6.6000000000000005,94
-0.02372067636817337,0.09257134772364992,0.6476360542958433,2.5633560184568833,0.013854664088205161,0.010800956951798018,294.3735742699636,5.228509740904201,0.0002890609910526062,0,6.4,94
-0.011181149108879915,0.09177521124161732,0.1906032370580828,2.6508069174202413,0.01391315358186727,0.009604741380947803,346.1564885443042,5.126519862056273,0.0010093263030145501,0,6.2,94
-0.0008729839224553832,0.1044320316051437,-0.29178758750422595,2.3470293338513897,0.014914299897449173,0.01124443290675218,396.8399754592883,5.024724433515364,0.0010047270758464866,0,6.0,94
-0.0031996545593018597,0.10811977248840174,-0.48511266831289435,2.266045554337466,0.016453160617118795,0.012847128265597411,446.58764655305816,4.917196554799913,0.0003212305139749491,0,5.800000000000001,94
-0.014470723025679972,0.10443119355127982,-0.4825556409307019,2.323113383441619,0.017079442007145538,0.012692123398807991,495.2962796285065,4.815745584988851,0.00012736675908030893,0,5.6000000000000005,94
-0.02039615963472647,0.1037000779380008,-0.5584211524191001,2.3170109062370763,0.01769654389752441,0.013065413847261254,542.9678780949539,4.719287719645404,-3.870409831170097e-05,0,5.4,94
-0.013077666565255964,0.10631762240292347,-0.6254854743259464,2.28655573404904,0.018129001417551062,0.012764667848719987,589.7411198210837,4.631201503966141,0.00013459277828609093,0,5.2,94
-0.009712718362646193,0.11379972046679661,-0.2709238718264815,2.7004813729076704,0.01751836525899181,0.011943745665221469,635.6484877809727,4.54164489236462,0.0012065733184125293,0,5.0,94
-0.006840571924120194,0.11164384932548778,-0.18702730584550986,2.757562986543421,0.016127765116724594,0.010622570862781499,680.6313997777626,4.455079045293463,0.0002635999589667461,0,4.800000000000001,94
0.007975966155499097,0.11275113693112657,-0.25749284729867705,2.7287490208936758,0.0163147962110083,0.010665629377130647,724.6197448530464,4.357786758656675,-0.00048251452345724995,0,4.6000000000000005,94
0.018543006777721294,0.11136224867441137,0.16764290778153956,2.731456916135012,0.017335508624570794,0.011340679058791481,767.8821658269953,4.272948845593564,-0.0010043571575568176,0,4.4,94
0.008807635557126397,0.11188829895188449,0.12095019815447561,2.7481290936838576,0.018311884130800527,0.013200284040178657,810.2694047609818,4.194426463306368,-0.0007435761967842615,0,4.2,94
0.008187797404233517,0.09911141859828211,-0.290072949405614,2.2311120872732775,0.01810150083412175,0.01279733770179696,851.7901921958551,4.1172090938452355,8.591956743642795e-05,0,4.0,94
0.015391867473491123,0.10304286374016199,-0.11881327277263498,2.3994852423712145,0.01716098936752072,0.012506226883760805,892.5176181772013,4.042650391088384,-0.00011368089850143391,4,3.8000000000000007,94
0.008048195890078382,0.09877323607816857,-0.09365443146664143,2.523010659018176,0.017018452581758492,0.012030780868579703,932.5358833356605,3.949926632558851,-0.0002469621985326978,4,3.6000000000000005,94
0.0016744663950842265,0.10010815028642794,-0.38488498214551425,2.4974287190490836,0.01623698075296268,0.010618474746616856,971.6396976962013,3.868237866287203,-0.00024599618808170717,4,3.4000000000000004,94
0.000756012718701093,0.0953468624987887,-0.2179880797167364,2.6224316978041804,0.014029492286253352,0.008675382263356545,1009.9774619195126,3.7936197850673263,-0.00033416302335211094,4,3.2,94
0.0005992452014972818,0.1007593980239728,-0.38294972414328843,2.4815962330437116,0.013369332129605525,0.008975417920810266,1047.5871522044185,3.7199582055412086,0.0002728141250297932,4,3.0,94
-0.0028515221068458664,0.10869113028167018,-0.7831939546498812,2.034879089279476,0.013313843957820825,0.008817446964567337,1084.3333705977182,3.640370396808642,0.0010791419022111164,4,2.8000000000000007,94
-0.001597275126229292,0.10963213766349772,-0.7358348425528334,2.0179028677641675,0.01506287958047622,0.011249940755010986,1120.4255475044004,3.568732515447601,-0.00011254033935534485,4,2.6000000000000005,94
-0.010746744557855759,0.1097663763636238,-0.5616430152040883,2.005867378839796,0.015175471077941864,0.011922314931717321,1155.8097966216524,3.4961040148462357,1.2786762793391968e-06,4,2.4000000000000004,94
-0.006959637562827895,0.11009531872064314,-0.6020100984791386,2.005546180123839,0.01603555811360964,0.011372380352529746,1190.4387352551807,3.4277576537344454,-0.0011806889086749064,4,2.2,94
-0.015788626507865895,0.10575866783182178,-0.6143850764735523,2.044031043168526,0.01714703138265099,0.012430577385586422,1224.385300347054,3.3678637259493196,-0.0006865423822067931,4,2.0,94
-0.01777716573094139,0.09528504273676176,-0.5229828936566245,2.1089735265578917,0.0187621928725501,0.013611555562434789,1257.766291627619,3.2979376094598476,0.0004549778049846766,4,1.8000000000000007,94
-0.01149886124772493,0.09495874825882077,-0.5846519992218866,2.1375419930644814,0.01623585412611009,0.012491923003863323,1290.4181156748052,3.2340413767455543,-0.0002920798347542574,4,1.6000000000000003,94
0.001821922601961673,0.09131213909756042,-0.6023814402872123,2.1140312318425876,0.017230748325984688,0.012510740960848952,1322.4439183707927,3.1734190735356567,-0.00016015944745275025,4,1.4000000000000004,94
-0.0012200991860238683,0.09136771172446871,-0.6770528141683512,2.112982273406289,0.017796144338361266,0.013345506510180254,1353.8013478548137,3.102235591043502,-0.0006903521555414436,4,1.2000000000000002,94
0.000573062959439104,0.08518902063025437,-0.5979439573468528,2.215733571779446,0.018185424965589992,0.012644244051778119,1384.5882421225988,3.04523731340583,-0.0003900139407497438,4,1.0,94
-0.00037422546632488187,0.08431955400811302,-0.04803173568635177,2.50511186484291,0.01777559817232348,0.012819974471500689,1414.6219899962962,2.9761329307333177,-7.832202530899513e-05,4,0.8000000000000007,94
-0.005515845971108182,0.08219489478563793,-0.12633353551025106,2.564008063010427,0.018684840062067654,0.013107440282488069,1444.1479361903394,2.919095778756552,-0.0003447610313360634,4,0.6000000000000005,94
-0.009172102905087668,0.08673400009947702,0.0171815463860443,2.4216229519796117,0.01807748807063632,0.013825200277037816,1473.0826197559509,2.867411996544968,0.00029003529435933987,4,0.4000000000000003,94
-0.0006228384655569552,0.09511525805584053,-0.13842137520953957,2.220752182670724,0.01647099800520568,0.01350944222265412,1501.4963170820558,2.8102324011550226,0.0006567551566911177,4,0.2000000000000001,94
-0.010783056073776536,0.08511041011061372,-0.16188372555303898,2.3734605653304754,0.0130177575358689,0.012543823512395243,136.0774746471308,5.218333370858502,-8.825981165842719e-05,0,7.0,95
0.006013863803186296,0.08316983644171558,-0.5154578376607688,2.442144157166982,0.013021569253751294,0.012264479045660331,188.0515299937064,5.396251001451051,-9.6412865468254e-05,0,6.800000000000001,95
0.01598017592110366,0.08921853712016915,-0.862948737813702,2.246170965087573,0.013672331015915962,0.012734193836913143,241.52784223015934,5.321389395498834,0.00043849607945399614,0,6.6000000000000005,95
0.019794656980945284,0.09622150917835517,-0.25303005374832566,2.5062929010555313,0.015083764931079014,0.012767178085833,294.2134821899953,5.2210525910659955,0.0006649070334396774,0,6.4,95
0.01748587534638072,0.09572021876038125,-0.16521098413074853,2.530519289787269,0.01458715458284825,0.011234651715991993,345.93981893887394,5.120831302118685,0.0008161621301391521,0,6.2,95
0.024260269700113257,0.0957315260197692,-0.05253828561692053,2.492563420679233,0.014534080270784741,0.011703327028406863,396.70612302637585,5.024294633217388,-0.00022859997357315432,0,6.0,95
0.001807273684931372,0.10269835574965969,-0.5865256908976235,2.3980178047989957,0.015410333845562346,0.012547914030546472,446.41785007978535,4.927835944367979,-0.0005711138421224434,0,5.800000000000001,95
0.0004997495420885276,0.0978267720068601,-0.2536881713486663,2.5177986528348804,0.015372261111617345,0.012190782977196958,495.1993026160862,4.832422475604325,-0.0003961803842655463,0,5.6000000000000005,95
0.0038234770191350204,0.09203131397979158,-0.5364583327021344,2.278793058959777,0.015993524047686645,0.012684189877422734,543.025755504589,4.732202948895707,7.99656820051893e-05,0,5.4,95
0.0017881233317842316,0.09073999735904201,-0.5101471809735503,2.3127986939429457,0.016657191334434048,0.012393025694256885,589.9034963863608,4.638136524157329,-2.9246457483626263e-05,0,5.2,95
-0.005304803517442202,0.0930896947448457,-0.4332556600302433,2.326439936442946,0.017852476728025514,0.01158169218601827,635.7770305110942,4.545269129219343,-0.0003226530384792118,0,5.0,95
0.025671650908253865,0.10079522531897342,0.6359790363427553,3.0544691901244914,0.017781016903917413,0.011442226266026622,680.7860734723164,4.451032926487839,0.0008449453766557082,0,4.800000000000001,95
0.009502519963913436,0.10938622607901306,0.19642764434825466,2.8951088272764203,0.017761165495820457,0.011754043939483155,724.8211616969652,4.357465076978208,0.0007460826825127625,0,4.6000000000000005,95
0.011074611497251714,0.11640397364054775,0.05935099371076502,2.7184983431266074,0.01703788320886279,0.011778895978339992,768.0197480456649,4.273132379562959,0.0011807678613634924,0,4.4,95
0.012368545910029347,0.11917330113382993,-0.059652292784297956,2.6530204390903442,0.017288722160270317,0.012677370642497588,810.258805582025,4.184530250541399,0.0004924044104938185,0,4.2,95
0.016786225627569346,0.11558401137278422,0.021532229696785254,2.7212701185203754,0.015396969308980584,0.01217002532898804,851.7951073543412,4.108505873887324,-0.0011014509566246358,0,4.0,95
0.008548671538612811,0.10990756134073096,-0.34431869374315527,2.623519957455904,0.014863479293247366,0.0122639306498802,892.437459689824,4.029143308358148,-0.00026143596983290454,0,3.8000000000000007,95
0.012296544686065463,0.1098082961043288,-0.3556307201810873,2.6172922597451986,0.015861843618471615,0.012643408228845803,932.3903552392545,3.9534217822274353,-7.3653083837921e-05,0,3.6000000000000005,95
0.00010050532156241438,0.10907877172657732,-0.2078327752449245,2.669975185519788,0.01845785590244766,0.014756150431549328,971.494377210073,3.879228470854891,0.0005797294668402746,0,3.4000000000000004,95
-0.0013457137436946125,0.10719981088929266,-0.3073571940189117,2.7165563496766683,0.017446172405303582,0.014728716446394275,1009.8461366577262,3.7892497449761766,0.00021788222448396012,0,3.2,95
-0.002728491796610939,0.10798677202407292,-0.4073917849488211,2.696098031557522,0.018568171076475525,0.01498279762371004,1047.3906625388802,3.7183302014845254,-0.0011590692307872923,0,3.0,95
-0.014304265846212338,0.10573618790217937,-0.45820037628479815,2.7290167761332698,0.018795606973905022,0.015402363498094295,1084.2676711930653,3.644191168278641,-0.0005392344539333395,0,2.8000000000000007,95
-0.01286949229150661,0.1117036908127157,-0.04697564385347608,2.589755279474468,0.019589178578069487,0.016074432196093016,1120.3097933489892,3.574073230192628,0.00023976871444052664,0,2.6000000000000005,95
-0.015380451155878156,0.1055322181880683,0.001335161970130283,2.7287926923686934,0.01695275517198068,0.014274552125189213,1155.6886785173483,3.50742356721701,0.0004649931271330963,0,2.4000000000000004,95
-0.012259024171591432,0.10909514262041786,0.0759080923833908,2.6511016964212413,0.017671524120101197,0.013831420011372069,1190.4211771939144,3.432314847156175,0.0002129850879451566,0,2.2,95
-0.009235513078935746,0.11215007694430242,-0.10843413166257632,2.5865137032345795,0.017097576321719165,0.013901192446932218,1224.446769992739,3.3679634321404794,-0.0006031267637812513,0,2.0,95
-0.0032357483986002245,0.1125002650672778,0.1831529060743371,2.586277010644878,0.016503915535844644,0.012384317414666054,1257.7212006617638,3.299693666017614,-0.0004162379084354023,0,1.8000000000000007,95
0.004848898090303034,0.09477632259653483,0.31152259948872363,2.4798616717991804,0.014597996017516515,0.010638913756672115,1290.4184634602796,3.2332750815720646,-0.0008227002030438843,0,1.6000000000000003,95
0.013803706220292967,0.09597138501497295,0.5522750832030701,2.6905829002830712,0.015529701090938293,0.012308131456691712,1322.4229439406874,3.1678340053374234,-0.00036031324618649243,0,1.4000000000000004,95
0.013414006741936324,0.09590359581319916,-0.04331487318672789,2.6939980930741516,0.015268789432884572,0.013189111012342103,1353.7853106646353,3.1029676398613266,0.0003720683076734791,0,1.2000000000000002,95
0.01635754467946519,0.09862756427962033,-0.16785118239707453,2.609246332318002,0.01597210475021459,0.013109541276084852,1384.4502668953996,3.0395296337781854,0.0006833164819064014,0,1.0,95
0.0026085911932824868,0.0980353362773899,-0.3425680385599228,2.660632364144905,0.01625650066667367,0.01330128867165205,1414.6465150899155,2.980893706252442,0.0011712900899163417,0,0.8000000000000007,95
0.008686719520793642,0.10961145906216406,-0.8585084519630901,2.372909509768303,0.017881189945562443,0.01625615262751204,1444.1589837430602,2.923460551637411,0.0003098580831298824,0,0.6000000000000005,95
0.006004023717941032,0.11616371854599632,-0.3323112746291659,2.858030721819971,0.01745969403367587,0.015234083716063005,1473.094069473454,2.8664771064430448,0.00027799339176737964,0,0.4000000000000003,95
0.0033246983304825715,0.11351259071142356,-0.05565749264013853,2.9274837259776665,0.017296481990332565,0.01552357435200798,1501.507547503654,2.812926071588256,-0.00010220066659593468,0,0.2000000000000001,95
0.01873345024816051,0.08686919584903738,-0.5209689237888377,2.298322564378408,0.017805782384491594,0.012320066547943742,136.1425571829977,5.219331386317421,0.00012224114527669097,0,7.0,96
-0.0421912934664612,0.15822589690818678,1.9896086805075672,3.2187017243485814,0.01688303004914502,0.012301980312047935,188.15097336853069,5.4060118557691235,0.005079965876294943,1,6.800000000000001,96
-0.2496701509809709,0.45269917207926574,0.5305420248591526,2.7457454146148628,0.018652580536918234,0.013360975702764994,241.49843130565816,5.307767034186591,0.02119581434898423,1,6.6000000000000005,96
-0.6226114861470484,0.7495698964807213,-1.0054339397564993,2.2623129919223053,0.01779290855697848,0.01332138172365177,292.72154929491484,5.05640910402051,0.04267331816827036,1,6.4,96
-1.1232007976863263,0.9538869457137231,-1.3955739203438855,1.9294097080129735,0.016851418027092908,0.012903611492070706,340.83313439877196,4.678949200793327,0.0591497465887765,1,6.2,96
-1.717349881708661,0.9878007107071107,-1.2596125903422144,1.5805802557143862,0.01831370413876117,0.013338040081917125,385.2279497344955,4.208899579463644,0.06379979884370282,1,6.0,96
-2.3507332218021175,0.8736903943896825,-1.0386180926212034,1.5105096364014496,0.016826473112542484,0.013850897178517525,425.13443833276636,3.7234876546561373,0.05616740286513817,1,5.800000000000001,96
-2.9165280619664595,0.7542539870386255,-1.1205359855266888,1.3954692112121698,0.015280649574192449,0.012083990754671042,460.4973595348407,3.316075789209394,0.04858880217382695,1,5.6000000000000005,96
-3.397695584728096,0.6643325021355492,-1.1303873824624775,1.3065159000019066,0.01583292073996688,0.013141839563662452,492.0413777001499,2.952315394267907,0.04265954745205944,1,5.4,96
-3.827855680113138,0.6062334013692938,-1.0135168470034388,1.2562285669736117,0.015341202330492862,0.013423076936436516,520.1054037500277,2.6315914226876544,0.03892501450807887,1,5.2,96
-4.2082339630456325,0.5281987964585859,-1.0838368351971757,1.200490735219176,0.012835643692286158,0.011925029216511692,545.1846309107839,2.3618174111184524,0.03372767554025207,1,5.0,96
-4.5456103644144505,0.4685779284114731,-1.1651018349731022,1.148180418324242,0.013841259024054064,0.011526807233107795,567.692989953607,2.1159415348344606,0.029836886116273935,1,4.800000000000001,96
-4.828422029783514,0.4079965976368659,-0.9263672556604807,1.141621273713782,0.01284366018940302,0.011246110774864248,587.8387754326551,1.8992226207389908,0.025648133041585475,1,4.6000000000000005,96
-5.089888136567664,0.35647000146367547,-0.8898292680353035,1.124095249475157,0.012526508270380638,0.01048129452976213,605.8794370355847,1.7052748612595743,0.02206796027708126,1,4.4,96
-5.316857349402493,0.33485957783853476,-0.9930477318103637,1.1028458678843278,0.012448920781321765,0.010407842811195268,622.2169557051407,1.5351627367685208,0.0206217329434986,1,4.2,96
-5.532135229172488,0.31493957483602836,-1.1498357611857313,1.10958604912778,0.01378473563518508,0.011963385292782338,636.8256864193534,1.3821556563573434,0.019350974805432786,1,4.0,96
-5.7263533094045895,0.3105791338990298,-0.9035490078342425,1.0818834110792634,0.015540846679397867,0.0134164325187185,649.9997758910698,1.2458724157267804,0.019105702237774573,1,3.8000000000000007,96
-5.918108787657685,0.27860800190304824,-0.7740632192300727,1.0854760782088662,0.015997876341138095,0.012852322916196686,661.8376881672083,1.1208093713748226,0.017041504264485443,1,3.6000000000000005,96
-6.0790503839485925,0.23831257000439948,-0.7641331997076213,1.0618257284879844,0.015370475467744367,0.012278868983308305,672.4712839866565,0.996498808644116,0.0144090515956021,1,3.4000000000000004,96
-6.231391747861806,0.21723161290197432,-0.5721629330878986,1.0774000814312146,0.016976493060486035,0.012484596004089667,681.9043672259982,0.8904100681152016,0.012842300198598637,1,3.2,96
-6.363257096996738,0.1931540291615278,-1.0859760458989574,1.0575869270075782,0.016995306254869752,0.01258796543468712,690.3722988056287,0.7923049262750586,0.011251397795698413,1,3.0,96
-6.49015801842312,0.195903693137703,-0.9873690969427513,1.0609312664480233,0.015985255290904162,0.012327162922668939,697.8480877875634,0.702554919302135,0.011385878898817233,1,2.8000000000000007,96
-6.606712504536856,0.20107021890507848,-0.7621550521608458,1.05992827074712,0.01792739215531894,0.013907713047722594,704.4160456415127,0.6170751325408559,0.011526011851310233,1,2.6000000000000005,96
-6.725326490439925,0.18773361194509364,-0.3997506404058293,1.0627598945152326,0.018307796220766778,0.014817799101589778,710.1622636913896,0.5326204444048325,0.010501572011519552,1,2.4000000000000004,96
-6.8327709490707775,0.18137790343788404,-0.8719632114870182,1.0486427605011102,0.01662163736690868,0.014240778205756616,715.246976596391,0.46610145187731356,0.010293806014905295,1,2.2,96
-6.940085704243902,0.1711836630708385,-0.7256072006261651,1.0473735800216661,0.01577498039565258,0.013186514409249117,719.5582892259579,0.4005634216644243,0.009252069543654718,1,2.0,96
-7.033098123402108,0.16674992152967888,-0.41305754110195103,1.0534239718134488,0.015631150707117455,0.012446383832230169,723.1682583740544,0.33534575507932773,0.008742134646184105,1,1.8000000000000007,96
-7.11761699158552,0.1536413754362121,-0.7517700551417565,1.0409640109136837,0.013725227758509994,0.010494241322609003,726.2620821621902,0.2773666098321583,0.00771330509288914,1,1.6000000000000003,96
-7.201536207905291,0.14355614946532724,-0.5072868350776445,1.0325811183960352,0.012761896635151348,0.008778808837294741,728.7887092325492,0.21544012006100874,0.007209191168896375,1,1.4000000000000004,96
-7.278714179986711,0.1384268398910363,-0.07780078882114472,1.0440103454675582,0.012423920547421865,0.00932205832640242,730.7828941849631,0.17888044427295854,0.006899810459539834,1,1.2000000000000002,96
-7.35861011097982,0.1455892891115146,-0.39640281171056335,1.043476561415574,0.013583534518669787,0.011223503207068471,732.2356109821449,0.13003344556633264,0.007211168880856366,1,1.0,96
-7.443654964856615,0.1554408276640172,-0.744207092161687,1.0389176716936526,0.014121713050597933,0.012714004052085516,733.3729196400894,0.08562622770646179,0.00828700119204599,1,0.8000000000000007,96
-7.507564073012851,0.14011408522445815,-0.9179662158060777,1.039357081634543,0.01430506711581403,0.013710228873832248,734.102268732458,0.05373501669064415,0.006079321205665279,1,0.6000000000000005,96
-7.57282812899775,0.13414367278085107,-0.8363790952010217,1.0310201285467018,0.015013485161444412,0.014176256017260897,734.4173856120187,0.011011119080474346,0.005382990256171983,1,0.4000000000000003,96
-7.629001008415491,0.12049006064985142,0.1963683763603581,1.0303231068515963,0.015545672476340897,0.01407174127933257,734.2890210582655,-0.020879590892078605,0.004021594507668602,1,0.2000000000000001,96
0.00621927060346773,0.10081846458431204,-0.7905676428396933,2.255433372669254,0.018065843583825476,0.014460845479529487,135.9415967283052,5.2231232749772,0.00021812364539471767,0,7.0,97
0.017872279971938375,0.09838614543004941,-0.6008466266670527,2.2776467448149167,0.01587097794599677,0.014150670819902242,187.94153861486643,5.403711906409471,0.0005093824070709199,0,6.800000000000001,97
0.023008384147152786,0.10395437948852383,-0.010134609232925751,2.9946950847852727,0.01710442301367305,0.014006206637456433,241.51576827592882,5.334750961810428,0.00021140457903871048,0,6.6000000000000005,97
0.0005852509112339289,0.10429059739859309,0.21127102230639538,3.058688933867468,0.018316104057589336,0.014378487304935786,294.3180006178249,5.23064786312028,-0.00010434749628946343,0,6.4,97
-0.0021498690337844162,0.10686018870316888,0.28895259456489475,2.98457049579153,0.02021609757852831,0.014514620013948399,346.0848426075276,5.130452275537989,-0.0004979285764718697,0,6.2,97
-0.0036255583112548696,0.10464053105499885,0.4980092678954544,3.046643752530685,0.018856590979613622,0.013708747079911774,396.8555562947356,5.023295812324711,-0.0005663570663898576,0,6.0,97
-0.004998222286347909,0.10399279299873032,0.5810223822135869,3.063888401890705,0.019394685056678275,0.013631660165466783,446.5733271588145,4.9174832470704875,-0.00016306147113862962,0,5.800000000000001,97
-0.0024589003560000957,0.10012000917361442,-0.3270179475699915,2.417729448138663,0.018562865012023623,0.012561243533919951,495.2380015446199,4.816151321724944,2.9695591565546876e-05,0,5.6000000000000005,97
0.01421085850361407,0.10056957174743208,-0.45614027789773015,2.3835037883220136,0.017872346592712026,0.013095925631441536,543.0240769362083,4.7254873097831265,0.00010299053568499483,0,5.4,97
0.022665819609886947,0.10139979007625465,-0.6549762153436611,2.3293077358006435,0.01837370196529207,0.014595509495061405,589.7637120076977,4.628982410237044,0.0005143677545256546,0,5.2,97
0.01407972092165259,0.09850217147076692,-0.3702080176664606,2.432964558976814,0.017919964291209657,0.014924314314271376,635.6463728995944,4.542912238136738,-0.0005488114762628827,0,5.0,97
0.013298795308668652,0.09188559683360654,0.11813168593678292,2.607487068433933,0.01704123219729203,0.014726289525044145,680.6193240036863,4.453851527015739,-0.0009087330962449069,0,4.800000000000001,97
0.009723530861643504,0.0882400586143153,0.1127753769112605,2.6137976670613963,0.016738891856189576,0.014681293372397309,724.7315192069098,4.362862415713303,-0.0007203677987612029,0,4.6000000000000005,97
0.00010349828055833441,0.08517160453709054,0.42627491141505924,2.7246871127858685,0.0169230497547869,0.014165952170877108,767.8817575532104,4.279990404488307,-0.00036977121516684796,0,4.4,97
-0.007585622323804913,0.09294872454283906,0.8259732347382531,2.971259892292478,0.015950885936386817,0.011923829633559108,810.2680862466746,4.189940446646664,0.0014948434424004885,0,4.2,97
-0.005544419907285594,0.1055997102331423,0.14622534409781718,2.6204880222686366,0.016402686792225937,0.012395807698714963,851.7761518739118,4.111467332552111,0.0015377865835760262,0,4.0,97
0.8973369368091872,1.8440182351037946,0.2959971402170041,2.437598856846435,0.06240450513895977,0.09108253751122615,892.4874084330504,4.032209532508709,0.08153328244370728,2,3.8000000000000007,97
1.74490262607431,2.1839288349565544,-1.7950028865239036,1.7846824208189294,0.10691524913460869,0.11091945032008273,932.3871658350913,3.9542178799773557,0.11594577179067711,2,3.6000000000000005,97
2.5901008568141464,2.1540566163082975,-1.8091910212662337,1.4779137518441567,0.1507961046679454,0.11126363442083452,971.5132200167404,3.8744176535097323,0.11178414142928263,2,3.4000000000000004,97
3.424225199809571,1.74495505286246,0.21529324192957766,1.2928290697389095,0.19886609925529128,0.09356164630812425,1009.877361424862,3.7973040952025903,0.07044904343203498,2,3.2,97
4.265075400656315,0.1982046566910213,3.0100169636448104,1.1613179753657834,0.2442287571042266,0.021999221576028953,1047.461814117524,3.7216004780333565,-0.007578868321605246,2,3.0,97
4.197697283388397,0.10146786134959153,-0.19651752315096216,1.0592807314962631,0.24869423184201275,0.022341001886159992,1084.2396491486347,3.642078682900861,-0.0007918805703030483,2,2.8000000000000007,97
4.196225833657842,0.09335362349810988,0.417088152586337,1.0596985579220588,0.25024259379548036,0.021919591398916888,1120.2828144839648,3.564887989742386,0.0007080857204885637,2,2.6000000000000005,97
4.199503613009377,0.08915325513338394,0.6400466646453622,1.0588943899657481,0.25574550752719943,0.020037988991652697,1155.6934186590356,3.4992996644287846,0.0014777658970359865,2,2.4000000000000004,97
4.201327552913562,0.08856384052601698,0.8261863299005148,1.0584379669665762,0.25463929259552825,0.0194542456985444,1190.3225415708462,3.4301094568858606,-0.0004090914726633436,2,2.2,97
4.196159717817775,0.08582986025244671,0.9041028569015244,1.0410322990233178,0.2565463962665559,0.01858179217013219,1224.2839206061853,3.3667784199315918,-0.0010889901569286896,2,2.0,97
4.1947726903620834,0.08586278238574056,0.7136200204942136,1.032947967360046,0.25311112304734446,0.017395978149298948,1257.657765534246,3.300253909568841,-0.0010078622213803383,2,1.8000000000000007,97
4.184686972602119,0.08920026793145604,0.19736264985891738,1.0343278132764353,0.25300900293975137,0.01797888525895478,1290.343628581075,3.2295548927503845,-0.0006599698282047008,2,1.6000000000000003,97
4.181752752346506,0.09187153708555679,-0.04429193596512215,1.0406230062187725,0.2494690240584191,0.01678691208386863,1322.313464676898,3.1715718359532254,0.0006496921373501284,2,1.4000000000000004,97
4.1861747124488184,0.08678685912445039,0.48837061109027324,1.039550682576818,0.24834729528004332,0.018356358630530884,1353.7349791429242,3.1081923835962475,0.00037365295178316295,2,1.2000000000000002,97
4.193852144189976,0.08384751436252742,-0.2936297666780341,1.0376629321858835,0.24847057030274464,0.01863786990816742,1384.4911718908595,3.044520400783629,0.0001984605723493914,2,1.0,97
4.189116871403827,0.08748577530226839,-0.3261055154662711,1.042562531497896,0.24856572908485852,0.020764494545876654,1414.6409173593975,2.9888994136112483,-0.00012297477265044347,2,0.8000000000000007,97
4.191450349001278,0.09046057317889358,-0.25190394395165594,1.041966983259075,0.24969983697992376,0.02176380745268747,1444.2276269731901,2.9290948581131224,-0.0007044365170699823,2,0.6000000000000005,97
4.192645107177688,0.0940822065953649,-0.3119085050275694,1.0475654675636468,0.2502548938427234,0.02220088109438981,1473.168165943553,2.8650407445952752,9.125336016079296e-05,2,0.4000000000000003,97
4.1850673084070555,0.10077152959970803,-0.6609406399749953,1.0494230824799484,0.25014874854738567,0.021919359893003986,1501.575856718996,2.8132534223750127,-0.0009688321891990325,2,0.2000000000000001,97
-0.010025487547472029,0.10264706279531106,0.24022546126148425,2.821759549822596,0.017563352359426895,0.012244081666270022,136.19708359688826,5.219383548815655,-0.0009290842925902977,0,7.0,98
-0.002895411501655723,0.09605416131253323,-0.29534447403084574,2.4221713833481235,0.01767816723088826,0.012991940054076652,188.17329882949716,5.391513933460269,0.00027465766648739445,0,6.800000000000001,98
-0.016199651345858036,0.10697220116451053,-0.6571254206419255,2.1890521856867013,0.019164640781636974,0.014163855361961708,241.58004293525806,5.323950935753182,0.0007175246104865838,0,6.6000000000000005,98
-0.01716263045054502,0.10331017224844247,-0.41359875760941067,2.261394432624277,0.017420778734125283,0.012909904413967626,294.3544552611756,5.223946036099617,0.00015805328739046417,0,6.4,98
-0.006019286928756229,0.1049011815415734,-0.49908080336478333,2.254453890512089,0.019194157077251254,0.013930977022243588,346.18246203607055,5.127766235702171,-0.00018512798475160734,0,6.2,98
0.00817681002831667,0.11028445228481602,-0.5179831305683282,2.1420081789439376,0.018741420260253695,0.01418242205541119,396.82752634584153,5.021919178822032,-0.000873646904222648,0,6.0,98
-0.0073684032751556786,0.11386925340862045,-0.2752089520846588,2.64727317252886,0.018536704064405177,0.01366209118872224,446.5242646073602,4.916389051090982,-6.775025877039749e-05,0,5.800000000000001,98
0.0008000083078576459,0.10403390093601507,0.2034922189269004,2.90364210701609,0.01723365431479353,0.013142896629611071,495.2434160468856,4.813194232934268,0.0003740777585474856,0,5.6000000000000005,98
0.008656009014349238,0.10916603911555656,-0.08747238622079001,2.7583847833370245,0.016797517071660852,0.013446617154849703,542.9748253229632,4.719409091303704,2.109752258085329e-05,0,5.4,98
-0.012355772132856619,0.1082011868129362,0.06970427830073955,2.7735035499648957,0.016578590009361918,0.013266155180702779,589.7243123121101,4.64098899443914,-0.00040062242173698567,0,5.2,98
-0.007549447474027776,0.10924253719217837,0.15939404545471847,2.758567694281821,0.017131076577242867,0.01535553742749563,635.7034041920906,4.551024152733573,-0.0005489703420903897,0,5.0,98
-0.0044207540594771175,0.10303260703798237,-0.1353786955812164,2.432188058220633,0.016418123160742527,0.015593501809122718,680.6915628071124,4.456691563377894,0.00028796884583494645,0,4.800000000000001,98
0.00018933751600147569,0.10082749757861871,0.030047396888379208,2.4877091576616785,0.016100820873171013,0.01524286838396986,724.7858778264023,4.361775601857765,-0.00033005183677950543,0,4.6000000000000005,98
0.0003687961263288679,0.09597335961872937,0.43296602710323207,2.6135174557995744,0.01716183655282755,0.015591522868367787,768.0145604694596,4.273070256568325,-0.0002779774247411309,0,4.4,98
0.004334401432800688,0.09190262253569392,0.07647593084338622,2.4476068553753647,0.018160214024098877,0.015110915340463629,810.4044278849466,4.194514346572493,-0.0005276073869218756,0,4.2,98
-0.0120433263356993,0.08548262559187889,-0.19507796126976107,2.340216163385323,0.016668619553496297,0.012798479065003036,851.9144248671568,4.118862911926799,-0.00022595706865214025,0,4.0,98
-2.1637866977575637,4.372969271632035,0.3106277193204039,2.47738580965006,0.017357197031574723,0.01230077947112929,892.6568321830292,4.035052540477785,0.031232591578880836,3,3.8000000000000007,98
-4.184725307923065,5.179554082787467,-1.8005779748378612,1.8115755215490599,0.01814600551185306,0.012488687200618987,932.5816469753049,3.949264630010608,0.05891408165353713,3,3.6000000000000005,98
-6.1985564058687705,5.108476067176736,-1.8201020883492265,1.4987539251735105,0.018550474039433284,0.011452549536142066,971.682794619093,3.8647743521369726,0.06617220794801858,3,3.4000000000000004,98
-8.202399377037269,4.152552419263274,0.2137925432483585,1.3068007363903276,0.013771240374184401,0.008825606621981992,1009.9553556346764,3.78822748635308,0.051848286863498336,3,3.2,98
-10.208104213401995,0.3954011035214292,9.161159369677325,1.1736672407340003,,,1047.4619055195524,3.7119272583215097,-0.01584883086609259,3,3.0,98
-10.055951929941465,0.025784529113805993,9.16115936967714,1.0115502185612082,,,1084.2844940333064,3.645170201691156,-0.0010335192219928387,3,2.8000000000000007,98
-10.046029916705587,0.001681436737782977,9.161159369675486,1.000754144998432,,,1120.3840629160572,3.5746290776778054,-6.739689452518781e-05,3,2.6000000000000005,98
-10.045382891604064,0.00010964828912284974,9.161159369823723,1.0000491826075142,,,1155.7890259340586,3.506088763785061,-4.395023619316382e-06,3,2.4000000000000004,98
-10.045340698404756,7.150282277277395e-06,9.16115936927278,1.0000032072675005,,,1190.5480356369999,3.441288178064743,-2.8660419354641545e-07,3,2.2,98
-10.045337946941075,4.6627755945569505e-07,9.161159370835785,1.0000002091494187,,,1224.5454747289418,3.362203858126797,-1.8689766230632174e-08,3,2.0,98
-10.045337767515184,3.0406458875270374e-08,9.161158808144409,1.0000000136388576,,,1257.8065413046265,3.2895241183850774,-1.2187797003816904e-09,3,1.8000000000000007,98
-10.045337755814627,1.9828382926156276e-09,9.161162787434622,1.0000000008894048,,,1290.4657322297785,3.22551135548036,-7.947793023072217e-11,3,1.6000000000000003,98
-10.045337755051623,1.2930311478188574e-10,9.161121704890492,1.0000000000579992,,,1322.4248542377497,3.161103740354763,-5.1827579546219234e-12,3,1.4000000000000004,98
-10.045337755001867,8.431722345230805e-12,9.161292052018405,1.0000000000037823,,,1353.76606764271,3.1127800875164633,-3.3785685915568515e-13,3,1.2000000000000002,98
-10.045337754998624,5.488210502053561e-13,9.201140767733916,1.0000000000002465,,,1384.5193317742887,3.046969608689995,-2.1922397639238854e-14,3,1.0,98
-10.045337754998414,3.4199047320093007e-14,9.531849590516826,1.0000000000000158,,,1414.7064263531936,2.984612771458402,-1.2625910360867919e-15,3,0.8000000000000007,98
-10.0453377549984,1.4796930398031855e-15,,1.0000000000000009,,,1444.2226696576818,2.9257180687365403,-6.532223435505509e-17,3,0.6000000000000005,98
-10.0453377549984,0.0,,1.0,,,1473.1762975289819,2.8613351307208066,6.139906278461508e-17,3,0.4000000000000003,98
-10.0453377549984,0.0,,1.0,,,1501.5320403186097,2.8108806740163885,6.139906278461508e-17,3,0.2000000000000001,98
0.013962113988809111,0.12294549534089784,-0.2015078999403941,2.4245152589659056,0.01534807055039341,0.010896737371628612,136.20477049261302,5.223187777135783,0.0014692298576581633,0,7.0,99
0.005721503125493863,0.12493947072338013,-0.4225069152850627,2.398903006412751,0.014760372293988766,0.011042790694107981,188.15811397816313,5.398216076519143,0.0006901122318626355,0,6.800000000000001,99
0.006762452229460619,0.12206880225470408,-0.3210029538212562,2.454103526352144,0.016187351785608754,0.013346203721144033,241.6404792044875,5.3246800419880715,-0.0007032163806113304,0,6.6000000000000005,99
-0.004066766409734044,0.11684358533983613,-0.24535196585704266,2.5662762139738615,0.015860364913515054,0.0128866237854705,294.3628496068812,5.214661010287529,-0.0019399358206050829,0,6.4,99
0.006225272493231413,0.09963468654817689,0.4603700421981274,3.005402705516517,0.01441597003137904,0.012324287554337336,346.06404775163463,5.118670736436429,-0.0012420492842662994,0,6.2,99
0.005506454257480404,0.08505241282881407,-0.7233054512891273,2.682902892100868,0.01566604274651919,0.012192012953636774,396.7395077208957,5.021193245107841,-0.00035162490742894295,0,6.0,99
0.006866519595895353,0.08013369081105046,-0.9863011789085232,2.013896274398966,0.015140965098384135,0.012054949303647216,446.43883622084127,4.9207351624616855,0.00034567671671650196,0,5.800000000000001,99
0.0007524077004950708,0.08319512889729125,-1.0186244217883906,1.9469603064095182,0.016240583381723805,0.010301034500985122,495.18921538042906,4.829396574663561,0.0004869312303064929,0,5.6000000000000005,99
0.002226772998751751,0.08992603487707555,-0.9700764233043344,1.9953957380478542,0.016712453921372196,0.011766266982569943,542.9967663807149,4.729780122492921,0.00048491415161625316,0,5.4,99
-0.009262669701226968,0.09268089677434063,-1.1242375126857156,1.9268951588193601,0.016688735275194818,0.011256275813835216,589.7388154589232,4.630586987880783,0.00033622904377886856,0,5.2,99
-0.00793866361435782,0.09516276961152323,-0.965491102717976,1.879518772545898,0.016807444857126173,0.012250059923482616,635.6666579183853,4.543765189808368,0.0002330523359983135,0,5.0,99
-0.010815710335735593,0.09334977759014605,-0.7008087528528368,2.2025382992468208,0.017257942988186697,0.012362546108827336,680.641930580663,4.449389839870712,-6.259527292227306e-05,0,4.800000000000001,99
-6.12112201660838e-06,0.09465252328909002,-0.5526870087460649,2.187050726828177,0.016245066333444955,0.012808491891492451,724.7608379102031,4.371390444390765,-0.00026219987528774795,0,4.6000000000000005,99
0.0017136735414211726,0.08857610256451327,-0.2563033834025985,2.336638695813631,0.01520367756616162,0.012154844080100365,767.9165064456046,4.280396808106071,-0.0004403101617130032,0,4.4,99
0.004113802400954865,0.08962329011894954,-0.27816232221228887,2.307298722706183,0.015328704102378854,0.01213483751076431,810.311824950001,4.185988152416638,0.00017471865739991606,0,4.2,99
-0.008222980402812892,0.09615362423847928,0.52312482076462,2.755189467906159,0.0164345585414698,0.012138659675413966,851.8108573090992,4.10786113029414,0.0008483082211334591,0,4.0,99
-0.011532174088413207,0.09633193698971836,0.652685488247164,2.7403677757713654,0.017374009033792995,0.012642765954162862,892.515651290268,4.0233439177111165,0.00041332641753772346,4,3.8000000000000007,99
-0.015925483398017942,0.09208608326838247,0.7805224369616242,2.844524109197813,0.017078717299792493,0.012108868004609108,932.3642608843303,3.9537795666152715,0.00014185551889433785,4,3.6000000000000005,99
-0.024381704821011846,0.09422564087437946,0.32720128702352547,2.7303061277081455,0.018157332935766844,0.012359709735096574,971.5173073647876,3.870412312306414,-0.00022205042610868488,4,3.4000000000000004,99
-0.020068157308122673,0.09470371363508885,1.212079251596328,2.7455929954249787,0.020326514833469284,0.013060270109635539,1009.8666672737381,3.792129699173931,-8.251273225069495e-05,4,3.2,99
-0.009974516139406643,0.08583153238599318,1.01838948455255,2.893736600096788,0.019586324189446724,0.01386980098072964,1047.4598867306865,3.7220865771683402,0.00032494841688471466,4,3.0,99
-0.01607665229650219,0.09378612983422333,0.24825392285632253,2.62738667260298,0.019286321824298992,0.01360667550575915,1084.3052450436844,3.644428348101204,0.0010917859407503917,4,2.8000000000000007,99
-0.01944316852552663,0.09980371183273896,-0.08555501919737596,2.4585576965032296,0.0192229095760044,0.013633123835267486,1120.3627493419872,3.5715222260296073,0.0010503335625746577,4,2.6000000000000005,99
-0.0011283073372404895,0.10882603053103065,-0.5218911198638727,2.2978475749710685,0.018706433828684154,0.013138469346072339,1155.7311013400858,3.499456697251433,0.0012546440389019386,4,2.4000000000000004,99
-0.00012783353074897309,0.11353493507934612,-0.8733251177303365,1.953077490217229,0.01721884620463072,0.011722952930588204,1190.4261822984404,3.430136711683084,0.000683570421535889,4,2.2,99
-0.00791665675690285,0.11972850717175988,-0.8112321796645521,2.1512732654952362,0.017433956072431853,0.012306580652202723,1224.4056286000748,3.3680492693406747,-0.0002039326590381111,4,2.0,99
0.0040475413903124785,0.11291626860728565,-0.643241094154527,2.284644943016646,0.016773983419092583,0.011805524291360036,1257.671523813701,3.2966636445886666,-0.0003950193031815049,4,1.8000000000000007,99
0.005894929112539129,0.11435854253282085,-0.7407121299686295,2.2542556452170395,0.017539731842705387,0.01329421486690056,1290.291995922415,3.2244780086806544,-0.00036426349198966513,4,1.6000000000000003,99
0.000452089002783512,0.11446164335303546,-0.3408983724171448,2.4371784839908988,0.017057360298152364,0.013280374556300082,1322.332167626165,3.163951195633284,7.541055323520758e-05,4,1.4000000000000004,99
0.0007675535386133014,0.10517373428847482,0.04160605455670918,2.652355138426611,0.01599169417273588,0.013322928392924597,1353.7250165492298,3.109424417962563,-0.0005398748638212507,4,1.2000000000000002,99
-0.0011663545188605774,0.10224345651149319,-0.013883790761266557,2.7282641280431625,0.01543831330527693,0.011958871068002528,1384.4387241092866,3.0512660440307253,-0.00038887659157031706,4,1.0,99
0.003535786687274649,0.09892937774413314,0.26480782044820206,2.8180106787672567,0.017300393515364422,0.013900798654431218,1414.5610719656395,2.980774562444815,-0.001332188250157589,4,0.8000000000000007,99
0.010573357169264521,0.09658543613804695,0.8858289791403897,2.8707794155893147,0.017761497984972525,0.01381321226657781,1444.1557430775233,2.9162720257213377,-0.0004742669195267301,4,0.6000000000000005,99
0.0019939388335612606,0.08561052901024681,0.6910375626508003,2.9324813363665423,0.01718531651661193,0.013974849590076506,1473.1359317250303,2.866236138495584,0.00028589616914140623,4,0.4000000000000003,99
0.0006590726499945579,0.0871035911118302,0.4617850208465395,2.882928398325772,0.01779735902970634,0.014160417945738694,1501.4539500618612,2.8116701056422952,0.00010266543936411435,4,0.2000000000000001,99
