res_mean,res_std,innov_mean,innov_std,innov_max,innov_kurtosis,innov_skew,innov_crest,res_slope,omega_kalman_mean,label,RUL,run_id
0.0,0.0,-0.8788856978986028,0.18571725645523254,0.972390428954896,4.660642223575656,2.3987015664732128,1.082949474574828,0.0,0.8625976126267949,0,4.016064257028113,0
0.0,0.0,-0.9528965567247958,0.017460583728157043,0.972390428954896,3.2944138397436404,1.4856336778653696,1.0202896449188412,0.0,0.9561507209469999,0,3.8152610441767063,0
0.0,0.0,-0.9496694300347888,0.01619671261685036,0.972390428954896,-1.2822472025047347,0.12406102137181374,1.0237792577696059,0.0,0.9671402308007268,0,3.614457831325301,0
0.0,0.0,-0.9385345275644523,0.017005403805673454,0.9667817008967546,-1.20854396043717,0.008471646941718062,1.0299314365705388,0.0,0.9705333261647432,0,3.4136546184738954,0
0.0,0.0,-0.9268666483709856,0.017057679493838265,0.9555178015434204,-1.2014647409978092,0.00023178284351896774,1.0307407928288574,0.0,0.9734162545661981,0,3.21285140562249,0
0.0,0.0,-0.9151661154820114,0.017057910091769005,0.9438382585647486,-1.2009931999970038,-0.00030823692491322645,1.0311544643971164,0.0,0.9762653199999309,0,3.0120481927710845,0
0.0,0.0,-0.9034656405833761,0.01705473635126791,0.9321337921995788,-1.200962402446649,-0.0003434701046335323,1.031551212828177,0.0,0.9791116447661254,0,2.8112449799196786,0
0.0,0.0,-0.8917673567620936,0.01705134120104494,0.9204298888908704,-1.2009603935263349,-0.0003457682037505674,1.0319564107958281,0.0,0.9819572587504117,0,2.610441767068273,0
0.0,0.0,-0.8800714026831455,0.017047932249837996,0.9087282102311268,-1.200960262495523,-0.00034591809544606687,1.0323721103087673,0.0,0.9848022944313022,0,2.409638554216868,0
0.0,0.0,-0.8683777869516976,0.017044523036105808,0.8970288641371609,-1.2009602539491493,-0.0003459278719554448,1.0327988433219055,0.0,0.9876467605542476,0,2.208835341365462,0
0.0,0.0,-0.8566865096916563,0.017041114442579167,0.8853318572088842,-1.20096025339172,-0.00034592850964441734,1.0332370627452199,0.0,0.9904906577959081,0,2.0080321285140563,0
0.0,0.0,-0.8449975704739443,0.01703770652669445,0.8736371894393122,-1.2009602533553723,-0.00034592855124180173,1.0336872390747642,0.0,0.9933339863067472,0,1.8072289156626504,0
0.0,0.0,-0.8333109688335107,0.017034299292069694,0.8619448603907052,-1.2009602533529893,-0.00034592855395746455,1.0341498683534556,0.0,0.9961767462028946,0,1.606425702811245,0
0.0,0.0,-0.8216267043030462,0.01703089273881347,0.8502548695973204,-1.2009602533528354,-0.00034592855413536765,1.0346254744073256,0.0,0.9990189375982189,0,1.4056224899598395,0
0.0,0.0,-0.8099447764151816,0.017027486866805545,0.838567216591677,-1.2009602533528203,-0.0003459285541160939,1.0351146108495233,0.0,1.0018605606064204,0,1.2048192771084336,0
0.0,0.0,-0.7982651847026309,0.017024081675910636,0.8268819009062672,-1.200960253352843,-0.0003459285541226218,1.0356178632296569,0.0,1.004701615341166,0,1.0040160642570282,0
0.0,0.0,-0.7865879286982012,0.01702067716599261,0.8151989220736707,-1.2009602533528325,-0.0003459285541533487,1.0361358513698935,0.0,1.0075421019161015,0,0.8032128514056227,0
0.0,0.0,-0.774913007934793,0.01701727333691521,0.8035182796265578,-1.2009602533528247,-0.00034592855415662685,1.0366692319089588,0.0,1.0103820204448477,0,0.6024096385542173,0
0.0,0.0,-0.7632404219454003,0.017013870188542373,0.7918399730976942,-1.2009602533528174,-0.0003459285541237293,1.0372187010760898,0.0,1.0132213710410043,0,0.4016064257028109,0
0.0,0.0,-0.7515701702631101,0.01701046772073805,0.7801640020199375,-1.2009602533528279,-0.00034592855408910306,1.0377849977195388,0.0,1.0160601538181468,0,0.2008032128514054,0
0.0,0.0,-0.8788856978986028,0.18571725645523254,0.972390428954896,4.660642223575656,2.3987015664732128,1.082949474574828,0.0,0.8625976126267949,0,4.016064257028113,1
0.0,0.0,-0.9528965567247958,0.017460583728157043,0.972390428954896,3.2944138397436404,1.4856336778653696,1.0202896449188412,0.0,0.9561507209469999,1,3.8152610441767063,1
0.0,0.0,-0.9496694300347888,0.01619671261685036,0.972390428954896,-1.2822472025047347,0.12406102137181374,1.0237792577696059,0.0,0.9671402308007268,1,3.614457831325301,1
0.0,0.0,-0.9385345275644523,0.017005403805673454,0.9667817008967546,-1.20854396043717,0.008471646941718062,1.0299314365705388,0.0,0.9705333261647432,1,3.4136546184738954,1
0.0,0.0,-0.9268666483709856,0.017057679493838265,0.9555178015434204,-1.2014647409978092,0.00023178284351896774,1.0307407928288574,0.0,0.9734162545661981,1,3.21285140562249,1
0.0,0.0,-0.9151661154820114,0.017057910091769005,0.9438382585647486,-1.2009931999970038,-0.00030823692491322645,1.0311544643971164,0.0,0.9762653199999309,1,3.0120481927710845,1
0.0,0.0,-0.9034656405833761,0.01705473635126791,0.9321337921995788,-1.200962402446649,-0.0003434701046335323,1.031551212828177,0.0,0.9791116447661254,1,2.8112449799196786,1
0.0,0.0,-0.8917673567620936,0.01705134120104494,0.9204298888908704,-1.2009603935263349,-0.0003457682037505674,1.0319564107958281,0.0,0.9819572587504117,1,2.610441767068273,1
0.0,0.0,-0.8800714026831455,0.017047932249837996,0.9087282102311268,-1.200960262495523,-0.00034591809544606687,1.0323721103087673,0.0,0.9848022944313022,1,2.409638554216868,1
0.0,0.0,-0.8683777869516976,0.017044523036105808,0.8970288641371609,-1.2009602539491493,-0.0003459278719554448,1.0327988433219055,0.0,0.9876467605542476,1,2.208835341365462,1
0.0,0.0,-0.8566865096916563,0.017041114442579167,0.8853318572088842,-1.20096025339172,-0.00034592850964441734,1.0332370627452199,0.0,0.9904906577959081,1,2.0080321285140563,1
0.0,0.0,-0.8449975704739443,0.01703770652669445,0.8736371894393122,-1.2009602533553723,-0.00034592855124180173,1.0336872390747642,0.0,0.9933339863067472,1,1.8072289156626504,1
0.0,0.0,-0.8333109688335107,0.017034299292069694,0.8619448603907052,-1.2009602533529893,-0.00034592855395746455,1.0341498683534556,0.0,0.9961767462028946,1,1.606425702811245,1
0.0,0.0,-0.8216267043030462,0.01703089273881347,0.8502548695973204,-1.2009602533528354,-0.00034592855413536765,1.0346254744073256,0.0,0.9990189375982189,1,1.4056224899598395,1
0.0,0.0,-0.8099447764151816,0.017027486866805545,0.838567216591677,-1.2009602533528203,-0.0003459285541160939,1.0351146108495233,0.0,1.0018605606064204,1,1.2048192771084336,1
0.0,0.0,-0.7982651847026309,0.017024081675910636,0.8268819009062672,-1.200960253352843,-0.0003459285541226218,1.0356178632296569,0.0,1.004701615341166,1,1.0040160642570282,1
0.0,0.0,-0.7865879286982012,0.01702067716599261,0.8151989220736707,-1.2009602533528325,-0.0003459285541533487,1.0361358513698935,0.0,1.0075421019161015,1,0.8032128514056227,1
0.0,0.0,-0.774913007934793,0.01701727333691521,0.8035182796265578,-1.2009602533528247,-0.00034592855415662685,1.0366692319089588,0.0,1.0103820204448477,1,0.6024096385542173,1
0.0,0.0,-0.7632404219454003,0.017013870188542373,0.7918399730976942,-1.2009602533528174,-0.0003459285541237293,1.0372187010760898,0.0,1.0132213710410043,1,0.4016064257028109,1
0.0,0.0,-0.7515701702631101,0.01701046772073805,0.7801640020199375,-1.2009602533528279,-0.00034592855408910306,1.0377849977195388,0.0,1.0160601538181468,1,0.2008032128514054,1
0.0,0.0,-0.8788856978986028,0.18571725645523254,0.972390428954896,4.660642223575656,2.3987015664732128,1.082949474574828,0.0,0.8625976126267949,0,4.016064257028113,2
0.0,0.0,-0.9528965567247958,0.017460583728157043,0.972390428954896,3.2944138397436404,1.4856336778653696,1.0202896449188412,0.0,0.9561507209469999,0,3.8152610441767063,2
0.0,0.0,-0.9496694300347888,0.01619671261685036,0.972390428954896,-1.2822472025047347,0.12406102137181374,1.0237792577696059,0.0,0.9671402308007268,0,3.614457831325301,2
0.0,0.0,-0.9385345275644523,0.017005403805673454,0.9667817008967546,-1.20854396043717,0.008471646941718062,1.0299314365705388,0.0,0.9705333261647432,0,3.4136546184738954,2
0.0,0.0,-0.9268666483709856,0.017057679493838265,0.9555178015434204,-1.2014647409978092,0.00023178284351896774,1.0307407928288574,0.0,0.9734162545661981,0,3.21285140562249,2
0.0,0.0,-0.9151661154820114,0.017057910091769005,0.9438382585647486,-1.2009931999970038,-0.00030823692491322645,1.0311544643971164,0.0,0.9762653199999309,0,3.0120481927710845,2
0.0,0.0,-0.9034656405833761,0.01705473635126791,0.9321337921995788,-1.200962402446649,-0.0003434701046335323,1.031551212828177,0.0,0.9791116447661254,0,2.8112449799196786,2
0.0,0.0,-0.8917673567620936,0.01705134120104494,0.9204298888908704,-1.2009603935263349,-0.0003457682037505674,1.0319564107958281,0.0,0.9819572587504117,0,2.610441767068273,2
0.15,0.45456864504849487,-0.7392743714221268,0.43614956702349555,0.9087282102311268,5.158438800201187,2.6696090747069126,1.0614444645906649,0.016206482593037214,1.0008544764054803,2,2.409638554216868,2
0.45,0.6943650748294136,-0.4715648454579808,0.626968485782328,0.8970288641371609,-1.199927671470181,0.8835874345443028,1.1507928197402932,0.03781512605042016,1.0601371838149876,2,2.208835341365462,2
0.75,0.7576144084141581,-0.20842173346663898,0.6708645769158168,0.8853318572088842,-1.9823093657441677,0.011383848595913652,1.2719212576919534,0.045018007202881134,1.1237613738001329,2,2.0080321285140563,2
1.05,0.6943650748294137,0.05442141223451252,0.6097241570907004,0.8736371894393122,-1.239387285846389,-0.8569041695206937,1.44153961082499,0.03781512605042016,1.1876681448767703,2,1.8072289156626504,2
1.35,0.45456864504849487,0.3172428117018248,0.3984243114259671,0.8619448603907052,4.950397787874801,-2.6092101308836972,1.7028694953937,0.016206482593037207,1.2515928118416524,2,1.606425702811245,2
1.5,1.2285357956997882e-16,0.4392635771388839,0.013622428840630888,0.467806288384623,-1.1511748461393876,0.28509615236728403,1.0644770315164036,-1.2684018023958378e-17,1.2994659324215303,2,1.4056224899598395,2
1.5,1.2688263138573217e-16,0.44606304442666894,0.01653214462970419,0.4743357316333938,-1.2553622030012093,0.07194623158789284,1.0626677037869108,4.9859268185369136e-18,1.3069525038218983,2,1.2048192771084336,2
1.5,1.2285357956997882e-16,0.457424245658342,0.016990992135847083,0.4860095953112739,-1.2052161405760113,0.004566450402474316,1.0617743890566962,-1.2684018023958378e-17,1.3100964606122616,2,1.0040160642570282,2
1.5,1.18687833744435e-16,0.46908073907877623,0.017018516109385526,0.4976811299342643,-1.2012408484553825,-2.475709879769803e-05,1.060287506628912,-1.2684018023958378e-17,1.3129566997544055,2,0.8032128514056227,2
1.5,1.18687833744435e-16,0.4807543058918622,0.017017132398294887,0.5093503308195708,-1.2009785677148337,-0.00032497719237337277,1.0588317238335119,4.9859268185369136e-18,1.3157979063691982,2,0.6024096385542173,2
1.5,1.18687833744435e-16,0.4924268035887055,0.0170138609977254,0.5210171980981566,-1.2009614479452946,-0.0003445620063621106,1.057441822086326,-1.2684018023958378e-17,1.3186373409628243,2,0.4016064257028109,2
1.5,1.3457935360146644e-16,0.5040970495133441,0.017010467121394795,0.5326817322148065,-1.2009603312692851,-0.00034583942219742445,1.0561156191533256,-2.0192629026742142e-18,1.3214761292175317,2,0.2008032128514054,2
0.0,0.0,-0.8788856978986028,0.18571725645523254,0.972390428954896,4.660642223575656,2.3987015664732128,1.082949474574828,0.0,0.8625976126267949,0,4.016064257028113,3
0.0,0.0,-0.9528965567247958,0.017460583728157043,0.972390428954896,3.2944138397436404,1.4856336778653696,1.0202896449188412,0.0,0.9561507209469999,0,3.8152610441767063,3
0.0,0.0,-0.9496694300347888,0.01619671261685036,0.972390428954896,-1.2822472025047347,0.12406102137181374,1.0237792577696059,0.0,0.9671402308007268,0,3.614457831325301,3
0.0,0.0,-0.9385345275644523,0.017005403805673454,0.9667817008967546,-1.20854396043717,0.008471646941718062,1.0299314365705388,0.0,0.9705333261647432,0,3.4136546184738954,3
0.0,0.0,-0.9268666483709856,0.017057679493838265,0.9555178015434204,-1.2014647409978092,0.00023178284351896774,1.0307407928288574,0.0,0.9734162545661981,0,3.21285140562249,3
0.0,0.0,-0.9151661154820114,0.017057910091769005,0.9438382585647486,-1.2009931999970038,-0.00030823692491322645,1.0311544643971164,0.0,0.9762653199999309,0,3.0120481927710845,3
0.0,0.0,-0.9034656405833761,0.01705473635126791,0.9321337921995788,-1.200962402446649,-0.0003434701046335323,1.031551212828177,0.0,0.9791116447661254,0,2.8112449799196786,3
0.0,0.0,-0.8917673567620936,0.01705134120104494,0.9204298888908704,-1.2009603935263349,-0.0003457682037505674,1.0319564107958281,0.0,0.9819572587504117,0,2.610441767068273,3
2.792896953656976e-05,0.00019748763750860985,-0.8800974175203387,0.017008260045189565,0.9087282102311268,-1.2054433234910218,-0.006285939244217287,1.0323424876204301,3.0175357242392295e-06,0.9847991147810308,3,2.409638554216868,3
0.00013962641598168013,0.000508532225286473,-0.8685027891118139,0.0168836369548476,0.8970288641371609,-1.2014661147810752,-0.01594813125983379,1.0326539107564714,1.293997521124246e-05,0.9876260554425444,3,2.208835341365462,3
0.0002233826081201734,0.0005889691781814992,-0.8568799060149872,0.01686973587063961,0.8853318572088842,-1.1844160582837313,0.0003993893833232858,1.0330079581397005,1.4614162183410764e-05,0.990451263552403,3,2.0080321285140563,3
0.0003350420836767126,0.0007223622088574486,-0.8452833291123477,0.016892413647652017,0.8736371894393122,-1.184155141712496,0.0189684362885475,1.0333414193810668,1.3538631579949833e-05,0.9932708018450199,3,1.8072289156626504,3
0.0004187664541234859,0.0008099976014942958,-0.8336660794986909,0.01699671444825087,0.8619448603907052,-1.205346318197714,0.020885352588500657,1.0337104710680185,5.5579374519982e-06,0.9960958156983827,3,1.606425702811245,3
0.0004466390350838517,0.0008192188082186408,-0.8220048011253728,0.017111740123471636,0.8502233902036551,-1.2168381523752774,-0.0003079186065084984,1.0341094218220022,-4.699852361421032e-06,0.9989320024851535,3,1.4056224899598395,3
0.0008371097883172435,0.0015177544110502098,-0.8106618251283761,0.016644751134727895,0.8384702249168147,-1.1780205107971136,-0.03027186353813003,1.034089737783431,3.455327435202278e-05,1.001705617975254,3,1.2048192771084336,3
0.00083702607308557,0.0015436514903078304,-0.7989665907384078,0.016929122516637963,0.8283925731435898,-1.1136438960331387,0.03368313929096643,1.03660203413259,1.4591043230305237e-05,1.0045318747015943,3,1.0040160642570282,3
0.0008090189952501964,0.001545865751953994,-0.7872698857883939,0.017087823926090127,0.815135715868247,-1.2436212845345123,0.047915831076026115,1.03515658976214,8.614549562042983e-07,1.0073818655223052,3,0.8032128514056227,3
0.0007252946248034231,0.0015238414892514845,-0.775516256634038,0.01742082747136872,0.803463848893257,-1.2639511713826632,0.019119591447579267,1.0357813290621325,-2.59928678038653e-05,1.0102306288794132,3,0.6024096385542173,3
0.0007809946616423036,0.001547551789599767,-0.7638913588299733,0.01762081450339635,0.7948715979802292,-1.078811091577033,-0.10414559191341997,1.0402846240873405,-4.35470089731927e-05,1.0130596477843068,3,0.4016064257028109,3
0.00033456443450448293,0.0007744005398340074,-0.7518310133437582,0.017000925527172982,0.7798723588545625,-1.2039753713999197,0.005198831862054718,1.037037603604792,-2.741116909870203e-07,1.0159737434902103,3,0.2008032128514054,3
0.0,0.0,-0.8788856978986028,0.18571725645523254,0.972390428954896,4.660642223575656,2.3987015664732128,1.082949474574828,0.0,0.8625976126267949,0,4.016064257028113,4
0.0,0.0,-0.9528965567247958,0.017460583728157043,0.972390428954896,3.2944138397436404,1.4856336778653696,1.0202896449188412,0.0,0.9561507209469999,0,3.8152610441767063,4
0.0,0.0,-0.9496694300347888,0.01619671261685036,0.972390428954896,-1.2822472025047347,0.12406102137181374,1.0237792577696059,0.0,0.9671402308007268,0,3.614457831325301,4
0.0,0.0,-0.9385345275644523,0.017005403805673454,0.9667817008967546,-1.20854396043717,0.008471646941718062,1.0299314365705388,0.0,0.9705333261647432,0,3.4136546184738954,4
0.0,0.0,-0.9268666483709856,0.017057679493838265,0.9555178015434204,-1.2014647409978092,0.00023178284351896774,1.0307407928288574,0.0,0.9734162545661981,0,3.21285140562249,4
0.0,0.0,-0.9151661154820114,0.017057910091769005,0.9438382585647486,-1.2009931999970038,-0.00030823692491322645,1.0311544643971164,0.0,0.9762653199999309,0,3.0120481927710845,4
0.0,0.0,-0.9034656405833761,0.01705473635126791,0.9321337921995788,-1.200962402446649,-0.0003434701046335323,1.031551212828177,0.0,0.9791116447661254,0,2.8112449799196786,4
0.0,0.0,-0.8917673567620936,0.01705134120104494,0.9204298888908704,-1.2009603935263349,-0.0003457682037505674,1.0319564107958281,0.0,0.9819572587504117,0,2.610441767068273,4
0.00041894012906589726,0.0014176739195425492,-0.8804721420288751,0.016441225306195597,0.9087282102311268,-1.279793684262268,-0.09656595560168853,1.0319156551502409,4.6604752972370344e-05,0.9847645992793274,4,2.409638554216868,4
0.0033512976108248465,0.006154814261058471,-0.8714091524468737,0.013342557636857603,0.8970288641371609,-1.219650914322021,-0.47423423493864597,1.02928209109814,0.00031916907324562924,0.9871793646143668,4,2.208835341365462,4
0.009075825989379217,0.01165188540406945,-0.8646993586710009,0.008985464732317183,0.8853318572088842,-0.4868820355951895,-0.9996099037891948,1.0238067232909946,0.0007190773666546099,0.989037887685909,4,2.0080321285140563,4
0.017591966880806043,0.016653176227829032,-0.8603296385188609,0.004394143820628768,0.8736371894393122,1.9672605163071095,-1.8277036641000635,1.015454987595995,0.0011121981731547553,0.9903282435959149,4,1.8072289156626504,4
0.028899162012849103,0.01991239694477584,-0.8582986989944122,0.0007029930450787007,0.8619448603907052,15.68382821286604,-3.784077791859711,1.004247796327067,0.0013644268565792782,0.9910497610782484,4,1.606425702811245,4
0.04257791309583067,0.020345163811072802,-0.8582052792372342,3.763318461226068e-05,0.8582207706123105,9.161159369647482,3.0649072188708244,1.0000180499547275,0.0013956667116244437,0.9912401978588581,4,1.4056224899598395,4
0.05653318485713385,0.020341095144504027,-0.8582197606712052,2.4541002431202504e-06,0.8582207708803525,9.16115936994638,3.064907218929708,1.0000011770944404,0.0013953876034027816,0.9912539748289045,4,1.2048192771084336,4
0.07048566581526626,0.02033702729159532,-0.8582207050210121,1.600345031866871e-07,0.8582207708978319,9.161159356626914,3.064907215717404,1.000000076759748,0.0013951085509977385,0.991254873239865,4,1.0040160642570282,4
0.0844353565283383,0.02033296025218396,-0.8582207666030738,1.043602124428613e-08,0.8582207708989714,9.161159390006732,3.0649072271094266,1.0000000050055857,0.0013948295543981535,0.9912549318262053,4,0.8032128514056227,4
0.09838225755434876,0.020328894026107266,-0.8582207706189058,6.805440767411783e-10,0.858220770899046,9.16115769904257,3.064906818872237,1.0000000003264198,0.0013945506135928654,0.9912549356466833,4,0.6024096385542173,4
0.11232636945118486,0.020324828613202586,-0.8582207708807826,4.4378963404955396e-11,0.8582207708990509,9.161158815011051,3.0649076347438555,1.0000000000212863,0.0013942717285707164,0.9912549358958205,4,0.4016064257028109,4
0.12626769277662223,0.020320764013307374,-0.85822077089786,2.8939654534066818e-12,0.8582207708990509,9.161853616484722,3.065078526413101,1.0000000000013878,0.0013939928993205576,0.9912549359120671,4,0.2008032128514054,4
0.0,0.0,-0.8788856978986028,0.18571725645523254,0.972390428954896,4.660642223575656,2.3987015664732128,1.082949474574828,0.0,0.8625976126267949,0,4.016064257028113,5
0.0,0.0,-0.9528965567247958,0.017460583728157043,0.972390428954896,3.2944138397436404,1.4856336778653696,1.0202896449188412,0.0,0.9561507209469999,0,3.8152610441767063,5
0.0,0.0,-0.9496694300347888,0.01619671261685036,0.972390428954896,-1.2822472025047347,0.12406102137181374,1.0237792577696059,0.0,0.9671402308007268,0,3.614457831325301,5
0.0,0.0,-0.9385345275644523,0.017005403805673454,0.9667817008967546,-1.20854396043717,0.008471646941718062,1.0299314365705388,0.0,0.9705333261647432,0,3.4136546184738954,5
0.0,0.0,-0.9268666483709856,0.017057679493838265,0.9555178015434204,-1.2014647409978092,0.00023178284351896774,1.0307407928288574,0.0,0.9734162545661981,0,3.21285140562249,5
0.0,0.0,-0.9151661154820114,0.017057910091769005,0.9438382585647486,-1.2009931999970038,-0.00030823692491322645,1.0311544643971164,0.0,0.9762653199999309,0,3.0120481927710845,5
0.0,0.0,-0.9034656405833761,0.01705473635126791,0.9321337921995788,-1.200962402446649,-0.0003434701046335323,1.031551212828177,0.0,0.9791116447661254,0,2.8112449799196786,5
0.0,0.0,-0.8917673567620936,0.01705134120104494,0.9204298888908704,-1.2009603935263349,-0.0003457682037505674,1.0319564107958281,0.0,0.9819572587504117,0,2.610441767068273,5
0.0,0.0,-0.8800714026831455,0.017047932249837996,0.9087282102311268,-1.200960262495523,-0.00034591809544606687,1.0323721103087673,0.0,0.9848022944313022,0,2.409638554216868,5
0.0,0.0,-0.8683777869516976,0.017044523036105808,0.8970288641371609,-1.2009602539491493,-0.0003459278719554448,1.0327988433219055,0.0,0.9876467605542476,0,2.208835341365462,5
0.0,0.0,-0.8566865096916563,0.017041114442579167,0.8853318572088842,-1.20096025339172,-0.00034592850964441734,1.0332370627452199,0.0,0.9904906577959081,0,2.0080321285140563,5
0.0,0.0,-0.8449975704739443,0.01703770652669445,0.8736371894393122,-1.2009602533553723,-0.00034592855124180173,1.0336872390747642,0.0,0.9933339863067472,0,1.8072289156626504,5
0.0,0.0,-0.8333109688335107,0.017034299292069694,0.8619448603907052,-1.2009602533529893,-0.00034592855395746455,1.0341498683534556,0.0,0.9961767462028946,0,1.606425702811245,5
0.0,0.0,-0.8216267043030462,0.01703089273881347,0.8502548695973204,-1.2009602533528354,-0.00034592855413536765,1.0346254744073256,0.0,0.9990189375982189,0,1.4056224899598395,5
0.0,0.0,-0.8099447764151816,0.017027486866805545,0.838567216591677,-1.2009602533528203,-0.0003459285541160939,1.0351146108495233,0.0,1.0018605606064204,0,1.2048192771084336,5
0.0,0.0,-0.7982651847026309,0.017024081675910636,0.8268819009062672,-1.200960253352843,-0.0003459285541226218,1.0356178632296569,0.0,1.004701615341166,0,1.0040160642570282,5
0.0,0.0,-0.7865879286982012,0.01702067716599261,0.8151989220736707,-1.2009602533528325,-0.0003459285541533487,1.0361358513698935,0.0,1.0075421019161015,0,0.8032128514056227,5
0.0,0.0,-0.774913007934793,0.01701727333691521,0.8035182796265578,-1.2009602533528247,-0.00034592855415662685,1.0366692319089588,0.0,1.0103820204448477,0,0.6024096385542173,5
0.0,0.0,-0.7632404219454003,0.017013870188542373,0.7918399730976942,-1.2009602533528174,-0.0003459285541237293,1.0372187010760898,0.0,1.0132213710410043,0,0.4016064257028109,5
0.0,0.0,-0.7515701702631101,0.01701046772073805,0.7801640020199375,-1.2009602533528279,-0.00034592855408910306,1.0377849977195388,0.0,1.0160601538181468,0,0.2008032128514054,5
0.0,0.0,-0.8788856978986028,0.18571725645523254,0.972390428954896,4.660642223575656,2.3987015664732128,1.082949474574828,0.0,0.8625976126267949,0,4.016064257028113,6
0.0,0.0,-0.9528965567247958,0.017460583728157043,0.972390428954896,3.2944138397436404,1.4856336778653696,1.0202896449188412,0.0,0.9561507209469999,1,3.8152610441767063,6
0.0,0.0,-0.9496694300347888,0.01619671261685036,0.972390428954896,-1.2822472025047347,0.12406102137181374,1.0237792577696059,0.0,0.9671402308007268,1,3.614457831325301,6
0.0,0.0,-0.9385345275644523,0.017005403805673454,0.9667817008967546,-1.20854396043717,0.008471646941718062,1.0299314365705388,0.0,0.9705333261647432,1,3.4136546184738954,6
0.0,0.0,-0.9268666483709856,0.017057679493838265,0.9555178015434204,-1.2014647409978092,0.00023178284351896774,1.0307407928288574,0.0,0.9734162545661981,1,3.21285140562249,6
0.0,0.0,-0.9151661154820114,0.017057910091769005,0.9438382585647486,-1.2009931999970038,-0.00030823692491322645,1.0311544643971164,0.0,0.9762653199999309,1,3.0120481927710845,6
0.0,0.0,-0.9034656405833761,0.01705473635126791,0.9321337921995788,-1.200962402446649,-0.0003434701046335323,1.031551212828177,0.0,0.9791116447661254,1,2.8112449799196786,6
0.0,0.0,-0.8917673567620936,0.01705134120104494,0.9204298888908704,-1.2009603935263349,-0.0003457682037505674,1.0319564107958281,0.0,0.9819572587504117,1,2.610441767068273,6
0.0,0.0,-0.8800714026831455,0.017047932249837996,0.9087282102311268,-1.200960262495523,-0.00034591809544606687,1.0323721103087673,0.0,0.9848022944313022,1,2.409638554216868,6
0.0,0.0,-0.8683777869516976,0.017044523036105808,0.8970288641371609,-1.2009602539491493,-0.0003459278719554448,1.0327988433219055,0.0,0.9876467605542476,1,2.208835341365462,6
0.0,0.0,-0.8566865096916563,0.017041114442579167,0.8853318572088842,-1.20096025339172,-0.00034592850964441734,1.0332370627452199,0.0,0.9904906577959081,1,2.0080321285140563,6
0.0,0.0,-0.8449975704739443,0.01703770652669445,0.8736371894393122,-1.2009602533553723,-0.00034592855124180173,1.0336872390747642,0.0,0.9933339863067472,1,1.8072289156626504,6
0.0,0.0,-0.8333109688335107,0.017034299292069694,0.8619448603907052,-1.2009602533529893,-0.00034592855395746455,1.0341498683534556,0.0,0.9961767462028946,1,1.606425702811245,6
0.0,0.0,-0.8216267043030462,0.01703089273881347,0.8502548695973204,-1.2009602533528354,-0.00034592855413536765,1.0346254744073256,0.0,0.9990189375982189,1,1.4056224899598395,6
0.0,0.0,-0.8099447764151816,0.017027486866805545,0.838567216591677,-1.2009602533528203,-0.0003459285541160939,1.0351146108495233,0.0,1.0018605606064204,1,1.2048192771084336,6
0.0,0.0,-0.7982651847026309,0.017024081675910636,0.8268819009062672,-1.200960253352843,-0.0003459285541226218,1.0356178632296569,0.0,1.004701615341166,1,1.0040160642570282,6
0.0,0.0,-0.7865879286982012,0.01702067716599261,0.8151989220736707,-1.2009602533528325,-0.0003459285541533487,1.0361358513698935,0.0,1.0075421019161015,1,0.8032128514056227,6
0.0,0.0,-0.774913007934793,0.01701727333691521,0.8035182796265578,-1.2009602533528247,-0.00034592855415662685,1.0366692319089588,0.0,1.0103820204448477,1,0.6024096385542173,6
0.0,0.0,-0.7632404219454003,0.017013870188542373,0.7918399730976942,-1.2009602533528174,-0.0003459285541237293,1.0372187010760898,0.0,1.0132213710410043,1,0.4016064257028109,6
0.0,0.0,-0.7515701702631101,0.01701046772073805,0.7801640020199375,-1.2009602533528279,-0.00034592855408910306,1.0377849977195388,0.0,1.0160601538181468,1,0.2008032128514054,6
0.0,0.0,-0.8788856978986028,0.18571725645523254,0.972390428954896,4.660642223575656,2.3987015664732128,1.082949474574828,0.0,0.8625976126267949,0,4.016064257028113,7
0.0,0.0,-0.9528965567247958,0.017460583728157043,0.972390428954896,3.2944138397436404,1.4856336778653696,1.0202896449188412,0.0,0.9561507209469999,0,3.8152610441767063,7
0.0,0.0,-0.9496694300347888,0.01619671261685036,0.972390428954896,-1.2822472025047347,0.12406102137181374,1.0237792577696059,0.0,0.9671402308007268,0,3.614457831325301,7
0.0,0.0,-0.9385345275644523,0.017005403805673454,0.9667817008967546,-1.20854396043717,0.008471646941718062,1.0299314365705388,0.0,0.9705333261647432,0,3.4136546184738954,7
0.0,0.0,-0.9268666483709856,0.017057679493838265,0.9555178015434204,-1.2014647409978092,0.00023178284351896774,1.0307407928288574,0.0,0.9734162545661981,0,3.21285140562249,7
0.0,0.0,-0.9151661154820114,0.017057910091769005,0.9438382585647486,-1.2009931999970038,-0.00030823692491322645,1.0311544643971164,0.0,0.9762653199999309,0,3.0120481927710845,7
0.0,0.0,-0.9034656405833761,0.01705473635126791,0.9321337921995788,-1.200962402446649,-0.0003434701046335323,1.031551212828177,0.0,0.9791116447661254,0,2.8112449799196786,7
0.0,0.0,-0.8917673567620936,0.01705134120104494,0.9204298888908704,-1.2009603935263349,-0.0003457682037505674,1.0319564107958281,0.0,0.9819572587504117,0,2.610441767068273,7
0.15,0.45456864504849487,-0.7392743714221268,0.43614956702349555,0.9087282102311268,5.158438800201187,2.6696090747069126,1.0614444645906649,0.016206482593037214,1.0008544764054803,2,2.409638554216868,7
0.45,0.6943650748294136,-0.4715648454579808,0.626968485782328,0.8970288641371609,-1.199927671470181,0.8835874345443028,1.1507928197402932,0.03781512605042016,1.0601371838149876,2,2.208835341365462,7
0.75,0.7576144084141581,-0.20842173346663898,0.6708645769158168,0.8853318572088842,-1.9823093657441677,0.011383848595913652,1.2719212576919534,0.045018007202881134,1.1237613738001329,2,2.0080321285140563,7
1.05,0.6943650748294137,0.05442141223451252,0.6097241570907004,0.8736371894393122,-1.239387285846389,-0.8569041695206937,1.44153961082499,0.03781512605042016,1.1876681448767703,2,1.8072289156626504,7
1.35,0.45456864504849487,0.3172428117018248,0.3984243114259671,0.8619448603907052,4.950397787874801,-2.6092101308836972,1.7028694953937,0.016206482593037207,1.2515928118416524,2,1.606425702811245,7
1.5,1.2285357956997882e-16,0.4392635771388839,0.013622428840630888,0.467806288384623,-1.1511748461393876,0.28509615236728403,1.0644770315164036,-1.2684018023958378e-17,1.2994659324215303,2,1.4056224899598395,7
1.5,1.2688263138573217e-16,0.44606304442666894,0.01653214462970419,0.4743357316333938,-1.2553622030012093,0.07194623158789284,1.0626677037869108,4.9859268185369136e-18,1.3069525038218983,2,1.2048192771084336,7
1.5,1.2285357956997882e-16,0.457424245658342,0.016990992135847083,0.4860095953112739,-1.2052161405760113,0.004566450402474316,1.0617743890566962,-1.2684018023958378e-17,1.3100964606122616,2,1.0040160642570282,7
1.5,1.18687833744435e-16,0.46908073907877623,0.017018516109385526,0.4976811299342643,-1.2012408484553825,-2.475709879769803e-05,1.060287506628912,-1.2684018023958378e-17,1.3129566997544055,2,0.8032128514056227,7
1.5,1.18687833744435e-16,0.4807543058918622,0.017017132398294887,0.5093503308195708,-1.2009785677148337,-0.00032497719237337277,1.0588317238335119,4.9859268185369136e-18,1.3157979063691982,2,0.6024096385542173,7
1.5,1.18687833744435e-16,0.4924268035887055,0.0170138609977254,0.5210171980981566,-1.2009614479452946,-0.0003445620063621106,1.057441822086326,-1.2684018023958378e-17,1.3186373409628243,2,0.4016064257028109,7
1.5,1.3457935360146644e-16,0.5040970495133441,0.017010467121394795,0.5326817322148065,-1.2009603312692851,-0.00034583942219742445,1.0561156191533256,-2.0192629026742142e-18,1.3214761292175317,2,0.2008032128514054,7
0.0,0.0,-0.8788856978986028,0.18571725645523254,0.972390428954896,4.660642223575656,2.3987015664732128,1.082949474574828,0.0,0.8625976126267949,0,4.016064257028113,8
0.0,0.0,-0.9528965567247958,0.017460583728157043,0.972390428954896,3.2944138397436404,1.4856336778653696,1.0202896449188412,0.0,0.9561507209469999,0,3.8152610441767063,8
0.0,0.0,-0.9496694300347888,0.01619671261685036,0.972390428954896,-1.2822472025047347,0.12406102137181374,1.0237792577696059,0.0,0.9671402308007268,0,3.614457831325301,8
0.0,0.0,-0.9385345275644523,0.017005403805673454,0.9667817008967546,-1.20854396043717,0.008471646941718062,1.0299314365705388,0.0,0.9705333261647432,0,3.4136546184738954,8
0.0,0.0,-0.9268666483709856,0.017057679493838265,0.9555178015434204,-1.2014647409978092,0.00023178284351896774,1.0307407928288574,0.0,0.9734162545661981,0,3.21285140562249,8
0.0,0.0,-0.9151661154820114,0.017057910091769005,0.9438382585647486,-1.2009931999970038,-0.00030823692491322645,1.0311544643971164,0.0,0.9762653199999309,0,3.0120481927710845,8
0.0,0.0,-0.9034656405833761,0.01705473635126791,0.9321337921995788,-1.200962402446649,-0.0003434701046335323,1.031551212828177,0.0,0.9791116447661254,0,2.8112449799196786,8
0.0,0.0,-0.8917673567620936,0.01705134120104494,0.9204298888908704,-1.2009603935263349,-0.0003457682037505674,1.0319564107958281,0.0,0.9819572587504117,0,2.610441767068273,8
2.792841095718035e-05,0.00019748368775586903,-0.8800982442095838,0.017004954013833385,0.9087282102311268,-1.208227447401367,-0.007602161298975812,1.0323415916903165,3.151585390125993e-06,0.9847999018137257,3,2.409638554216868,8
0.00011169632983368483,0.00047535343238082887,-0.8684840731792728,0.016889249235940325,0.8970288641371609,-1.222229087541314,-0.023258719141588263,1.0326760292180628,1.1531451306692052e-05,0.9876361800515191,3,2.208835341365462,8
0.00041880776604684146,0.0010266250544985669,-0.8570641335841062,0.016583752779745668,0.8853318572088842,-1.2117175204562092,-0.042668106928232426,1.0327925841105072,3.653338892505638e-05,0.9904311040281526,3,2.0080321285140563,8
0.0005583761087601197,0.001092279176260752,-0.8454757473782882,0.016708083094898636,0.8736371894393122,-1.151953826821763,0.023883813618894457,1.0331107219799258,2.9893420619405147e-05,0.993230525705747,3,1.8072289156626504,8
0.0006141916116816615,0.0010980730457594984,-0.8338308742493686,0.016981527863423412,0.8619448603907052,-1.2043174433648614,0.0547612351825772,1.0335066318328403,8.574999784595534e-06,0.9960571686850632,3,1.606425702811245,8
0.0008373883145388439,0.0012609925951092183,-0.822339064232868,0.01700053779361617,0.8502135091202032,-1.2525329696069039,0.00697975862305039,1.0336800836982094,6.68642586092479e-06,0.9988592557480425,3,1.4056224899598395,8
0.000920991011270696,0.001340526177684421,-0.8107271117462729,0.017105049914567735,0.842602841694186,-1.188598022475526,-0.05412113065266264,1.03909083724195,-3.978062235605576e-06,1.0016838474369878,3,1.2048192771084336,8
0.0006696615983093152,0.0011358161836161485,-0.7988044352159993,0.017034378479282675,0.8265589438758966,-1.1780838615740084,0.02107442923261703,1.0345145687323143,6.585107602478423e-07,1.004544971872487,3,1.0040160642570282,8
0.0005858607771728086,0.001094757739556725,-0.7870751504207218,0.017115196876927814,0.8153284802505104,-1.2369576651682834,0.01982046777088157,1.035656675489925,-5.166062908675246e-06,1.007419761470586,3,0.8032128514056227,8
0.0005858038736491606,0.0010947148382502213,-0.775402278691741,0.01729958058859018,0.8062400126808049,-1.1899589092790661,-0.02757537161366232,1.0395164732217848,-1.9635324865609285e-05,1.0102616862599418,3,0.6024096385542173,8
0.0004461753297106863,0.0009102443979171931,-0.7636073216751987,0.017024375795840825,0.7916627578493807,-1.2169176522209202,-0.01239441654273874,1.036488247054447,-2.7821286787340497e-07,1.0131242472346147,3,0.4016064257028109,8
0.00036241362363927056,0.0006787722430083045,-0.7518544560586433,0.016911219035473258,0.7798755442553894,-1.1865952885451583,0.011719324920050685,1.0370122539982862,6.888144305259222e-06,1.0159681966215102,3,0.2008032128514054,8
0.0,0.0,-0.8788856978986028,0.18571725645523254,0.972390428954896,4.660642223575656,2.3987015664732128,1.082949474574828,0.0,0.8625976126267949,0,4.016064257028113,9
0.0,0.0,-0.9528965567247958,0.017460583728157043,0.972390428954896,3.2944138397436404,1.4856336778653696,1.0202896449188412,0.0,0.9561507209469999,0,3.8152610441767063,9
0.0,0.0,-0.9496694300347888,0.01619671261685036,0.972390428954896,-1.2822472025047347,0.12406102137181374,1.0237792577696059,0.0,0.9671402308007268,0,3.614457831325301,9
0.0,0.0,-0.9385345275644523,0.017005403805673454,0.9667817008967546,-1.20854396043717,0.008471646941718062,1.0299314365705388,0.0,0.9705333261647432,0,3.4136546184738954,9
0.0,0.0,-0.9268666483709856,0.017057679493838265,0.9555178015434204,-1.2014647409978092,0.00023178284351896774,1.0307407928288574,0.0,0.9734162545661981,0,3.21285140562249,9
0.0,0.0,-0.9151661154820114,0.017057910091769005,0.9438382585647486,-1.2009931999970038,-0.00030823692491322645,1.0311544643971164,0.0,0.9762653199999309,0,3.0120481927710845,9
0.0,0.0,-0.9034656405833761,0.01705473635126791,0.9321337921995788,-1.200962402446649,-0.0003434701046335323,1.031551212828177,0.0,0.9791116447661254,0,2.8112449799196786,9
0.0,0.0,-0.8917673567620936,0.01705134120104494,0.9204298888908704,-1.2009603935263349,-0.0003457682037505674,1.0319564107958281,0.0,0.9819572587504117,0,2.610441767068273,9
0.00041894012906589726,0.0014176739195425492,-0.8804721420288751,0.016441225306195597,0.9087282102311268,-1.279793684262268,-0.09656595560168853,1.0319156551502409,4.6604752972370344e-05,0.9847645992793274,4,2.409638554216868,9
0.0033512976108248465,0.006154814261058471,-0.8714091524468737,0.013342557636857603,0.8970288641371609,-1.219650914322021,-0.47423423493864597,1.02928209109814,0.00031916907324562924,0.9871793646143668,4,2.208835341365462,9
0.009075825989379217,0.01165188540406945,-0.8646993586710009,0.008985464732317183,0.8853318572088842,-0.4868820355951895,-0.9996099037891948,1.0238067232909946,0.0007190773666546099,0.989037887685909,4,2.0080321285140563,9
0.017591966880806043,0.016653176227829032,-0.8603296385188609,0.004394143820628768,0.8736371894393122,1.9672605163071095,-1.8277036641000635,1.015454987595995,0.0011121981731547553,0.9903282435959149,4,1.8072289156626504,9
0.028899162012849103,0.01991239694477584,-0.8582986989944122,0.0007029930450787007,0.8619448603907052,15.68382821286604,-3.784077791859711,1.004247796327067,0.0013644268565792782,0.9910497610782484,4,1.606425702811245,9
0.04257791309583067,0.020345163811072802,-0.8582052792372342,3.763318461226068e-05,0.8582207706123105,9.161159369647482,3.0649072188708244,1.0000180499547275,0.0013956667116244437,0.9912401978588581,4,1.4056224899598395,9
0.05653318485713385,0.020341095144504027,-0.8582197606712052,2.4541002431202504e-06,0.8582207708803525,9.16115936994638,3.064907218929708,1.0000011770944404,0.0013953876034027816,0.9912539748289045,4,1.2048192771084336,9
0.07048566581526626,0.02033702729159532,-0.8582207050210121,1.600345031866871e-07,0.8582207708978319,9.161159356626914,3.064907215717404,1.000000076759748,0.0013951085509977385,0.991254873239865,4,1.0040160642570282,9
0.0844353565283383,0.02033296025218396,-0.8582207666030738,1.043602124428613e-08,0.8582207708989714,9.161159390006732,3.0649072271094266,1.0000000050055857,0.0013948295543981535,0.9912549318262053,4,0.8032128514056227,9
0.09838225755434876,0.020328894026107266,-0.8582207706189058,6.805440767411783e-10,0.858220770899046,9.16115769904257,3.064906818872237,1.0000000003264198,0.0013945506135928654,0.9912549356466833,4,0.6024096385542173,9
0.11232636945118486,0.020324828613202586,-0.8582207708807826,4.4378963404955396e-11,0.8582207708990509,9.161158815011051,3.0649076347438555,1.0000000000212863,0.0013942717285707164,0.9912549358958205,4,0.4016064257028109,9
0.12626769277662223,0.020320764013307374,-0.85822077089786,2.8939654534066818e-12,0.8582207708990509,9.161853616484722,3.065078526413101,1.0000000000013878,0.0013939928993205576,0.9912549359120671,4,0.2008032128514054,9
0.0,0.0,-0.8788856978986028,0.18571725645523254,0.972390428954896,4.660642223575656,2.3987015664732128,1.082949474574828,0.0,0.8625976126267949,0,4.016064257028113,10
0.0,0.0,-0.9528965567247958,0.017460583728157043,0.972390428954896,3.2944138397436404,1.4856336778653696,1.0202896449188412,0.0,0.9561507209469999,0,3.8152610441767063,10
0.0,0.0,-0.9496694300347888,0.01619671261685036,0.972390428954896,-1.2822472025047347,0.12406102137181374,1.0237792577696059,0.0,0.9671402308007268,0,3.614457831325301,10
0.0,0.0,-0.9385345275644523,0.017005403805673454,0.9667817008967546,-1.20854396043717,0.008471646941718062,1.0299314365705388,0.0,0.9705333261647432,0,3.4136546184738954,10
0.0,0.0,-0.9268666483709856,0.017057679493838265,0.9555178015434204,-1.2014647409978092,0.00023178284351896774,1.0307407928288574,0.0,0.9734162545661981,0,3.21285140562249,10
0.0,0.0,-0.9151661154820114,0.017057910091769005,0.9438382585647486,-1.2009931999970038,-0.00030823692491322645,1.0311544643971164,0.0,0.9762653199999309,0,3.0120481927710845,10
0.0,0.0,-0.9034656405833761,0.01705473635126791,0.9321337921995788,-1.200962402446649,-0.0003434701046335323,1.031551212828177,0.0,0.9791116447661254,0,2.8112449799196786,10
0.0,0.0,-0.8917673567620936,0.01705134120104494,0.9204298888908704,-1.2009603935263349,-0.0003457682037505674,1.0319564107958281,0.0,0.9819572587504117,0,2.610441767068273,10
0.0,0.0,-0.8800714026831455,0.017047932249837996,0.9087282102311268,-1.200960262495523,-0.00034591809544606687,1.0323721103087673,0.0,0.9848022944313022,0,2.409638554216868,10
0.0,0.0,-0.8683777869516976,0.017044523036105808,0.8970288641371609,-1.2009602539491493,-0.0003459278719554448,1.0327988433219055,0.0,0.9876467605542476,0,2.208835341365462,10
0.0,0.0,-0.8566865096916563,0.017041114442579167,0.8853318572088842,-1.20096025339172,-0.00034592850964441734,1.0332370627452199,0.0,0.9904906577959081,0,2.0080321285140563,10
0.0,0.0,-0.8449975704739443,0.01703770652669445,0.8736371894393122,-1.2009602533553723,-0.00034592855124180173,1.0336872390747642,0.0,0.9933339863067472,0,1.8072289156626504,10
0.0,0.0,-0.8333109688335107,0.017034299292069694,0.8619448603907052,-1.2009602533529893,-0.00034592855395746455,1.0341498683534556,0.0,0.9961767462028946,0,1.606425702811245,10
0.0,0.0,-0.8216267043030462,0.01703089273881347,0.8502548695973204,-1.2009602533528354,-0.00034592855413536765,1.0346254744073256,0.0,0.9990189375982189,0,1.4056224899598395,10
0.0,0.0,-0.8099447764151816,0.017027486866805545,0.838567216591677,-1.2009602533528203,-0.0003459285541160939,1.0351146108495233,0.0,1.0018605606064204,0,1.2048192771084336,10
0.0,0.0,-0.7982651847026309,0.017024081675910636,0.8268819009062672,-1.200960253352843,-0.0003459285541226218,1.0356178632296569,0.0,1.004701615341166,0,1.0040160642570282,10
0.0,0.0,-0.7865879286982012,0.01702067716599261,0.8151989220736707,-1.2009602533528325,-0.0003459285541533487,1.0361358513698935,0.0,1.0075421019161015,0,0.8032128514056227,10
0.0,0.0,-0.774913007934793,0.01701727333691521,0.8035182796265578,-1.2009602533528247,-0.00034592855415662685,1.0366692319089588,0.0,1.0103820204448477,0,0.6024096385542173,10
0.0,0.0,-0.7632404219454003,0.017013870188542373,0.7918399730976942,-1.2009602533528174,-0.0003459285541237293,1.0372187010760898,0.0,1.0132213710410043,0,0.4016064257028109,10
0.0,0.0,-0.7515701702631101,0.01701046772073805,0.7801640020199375,-1.2009602533528279,-0.00034592855408910306,1.0377849977195388,0.0,1.0160601538181468,0,0.2008032128514054,10
0.0,0.0,-0.8788856978986028,0.18571725645523254,0.972390428954896,4.660642223575656,2.3987015664732128,1.082949474574828,0.0,0.8625976126267949,0,4.016064257028113,11
0.0,0.0,-0.9528965567247958,0.017460583728157043,0.972390428954896,3.2944138397436404,1.4856336778653696,1.0202896449188412,0.0,0.9561507209469999,1,3.8152610441767063,11
0.0,0.0,-0.9496694300347888,0.01619671261685036,0.972390428954896,-1.2822472025047347,0.12406102137181374,1.0237792577696059,0.0,0.9671402308007268,1,3.614457831325301,11
0.0,0.0,-0.9385345275644523,0.017005403805673454,0.9667817008967546,-1.20854396043717,0.008471646941718062,1.0299314365705388,0.0,0.9705333261647432,1,3.4136546184738954,11
0.0,0.0,-0.9268666483709856,0.017057679493838265,0.9555178015434204,-1.2014647409978092,0.00023178284351896774,1.0307407928288574,0.0,0.9734162545661981,1,3.21285140562249,11
0.0,0.0,-0.9151661154820114,0.017057910091769005,0.9438382585647486,-1.2009931999970038,-0.00030823692491322645,1.0311544643971164,0.0,0.9762653199999309,1,3.0120481927710845,11
0.0,0.0,-0.9034656405833761,0.01705473635126791,0.9321337921995788,-1.200962402446649,-0.0003434701046335323,1.031551212828177,0.0,0.9791116447661254,1,2.8112449799196786,11
0.0,0.0,-0.8917673567620936,0.01705134120104494,0.9204298888908704,-1.2009603935263349,-0.0003457682037505674,1.0319564107958281,0.0,0.9819572587504117,1,2.610441767068273,11
0.0,0.0,-0.8800714026831455,0.017047932249837996,0.9087282102311268,-1.200960262495523,-0.00034591809544606687,1.0323721103087673,0.0,0.9848022944313022,1,2.409638554216868,11
0.0,0.0,-0.8683777869516976,0.017044523036105808,0.8970288641371609,-1.2009602539491493,-0.0003459278719554448,1.0327988433219055,0.0,0.9876467605542476,1,2.208835341365462,11
0.0,0.0,-0.8566865096916563,0.017041114442579167,0.8853318572088842,-1.20096025339172,-0.00034592850964441734,1.0332370627452199,0.0,0.9904906577959081,1,2.0080321285140563,11
0.0,0.0,-0.8449975704739443,0.01703770652669445,0.8736371894393122,-1.2009602533553723,-0.00034592855124180173,1.0336872390747642,0.0,0.9933339863067472,1,1.8072289156626504,11
0.0,0.0,-0.8333109688335107,0.017034299292069694,0.8619448603907052,-1.2009602533529893,-0.00034592855395746455,1.0341498683534556,0.0,0.9961767462028946,1,1.606425702811245,11
0.0,0.0,-0.8216267043030462,0.01703089273881347,0.8502548695973204,-1.2009602533528354,-0.00034592855413536765,1.0346254744073256,0.0,0.9990189375982189,1,1.4056224899598395,11
0.0,0.0,-0.8099447764151816,0.017027486866805545,0.838567216591677,-1.2009602533528203,-0.0003459285541160939,1.0351146108495233,0.0,1.0018605606064204,1,1.2048192771084336,11
0.0,0.0,-0.7982651847026309,0.017024081675910636,0.8268819009062672,-1.200960253352843,-0.0003459285541226218,1.0356178632296569,0.0,1.004701615341166,1,1.0040160642570282,11
0.0,0.0,-0.7865879286982012,0.01702067716599261,0.8151989220736707,-1.2009602533528325,-0.0003459285541533487,1.0361358513698935,0.0,1.0075421019161015,1,0.8032128514056227,11
0.0,0.0,-0.774913007934793,0.01701727333691521,0.8035182796265578,-1.2009602533528247,-0.00034592855415662685,1.0366692319089588,0.0,1.0103820204448477,1,0.6024096385542173,11
0.0,0.0,-0.7632404219454003,0.017013870188542373,0.7918399730976942,-1.2009602533528174,-0.0003459285541237293,1.0372187010760898,0.0,1.0132213710410043,1,0.4016064257028109,11
0.0,0.0,-0.7515701702631101,0.01701046772073805,0.7801640020199375,-1.2009602533528279,-0.00034592855408910306,1.0377849977195388,0.0,1.0160601538181468,1,0.2008032128514054,11
0.0,0.0,-0.8788856978986028,0.18571725645523254,0.972390428954896,4.660642223575656,2.3987015664732128,1.082949474574828,0.0,0.8625976126267949,0,4.016064257028113,12
0.0,0.0,-0.9528965567247958,0.017460583728157043,0.972390428954896,3.2944138397436404,1.4856336778653696,1.0202896449188412,0.0,0.9561507209469999,0,3.8152610441767063,12
0.0,0.0,-0.9496694300347888,0.01619671261685036,0.972390428954896,-1.2822472025047347,0.12406102137181374,1.0237792577696059,0.0,0.9671402308007268,0,3.614457831325301,12
0.0,0.0,-0.9385345275644523,0.017005403805673454,0.9667817008967546,-1.20854396043717,0.008471646941718062,1.0299314365705388,0.0,0.9705333261647432,0,3.4136546184738954,12
0.0,0.0,-0.9268666483709856,0.017057679493838265,0.9555178015434204,-1.2014647409978092,0.00023178284351896774,1.0307407928288574,0.0,0.9734162545661981,0,3.21285140562249,12
0.0,0.0,-0.9151661154820114,0.017057910091769005,0.9438382585647486,-1.2009931999970038,-0.00030823692491322645,1.0311544643971164,0.0,0.9762653199999309,0,3.0120481927710845,12
0.0,0.0,-0.9034656405833761,0.01705473635126791,0.9321337921995788,-1.200962402446649,-0.0003434701046335323,1.031551212828177,0.0,0.9791116447661254,0,2.8112449799196786,12
0.0,0.0,-0.8917673567620936,0.01705134120104494,0.9204298888908704,-1.2009603935263349,-0.0003457682037505674,1.0319564107958281,0.0,0.9819572587504117,0,2.610441767068273,12
0.15,0.45456864504849487,-0.7392743714221268,0.43614956702349555,0.9087282102311268,5.158438800201187,2.6696090747069126,1.0614444645906649,0.016206482593037214,1.0008544764054803,2,2.409638554216868,12
0.45,0.6943650748294136,-0.4715648454579808,0.626968485782328,0.8970288641371609,-1.199927671470181,0.8835874345443028,1.1507928197402932,0.03781512605042016,1.0601371838149876,2,2.208835341365462,12
0.75,0.7576144084141581,-0.20842173346663898,0.6708645769158168,0.8853318572088842,-1.9823093657441677,0.011383848595913652,1.2719212576919534,0.045018007202881134,1.1237613738001329,2,2.0080321285140563,12
1.05,0.6943650748294137,0.05442141223451252,0.6097241570907004,0.8736371894393122,-1.239387285846389,-0.8569041695206937,1.44153961082499,0.03781512605042016,1.1876681448767703,2,1.8072289156626504,12
1.35,0.45456864504849487,0.3172428117018248,0.3984243114259671,0.8619448603907052,4.950397787874801,-2.6092101308836972,1.7028694953937,0.016206482593037207,1.2515928118416524,2,1.606425702811245,12
1.5,1.2285357956997882e-16,0.4392635771388839,0.013622428840630888,0.467806288384623,-1.1511748461393876,0.28509615236728403,1.0644770315164036,-1.2684018023958378e-17,1.2994659324215303,2,1.4056224899598395,12
1.5,1.2688263138573217e-16,0.44606304442666894,0.01653214462970419,0.4743357316333938,-1.2553622030012093,0.07194623158789284,1.0626677037869108,4.9859268185369136e-18,1.3069525038218983,2,1.2048192771084336,12
1.5,1.2285357956997882e-16,0.457424245658342,0.016990992135847083,0.4860095953112739,-1.2052161405760113,0.004566450402474316,1.0617743890566962,-1.2684018023958378e-17,1.3100964606122616,2,1.0040160642570282,12
1.5,1.18687833744435e-16,0.46908073907877623,0.017018516109385526,0.4976811299342643,-1.2012408484553825,-2.475709879769803e-05,1.060287506628912,-1.2684018023958378e-17,1.3129566997544055,2,0.8032128514056227,12
1.5,1.18687833744435e-16,0.4807543058918622,0.017017132398294887,0.5093503308195708,-1.2009785677148337,-0.00032497719237337277,1.0588317238335119,4.9859268185369136e-18,1.3157979063691982,2,0.6024096385542173,12
1.5,1.18687833744435e-16,0.4924268035887055,0.0170138609977254,0.5210171980981566,-1.2009614479452946,-0.0003445620063621106,1.057441822086326,-1.2684018023958378e-17,1.3186373409628243,2,0.4016064257028109,12
1.5,1.3457935360146644e-16,0.5040970495133441,0.017010467121394795,0.5326817322148065,-1.2009603312692851,-0.00034583942219742445,1.0561156191533256,-2.0192629026742142e-18,1.3214761292175317,2,0.2008032128514054,12
0.0,0.0,-0.8788856978986028,0.18571725645523254,0.972390428954896,4.660642223575656,2.3987015664732128,1.082949474574828,0.0,0.8625976126267949,0,4.016064257028113,13
0.0,0.0,-0.9528965567247958,0.017460583728157043,0.972390428954896,3.2944138397436404,1.4856336778653696,1.0202896449188412,0.0,0.9561507209469999,0,3.8152610441767063,13
0.0,0.0,-0.9496694300347888,0.01619671261685036,0.972390428954896,-1.2822472025047347,0.12406102137181374,1.0237792577696059,0.0,0.9671402308007268,0,3.614457831325301,13
0.0,0.0,-0.9385345275644523,0.017005403805673454,0.9667817008967546,-1.20854396043717,0.008471646941718062,1.0299314365705388,0.0,0.9705333261647432,0,3.4136546184738954,13
0.0,0.0,-0.9268666483709856,0.017057679493838265,0.9555178015434204,-1.2014647409978092,0.00023178284351896774,1.0307407928288574,0.0,0.9734162545661981,0,3.21285140562249,13
0.0,0.0,-0.9151661154820114,0.017057910091769005,0.9438382585647486,-1.2009931999970038,-0.00030823692491322645,1.0311544643971164,0.0,0.9762653199999309,0,3.0120481927710845,13
0.0,0.0,-0.9034656405833761,0.01705473635126791,0.9321337921995788,-1.200962402446649,-0.0003434701046335323,1.031551212828177,0.0,0.9791116447661254,0,2.8112449799196786,13
0.0,0.0,-0.8917673567620936,0.01705134120104494,0.9204298888908704,-1.2009603935263349,-0.0003457682037505674,1.0319564107958281,0.0,0.9819572587504117,0,2.610441767068273,13
0.00016757158291302976,0.0007269742590188101,-0.8802348863429392,0.0167879850657356,0.9087282102311268,-1.2455735002465902,-0.04475901584474859,1.032186180410606,1.9177855758954807e-05,0.9847902536810784,3,2.409638554216868,13
0.00036303862358184837,0.0010096485509864194,-0.8687017479178958,0.01665514369218828,0.8970288641371609,-1.1932875711503599,-0.03131604439873104,1.032422624894695,3.1981871715881415e-05,0.9875919234897411,3,2.208835341365462,13
0.00047471708294098247,0.0010782158787899776,-0.8570911102395342,0.016774813912147236,0.8853318572088842,-1.1494460664608082,0.02840410702770343,1.0327557002968817,2.5006269693707993e-05,0.990400859060143,3,2.0080321285140563,13
0.0005026309747545782,0.0010837275862200556,-0.845419959872535,0.017032967870100085,0.8736371894393122,-1.2051784119347455,0.05598357015355004,1.0331711072646064,4.824517285330042e-06,0.993233197173342,3,1.8072289156626504,13
0.0005584470358869658,0.0010924774289186219,-0.8337834926578569,0.01725406284798528,0.8619448603907052,-1.2528901641632777,0.013112145934436796,1.0335585449376241,-1.3951046367149113e-05,0.9960678365945338,3,1.606425702811245,13
0.0005303846305616755,0.0009724100676176988,-0.8220587767408755,0.017092903282703038,0.8499776357443503,-1.2306785429860068,-0.029203023971684908,1.0337431481826123,-5.442736988462415e-06,0.9988996068070597,3,1.4056224899598395,13
0.0003907118866067272,0.0007480242152042151,-0.8102552002315295,0.017021115400379726,0.8383276168805863,-1.1655442877075608,-0.003885078227457127,1.0344227332518905,3.932193044355815e-07,1.001765171657312,3,1.2048192771084336,13
0.0005021715611304417,0.0009243681155504707,-0.7986872318661139,0.01682251378838192,0.8267957782288272,-1.1796666796049817,0.009027147002477913,1.0349684744925454,1.8078269277786333e-05,1.0046009600346486,3,1.0040160642570282,13
0.0007809952112340163,0.001295948467880151,-0.7872659382499159,0.01668062414965295,0.8165749626613643,-1.2084707729388746,-0.017884154066111546,1.0370007825035055,3.012226476877144e-05,1.0074061337998244,3,0.8032128514056227,13
0.0009203476308666452,0.0013395398133246774,-0.7756874560984423,0.01686853168726245,0.8034580558691632,-1.147841672907249,0.028190387803705426,1.0355613348126806,1.786423273382946e-05,1.0101984471675727,3,0.6024096385542173,13
0.000892339483318636,0.0013438766476266777,-0.7639831057343156,0.017040116294943067,0.791705117234982,-1.202228970977952,0.05623316443300946,1.0360336384395676,3.069242793975471e-06,1.0130355867465086,3,0.4016064257028109,13
0.0009480194591512136,0.0013637387018760544,-0.7523684724190177,0.017333697919213197,0.7806777432045403,-1.2146779995968466,-0.002491783235792621,1.0373571028928998,-2.0367539397345766e-05,1.0158716023033936,3,0.2008032128514054,13
0.0,0.0,-0.8788856978986028,0.18571725645523254,0.972390428954896,4.660642223575656,2.3987015664732128,1.082949474574828,0.0,0.8625976126267949,0,4.016064257028113,14
0.0,0.0,-0.9528965567247958,0.017460583728157043,0.972390428954896,3.2944138397436404,1.4856336778653696,1.0202896449188412,0.0,0.9561507209469999,0,3.8152610441767063,14
0.0,0.0,-0.9496694300347888,0.01619671261685036,0.972390428954896,-1.2822472025047347,0.12406102137181374,1.0237792577696059,0.0,0.9671402308007268,0,3.614457831325301,14
0.0,0.0,-0.9385345275644523,0.017005403805673454,0.9667817008967546,-1.20854396043717,0.008471646941718062,1.0299314365705388,0.0,0.9705333261647432,0,3.4136546184738954,14
0.0,0.0,-0.9268666483709856,0.017057679493838265,0.9555178015434204,-1.2014647409978092,0.00023178284351896774,1.0307407928288574,0.0,0.9734162545661981,0,3.21285140562249,14
0.0,0.0,-0.9151661154820114,0.017057910091769005,0.9438382585647486,-1.2009931999970038,-0.00030823692491322645,1.0311544643971164,0.0,0.9762653199999309,0,3.0120481927710845,14
0.0,0.0,-0.9034656405833761,0.01705473635126791,0.9321337921995788,-1.200962402446649,-0.0003434701046335323,1.031551212828177,0.0,0.9791116447661254,0,2.8112449799196786,14
0.0,0.0,-0.8917673567620936,0.01705134120104494,0.9204298888908704,-1.2009603935263349,-0.0003457682037505674,1.0319564107958281,0.0,0.9819572587504117,0,2.610441767068273,14
0.00041894012906589726,0.0014176739195425492,-0.8804721420288751,0.016441225306195597,0.9087282102311268,-1.279793684262268,-0.09656595560168853,1.0319156551502409,4.6604752972370344e-05,0.9847645992793274,4,2.409638554216868,14
0.0033512976108248465,0.006154814261058471,-0.8714091524468737,0.013342557636857603,0.8970288641371609,-1.219650914322021,-0.47423423493864597,1.02928209109814,0.00031916907324562924,0.9871793646143668,4,2.208835341365462,14
0.009075825989379217,0.01165188540406945,-0.8646993586710009,0.008985464732317183,0.8853318572088842,-0.4868820355951895,-0.9996099037891948,1.0238067232909946,0.0007190773666546099,0.989037887685909,4,2.0080321285140563,14
0.017591966880806043,0.016653176227829032,-0.8603296385188609,0.004394143820628768,0.8736371894393122,1.9672605163071095,-1.8277036641000635,1.015454987595995,0.0011121981731547553,0.9903282435959149,4,1.8072289156626504,14
0.028899162012849103,0.01991239694477584,-0.8582986989944122,0.0007029930450787007,0.8619448603907052,15.68382821286604,-3.784077791859711,1.004247796327067,0.0013644268565792782,0.9910497610782484,4,1.606425702811245,14
0.04257791309583067,0.020345163811072802,-0.8582052792372342,3.763318461226068e-05,0.8582207706123105,9.161159369647482,3.0649072188708244,1.0000180499547275,0.0013956667116244437,0.9912401978588581,4,1.4056224899598395,14
0.05653318485713385,0.020341095144504027,-0.8582197606712052,2.4541002431202504e-06,0.8582207708803525,9.16115936994638,3.064907218929708,1.0000011770944404,0.0013953876034027816,0.9912539748289045,4,1.2048192771084336,14
0.07048566581526626,0.02033702729159532,-0.8582207050210121,1.600345031866871e-07,0.8582207708978319,9.161159356626914,3.064907215717404,1.000000076759748,0.0013951085509977385,0.991254873239865,4,1.0040160642570282,14
0.0844353565283383,0.02033296025218396,-0.8582207666030738,1.043602124428613e-08,0.8582207708989714,9.161159390006732,3.0649072271094266,1.0000000050055857,0.0013948295543981535,0.9912549318262053,4,0.8032128514056227,14
0.09838225755434876,0.020328894026107266,-0.8582207706189058,6.805440767411783e-10,0.858220770899046,9.16115769904257,3.064906818872237,1.0000000003264198,0.0013945506135928654,0.9912549356466833,4,0.6024096385542173,14
0.11232636945118486,0.020324828613202586,-0.8582207708807826,4.4378963404955396e-11,0.8582207708990509,9.161158815011051,3.0649076347438555,1.0000000000212863,0.0013942717285707164,0.9912549358958205,4,0.4016064257028109,14
0.12626769277662223,0.020320764013307374,-0.85822077089786,2.8939654534066818e-12,0.8582207708990509,9.161853616484722,3.065078526413101,1.0000000000013878,0.0013939928993205576,0.9912549359120671,4,0.2008032128514054,14
0.0,0.0,-0.8788856978986028,0.18571725645523254,0.972390428954896,4.660642223575656,2.3987015664732128,1.082949474574828,0.0,0.8625976126267949,0,4.016064257028113,15
0.0,0.0,-0.9528965567247958,0.017460583728157043,0.972390428954896,3.2944138397436404,1.4856336778653696,1.0202896449188412,0.0,0.9561507209469999,0,3.8152610441767063,15
0.0,0.0,-0.9496694300347888,0.01619671261685036,0.972390428954896,-1.2822472025047347,0.12406102137181374,1.0237792577696059,0.0,0.9671402308007268,0,3.614457831325301,15
0.0,0.0,-0.9385345275644523,0.017005403805673454,0.9667817008967546,-1.20854396043717,0.008471646941718062,1.0299314365705388,0.0,0.9705333261647432,0,3.4136546184738954,15
0.0,0.0,-0.9268666483709856,0.017057679493838265,0.9555178015434204,-1.2014647409978092,0.00023178284351896774,1.0307407928288574,0.0,0.9734162545661981,0,3.21285140562249,15
0.0,0.0,-0.9151661154820114,0.017057910091769005,0.9438382585647486,-1.2009931999970038,-0.00030823692491322645,1.0311544643971164,0.0,0.9762653199999309,0,3.0120481927710845,15
0.0,0.0,-0.9034656405833761,0.01705473635126791,0.9321337921995788,-1.200962402446649,-0.0003434701046335323,1.031551212828177,0.0,0.9791116447661254,0,2.8112449799196786,15
0.0,0.0,-0.8917673567620936,0.01705134120104494,0.9204298888908704,-1.2009603935263349,-0.0003457682037505674,1.0319564107958281,0.0,0.9819572587504117,0,2.610441767068273,15
0.0,0.0,-0.8800714026831455,0.017047932249837996,0.9087282102311268,-1.200960262495523,-0.00034591809544606687,1.0323721103087673,0.0,0.9848022944313022,0,2.409638554216868,15
0.0,0.0,-0.8683777869516976,0.017044523036105808,0.8970288641371609,-1.2009602539491493,-0.0003459278719554448,1.0327988433219055,0.0,0.9876467605542476,0,2.208835341365462,15
0.0,0.0,-0.8566865096916563,0.017041114442579167,0.8853318572088842,-1.20096025339172,-0.00034592850964441734,1.0332370627452199,0.0,0.9904906577959081,0,2.0080321285140563,15
0.0,0.0,-0.8449975704739443,0.01703770652669445,0.8736371894393122,-1.2009602533553723,-0.00034592855124180173,1.0336872390747642,0.0,0.9933339863067472,0,1.8072289156626504,15
0.0,0.0,-0.8333109688335107,0.017034299292069694,0.8619448603907052,-1.2009602533529893,-0.00034592855395746455,1.0341498683534556,0.0,0.9961767462028946,0,1.606425702811245,15
0.0,0.0,-0.8216267043030462,0.01703089273881347,0.8502548695973204,-1.2009602533528354,-0.00034592855413536765,1.0346254744073256,0.0,0.9990189375982189,0,1.4056224899598395,15
0.0,0.0,-0.8099447764151816,0.017027486866805545,0.838567216591677,-1.2009602533528203,-0.0003459285541160939,1.0351146108495233,0.0,1.0018605606064204,0,1.2048192771084336,15
0.0,0.0,-0.7982651847026309,0.017024081675910636,0.8268819009062672,-1.200960253352843,-0.0003459285541226218,1.0356178632296569,0.0,1.004701615341166,0,1.0040160642570282,15
0.0,0.0,-0.7865879286982012,0.01702067716599261,0.8151989220736707,-1.2009602533528325,-0.0003459285541533487,1.0361358513698935,0.0,1.0075421019161015,0,0.8032128514056227,15
0.0,0.0,-0.774913007934793,0.01701727333691521,0.8035182796265578,-1.2009602533528247,-0.00034592855415662685,1.0366692319089588,0.0,1.0103820204448477,0,0.6024096385542173,15
0.0,0.0,-0.7632404219454003,0.017013870188542373,0.7918399730976942,-1.2009602533528174,-0.0003459285541237293,1.0372187010760898,0.0,1.0132213710410043,0,0.4016064257028109,15
0.0,0.0,-0.7515701702631101,0.01701046772073805,0.7801640020199375,-1.2009602533528279,-0.00034592855408910306,1.0377849977195388,0.0,1.0160601538181468,0,0.2008032128514054,15
0.0,0.0,-0.8788856978986028,0.18571725645523254,0.972390428954896,4.660642223575656,2.3987015664732128,1.082949474574828,0.0,0.8625976126267949,0,4.016064257028113,16
0.0,0.0,-0.9528965567247958,0.017460583728157043,0.972390428954896,3.2944138397436404,1.4856336778653696,1.0202896449188412,0.0,0.9561507209469999,1,3.8152610441767063,16
0.0,0.0,-0.9496694300347888,0.01619671261685036,0.972390428954896,-1.2822472025047347,0.12406102137181374,1.0237792577696059,0.0,0.9671402308007268,1,3.614457831325301,16
0.0,0.0,-0.9385345275644523,0.017005403805673454,0.9667817008967546,-1.20854396043717,0.008471646941718062,1.0299314365705388,0.0,0.9705333261647432,1,3.4136546184738954,16
0.0,0.0,-0.9268666483709856,0.017057679493838265,0.9555178015434204,-1.2014647409978092,0.00023178284351896774,1.0307407928288574,0.0,0.9734162545661981,1,3.21285140562249,16
0.0,0.0,-0.9151661154820114,0.017057910091769005,0.9438382585647486,-1.2009931999970038,-0.00030823692491322645,1.0311544643971164,0.0,0.9762653199999309,1,3.0120481927710845,16
0.0,0.0,-0.9034656405833761,0.01705473635126791,0.9321337921995788,-1.200962402446649,-0.0003434701046335323,1.031551212828177,0.0,0.9791116447661254,1,2.8112449799196786,16
0.0,0.0,-0.8917673567620936,0.01705134120104494,0.9204298888908704,-1.2009603935263349,-0.0003457682037505674,1.0319564107958281,0.0,0.9819572587504117,1,2.610441767068273,16
0.0,0.0,-0.8800714026831455,0.017047932249837996,0.9087282102311268,-1.200960262495523,-0.00034591809544606687,1.0323721103087673,0.0,0.9848022944313022,1,2.409638554216868,16
0.0,0.0,-0.8683777869516976,0.017044523036105808,0.8970288641371609,-1.2009602539491493,-0.0003459278719554448,1.0327988433219055,0.0,0.9876467605542476,1,2.208835341365462,16
0.0,0.0,-0.8566865096916563,0.017041114442579167,0.8853318572088842,-1.20096025339172,-0.00034592850964441734,1.0332370627452199,0.0,0.9904906577959081,1,2.0080321285140563,16
0.0,0.0,-0.8449975704739443,0.01703770652669445,0.8736371894393122,-1.2009602533553723,-0.00034592855124180173,1.0336872390747642,0.0,0.9933339863067472,1,1.8072289156626504,16
0.0,0.0,-0.8333109688335107,0.017034299292069694,0.8619448603907052,-1.2009602533529893,-0.00034592855395746455,1.0341498683534556,0.0,0.9961767462028946,1,1.606425702811245,16
0.0,0.0,-0.8216267043030462,0.01703089273881347,0.8502548695973204,-1.2009602533528354,-0.00034592855413536765,1.0346254744073256,0.0,0.9990189375982189,1,1.4056224899598395,16
0.0,0.0,-0.8099447764151816,0.017027486866805545,0.838567216591677,-1.2009602533528203,-0.0003459285541160939,1.0351146108495233,0.0,1.0018605606064204,1,1.2048192771084336,16
0.0,0.0,-0.7982651847026309,0.017024081675910636,0.8268819009062672,-1.200960253352843,-0.0003459285541226218,1.0356178632296569,0.0,1.004701615341166,1,1.0040160642570282,16
0.0,0.0,-0.7865879286982012,0.01702067716599261,0.8151989220736707,-1.2009602533528325,-0.0003459285541533487,1.0361358513698935,0.0,1.0075421019161015,1,0.8032128514056227,16
0.0,0.0,-0.774913007934793,0.01701727333691521,0.8035182796265578,-1.2009602533528247,-0.00034592855415662685,1.0366692319089588,0.0,1.0103820204448477,1,0.6024096385542173,16
0.0,0.0,-0.7632404219454003,0.017013870188542373,0.7918399730976942,-1.2009602533528174,-0.0003459285541237293,1.0372187010760898,0.0,1.0132213710410043,1,0.4016064257028109,16
0.0,0.0,-0.7515701702631101,0.01701046772073805,0.7801640020199375,-1.2009602533528279,-0.00034592855408910306,1.0377849977195388,0.0,1.0160601538181468,1,0.2008032128514054,16
0.0,0.0,-0.8788856978986028,0.18571725645523254,0.972390428954896,4.660642223575656,2.3987015664732128,1.082949474574828,0.0,0.8625976126267949,0,4.016064257028113,17
0.0,0.0,-0.9528965567247958,0.017460583728157043,0.972390428954896,3.2944138397436404,1.4856336778653696,1.0202896449188412,0.0,0.9561507209469999,0,3.8152610441767063,17
0.0,0.0,-0.9496694300347888,0.01619671261685036,0.972390428954896,-1.2822472025047347,0.12406102137181374,1.0237792577696059,0.0,0.9671402308007268,0,3.614457831325301,17
0.0,0.0,-0.9385345275644523,0.017005403805673454,0.9667817008967546,-1.20854396043717,0.008471646941718062,1.0299314365705388,0.0,0.9705333261647432,0,3.4136546184738954,17
0.0,0.0,-0.9268666483709856,0.017057679493838265,0.9555178015434204,-1.2014647409978092,0.00023178284351896774,1.0307407928288574,0.0,0.9734162545661981,0,3.21285140562249,17
0.0,0.0,-0.9151661154820114,0.017057910091769005,0.9438382585647486,-1.2009931999970038,-0.00030823692491322645,1.0311544643971164,0.0,0.9762653199999309,0,3.0120481927710845,17
0.0,0.0,-0.9034656405833761,0.01705473635126791,0.9321337921995788,-1.200962402446649,-0.0003434701046335323,1.031551212828177,0.0,0.9791116447661254,0,2.8112449799196786,17
0.0,0.0,-0.8917673567620936,0.01705134120104494,0.9204298888908704,-1.2009603935263349,-0.0003457682037505674,1.0319564107958281,0.0,0.9819572587504117,0,2.610441767068273,17
0.15,0.45456864504849487,-0.7392743714221268,0.43614956702349555,0.9087282102311268,5.158438800201187,2.6696090747069126,1.0614444645906649,0.016206482593037214,1.0008544764054803,2,2.409638554216868,17
0.45,0.6943650748294136,-0.4715648454579808,0.626968485782328,0.8970288641371609,-1.199927671470181,0.8835874345443028,1.1507928197402932,0.03781512605042016,1.0601371838149876,2,2.208835341365462,17
0.75,0.7576144084141581,-0.20842173346663898,0.6708645769158168,0.8853318572088842,-1.9823093657441677,0.011383848595913652,1.2719212576919534,0.045018007202881134,1.1237613738001329,2,2.0080321285140563,17
1.05,0.6943650748294137,0.05442141223451252,0.6097241570907004,0.8736371894393122,-1.239387285846389,-0.8569041695206937,1.44153961082499,0.03781512605042016,1.1876681448767703,2,1.8072289156626504,17
1.35,0.45456864504849487,0.3172428117018248,0.3984243114259671,0.8619448603907052,4.950397787874801,-2.6092101308836972,1.7028694953937,0.016206482593037207,1.2515928118416524,2,1.606425702811245,17
1.5,1.2285357956997882e-16,0.4392635771388839,0.013622428840630888,0.467806288384623,-1.1511748461393876,0.28509615236728403,1.0644770315164036,-1.2684018023958378e-17,1.2994659324215303,2,1.4056224899598395,17
1.5,1.2688263138573217e-16,0.44606304442666894,0.01653214462970419,0.4743357316333938,-1.2553622030012093,0.07194623158789284,1.0626677037869108,4.9859268185369136e-18,1.3069525038218983,2,1.2048192771084336,17
1.5,1.2285357956997882e-16,0.457424245658342,0.016990992135847083,0.4860095953112739,-1.2052161405760113,0.004566450402474316,1.0617743890566962,-1.2684018023958378e-17,1.3100964606122616,2,1.0040160642570282,17
1.5,1.18687833744435e-16,0.46908073907877623,0.017018516109385526,0.4976811299342643,-1.2012408484553825,-2.475709879769803e-05,1.060287506628912,-1.2684018023958378e-17,1.3129566997544055,2,0.8032128514056227,17
1.5,1.18687833744435e-16,0.4807543058918622,0.017017132398294887,0.5093503308195708,-1.2009785677148337,-0.00032497719237337277,1.0588317238335119,4.9859268185369136e-18,1.3157979063691982,2,0.6024096385542173,17
1.5,1.18687833744435e-16,0.4924268035887055,0.0170138609977254,0.5210171980981566,-1.2009614479452946,-0.0003445620063621106,1.057441822086326,-1.2684018023958378e-17,1.3186373409628243,2,0.4016064257028109,17
1.5,1.3457935360146644e-16,0.5040970495133441,0.017010467121394795,0.5326817322148065,-1.2009603312692851,-0.00034583942219742445,1.0561156191533256,-2.0192629026742142e-18,1.3214761292175317,2,0.2008032128514054,17
0.0,0.0,-0.8788856978986028,0.18571725645523254,0.972390428954896,4.660642223575656,2.3987015664732128,1.082949474574828,0.0,0.8625976126267949,0,4.016064257028113,18
0.0,0.0,-0.9528965567247958,0.017460583728157043,0.972390428954896,3.2944138397436404,1.4856336778653696,1.0202896449188412,0.0,0.9561507209469999,0,3.8152610441767063,18
0.0,0.0,-0.9496694300347888,0.01619671261685036,0.972390428954896,-1.2822472025047347,0.12406102137181374,1.0237792577696059,0.0,0.9671402308007268,0,3.614457831325301,18
0.0,0.0,-0.9385345275644523,0.017005403805673454,0.9667817008967546,-1.20854396043717,0.008471646941718062,1.0299314365705388,0.0,0.9705333261647432,0,3.4136546184738954,18
0.0,0.0,-0.9268666483709856,0.017057679493838265,0.9555178015434204,-1.2014647409978092,0.00023178284351896774,1.0307407928288574,0.0,0.9734162545661981,0,3.21285140562249,18
0.0,0.0,-0.9151661154820114,0.017057910091769005,0.9438382585647486,-1.2009931999970038,-0.00030823692491322645,1.0311544643971164,0.0,0.9762653199999309,0,3.0120481927710845,18
0.0,0.0,-0.9034656405833761,0.01705473635126791,0.9321337921995788,-1.200962402446649,-0.0003434701046335323,1.031551212828177,0.0,0.9791116447661254,0,2.8112449799196786,18
0.0,0.0,-0.8917673567620936,0.01705134120104494,0.9204298888908704,-1.2009603935263349,-0.0003457682037505674,1.0319564107958281,0.0,0.9819572587504117,0,2.610441767068273,18
5.5857939084314465e-05,0.0002764251100579326,-0.8801236299666187,0.01696798745473283,0.9087282102311268,-1.2107346899792244,-0.012541243442479725,1.0323126461309489,6.035066085124233e-06,0.9847961231269429,3,2.409638554216868,18
0.0001396325598299447,0.00042315055844602495,-0.8684997044818623,0.01690737016045191,0.8970288641371609,-1.190686952832273,-0.00741373063210722,1.032657039265274,1.133129735421831e-05,0.987623114723672,3,2.208835341365462,18
0.00036299059541657297,0.000736040897726585,-0.8570019953972001,0.01673909886287016,0.8853318572088842,-1.1798079981776455,-0.007510704812425902,1.0328638749755825,2.5272632685619113e-05,0.9904278057864935,3,2.0080321285140563,18
0.0004467333875023571,0.0007693049158973131,-0.8453756940623306,0.016878656505702427,0.8736371894393122,-1.1710052565274736,0.03378844143923863,1.0332288906374199,1.5415455695464694e-05,0.9932469823052614,3,1.8072289156626504,18
0.0006420787167896152,0.0009852847338753423,-0.8338734457071197,0.016847954952385284,0.8619448603907052,-1.2626681389533285,-0.00801629703074059,1.0334571794783454,1.587341346195113e-05,0.9960697821063149,3,1.606425702811245,18
0.0006978439692440308,0.0012044277455138515,-0.822208596744862,0.017082649499269704,0.8504326223753789,-1.1729258128316038,0.02328808246904481,1.0341083795286712,7.255947005718512e-07,0.9988746793275428,3,1.4056224899598395,18
0.000697760235559286,0.0012369069193940777,-0.810528267587021,0.01724042494695457,0.8400906644300736,-1.161208060262366,-0.0031853023930132475,1.0362432948019116,-1.2544331692596187e-05,1.0017179070276219,3,1.2048192771084336,18
0.0005022932115483414,0.0011540061200219125,-0.7986758504251352,0.01719028450174887,0.8270036105506461,-1.2246161963362394,0.02179919313096385,1.0352334382495607,-1.0323652316959222e-05,1.0045900106048986,3,1.0040160642570282,18
0.0006137579381731545,0.0012964148587187106,-0.7871056333651985,0.017129736764567798,0.8151492519700289,-1.206830380204112,-0.022422069701011533,1.035388524944268,-4.435218024682773e-06,1.0074208643805602,3,0.8032128514056227,18
0.0004741706507535537,0.0011484645671126644,-0.7752911837055538,0.017065152771151615,0.8088009674993342,-1.1283006455129811,-0.018047357930102884,1.0429746149900962,-3.0251174052325186e-06,1.0102676288240209,3,0.6024096385542173,18
0.00041829713795048517,0.0009019087344020311,-0.7635909432820607,0.017071242100550287,0.7918018992482607,-1.2032079016161221,0.012207854079479828,1.0366912520285019,-2.0820091178205696e-06,1.0131365437766489,3,0.4016064257028109,18
0.00041821571773380196,0.0008566594636995323,-0.7519193496930268,0.017071923491180765,0.7801112303142398,-1.218437471504666,0.007616234655766659,1.0372312614562602,-2.7515311321913732e-06,1.0159741313456678,3,0.2008032128514054,18
0.0,0.0,-0.8788856978986028,0.18571725645523254,0.972390428954896,4.660642223575656,2.3987015664732128,1.082949474574828,0.0,0.8625976126267949,0,4.016064257028113,19
0.0,0.0,-0.9528965567247958,0.017460583728157043,0.972390428954896,3.2944138397436404,1.4856336778653696,1.0202896449188412,0.0,0.9561507209469999,0,3.8152610441767063,19
0.0,0.0,-0.9496694300347888,0.01619671261685036,0.972390428954896,-1.2822472025047347,0.12406102137181374,1.0237792577696059,0.0,0.9671402308007268,0,3.614457831325301,19
0.0,0.0,-0.9385345275644523,0.017005403805673454,0.9667817008967546,-1.20854396043717,0.008471646941718062,1.0299314365705388,0.0,0.9705333261647432,0,3.4136546184738954,19
0.0,0.0,-0.9268666483709856,0.017057679493838265,0.9555178015434204,-1.2014647409978092,0.00023178284351896774,1.0307407928288574,0.0,0.9734162545661981,0,3.21285140562249,19
0.0,0.0,-0.9151661154820114,0.017057910091769005,0.9438382585647486,-1.2009931999970038,-0.00030823692491322645,1.0311544643971164,0.0,0.9762653199999309,0,3.0120481927710845,19
0.0,0.0,-0.9034656405833761,0.01705473635126791,0.9321337921995788,-1.200962402446649,-0.0003434701046335323,1.031551212828177,0.0,0.9791116447661254,0,2.8112449799196786,19
0.0,0.0,-0.8917673567620936,0.01705134120104494,0.9204298888908704,-1.2009603935263349,-0.0003457682037505674,1.0319564107958281,0.0,0.9819572587504117,0,2.610441767068273,19
0.00041894012906589726,0.0014176739195425492,-0.8804721420288751,0.016441225306195597,0.9087282102311268,-1.279793684262268,-0.09656595560168853,1.0319156551502409,4.6604752972370344e-05,0.9847645992793274,4,2.409638554216868,19
0.0033512976108248465,0.006154814261058471,-0.8714091524468737,0.013342557636857603,0.8970288641371609,-1.219650914322021,-0.47423423493864597,1.02928209109814,0.00031916907324562924,0.9871793646143668,4,2.208835341365462,19
0.009075825989379217,0.01165188540406945,-0.8646993586710009,0.008985464732317183,0.8853318572088842,-0.4868820355951895,-0.9996099037891948,1.0238067232909946,0.0007190773666546099,0.989037887685909,4,2.0080321285140563,19
0.017591966880806043,0.016653176227829032,-0.8603296385188609,0.004394143820628768,0.8736371894393122,1.9672605163071095,-1.8277036641000635,1.015454987595995,0.0011121981731547553,0.9903282435959149,4,1.8072289156626504,19
0.028899162012849103,0.01991239694477584,-0.8582986989944122,0.0007029930450787007,0.8619448603907052,15.68382821286604,-3.784077791859711,1.004247796327067,0.0013644268565792782,0.9910497610782484,4,1.606425702811245,19
0.04257791309583067,0.020345163811072802,-0.8582052792372342,3.763318461226068e-05,0.8582207706123105,9.161159369647482,3.0649072188708244,1.0000180499547275,0.0013956667116244437,0.9912401978588581,4,1.4056224899598395,19
0.05653318485713385,0.020341095144504027,-0.8582197606712052,2.4541002431202504e-06,0.8582207708803525,9.16115936994638,3.064907218929708,1.0000011770944404,0.0013953876034027816,0.9912539748289045,4,1.2048192771084336,19
0.07048566581526626,0.02033702729159532,-0.8582207050210121,1.600345031866871e-07,0.8582207708978319,9.161159356626914,3.064907215717404,1.000000076759748,0.0013951085509977385,0.991254873239865,4,1.0040160642570282,19
0.0844353565283383,0.02033296025218396,-0.8582207666030738,1.043602124428613e-08,0.8582207708989714,9.161159390006732,3.0649072271094266,1.0000000050055857,0.0013948295543981535,0.9912549318262053,4,0.8032128514056227,19
0.09838225755434876,0.020328894026107266,-0.8582207706189058,6.805440767411783e-10,0.858220770899046,9.16115769904257,3.064906818872237,1.0000000003264198,0.0013945506135928654,0.9912549356466833,4,0.6024096385542173,19
0.11232636945118486,0.020324828613202586,-0.8582207708807826,4.4378963404955396e-11,0.8582207708990509,9.161158815011051,3.0649076347438555,1.0000000000212863,0.0013942717285707164,0.9912549358958205,4,0.4016064257028109,19
0.12626769277662223,0.020320764013307374,-0.85822077089786,2.8939654534066818e-12,0.8582207708990509,9.161853616484722,3.065078526413101,1.0000000000013878,0.0013939928993205576,0.9912549359120671,4,0.2008032128514054,19
0.0,0.0,-0.8788856978986028,0.18571725645523254,0.972390428954896,4.660642223575656,2.3987015664732128,1.082949474574828,0.0,0.8625976126267949,0,4.016064257028113,20
0.0,0.0,-0.9528965567247958,0.017460583728157043,0.972390428954896,3.2944138397436404,1.4856336778653696,1.0202896449188412,0.0,0.9561507209469999,0,3.8152610441767063,20
0.0,0.0,-0.9496694300347888,0.01619671261685036,0.972390428954896,-1.2822472025047347,0.12406102137181374,1.0237792577696059,0.0,0.9671402308007268,0,3.614457831325301,20
0.0,0.0,-0.9385345275644523,0.017005403805673454,0.9667817008967546,-1.20854396043717,0.008471646941718062,1.0299314365705388,0.0,0.9705333261647432,0,3.4136546184738954,20
0.0,0.0,-0.9268666483709856,0.017057679493838265,0.9555178015434204,-1.2014647409978092,0.00023178284351896774,1.0307407928288574,0.0,0.9734162545661981,0,3.21285140562249,20
0.0,0.0,-0.9151661154820114,0.017057910091769005,0.9438382585647486,-1.2009931999970038,-0.00030823692491322645,1.0311544643971164,0.0,0.9762653199999309,0,3.0120481927710845,20
0.0,0.0,-0.9034656405833761,0.01705473635126791,0.9321337921995788,-1.200962402446649,-0.0003434701046335323,1.031551212828177,0.0,0.9791116447661254,0,2.8112449799196786,20
0.0,0.0,-0.8917673567620936,0.01705134120104494,0.9204298888908704,-1.2009603935263349,-0.0003457682037505674,1.0319564107958281,0.0,0.9819572587504117,0,2.610441767068273,20
0.0,0.0,-0.8800714026831455,0.017047932249837996,0.9087282102311268,-1.200960262495523,-0.00034591809544606687,1.0323721103087673,0.0,0.9848022944313022,0,2.409638554216868,20
0.0,0.0,-0.8683777869516976,0.017044523036105808,0.8970288641371609,-1.2009602539491493,-0.0003459278719554448,1.0327988433219055,0.0,0.9876467605542476,0,2.208835341365462,20
0.0,0.0,-0.8566865096916563,0.017041114442579167,0.8853318572088842,-1.20096025339172,-0.00034592850964441734,1.0332370627452199,0.0,0.9904906577959081,0,2.0080321285140563,20
0.0,0.0,-0.8449975704739443,0.01703770652669445,0.8736371894393122,-1.2009602533553723,-0.00034592855124180173,1.0336872390747642,0.0,0.9933339863067472,0,1.8072289156626504,20
0.0,0.0,-0.8333109688335107,0.017034299292069694,0.8619448603907052,-1.2009602533529893,-0.00034592855395746455,1.0341498683534556,0.0,0.9961767462028946,0,1.606425702811245,20
0.0,0.0,-0.8216267043030462,0.01703089273881347,0.8502548695973204,-1.2009602533528354,-0.00034592855413536765,1.0346254744073256,0.0,0.9990189375982189,0,1.4056224899598395,20
0.0,0.0,-0.8099447764151816,0.017027486866805545,0.838567216591677,-1.2009602533528203,-0.0003459285541160939,1.0351146108495233,0.0,1.0018605606064204,0,1.2048192771084336,20
0.0,0.0,-0.7982651847026309,0.017024081675910636,0.8268819009062672,-1.200960253352843,-0.0003459285541226218,1.0356178632296569,0.0,1.004701615341166,0,1.0040160642570282,20
0.0,0.0,-0.7865879286982012,0.01702067716599261,0.8151989220736707,-1.2009602533528325,-0.0003459285541533487,1.0361358513698935,0.0,1.0075421019161015,0,0.8032128514056227,20
0.0,0.0,-0.774913007934793,0.01701727333691521,0.8035182796265578,-1.2009602533528247,-0.00034592855415662685,1.0366692319089588,0.0,1.0103820204448477,0,0.6024096385542173,20
0.0,0.0,-0.7632404219454003,0.017013870188542373,0.7918399730976942,-1.2009602533528174,-0.0003459285541237293,1.0372187010760898,0.0,1.0132213710410043,0,0.4016064257028109,20
0.0,0.0,-0.7515701702631101,0.01701046772073805,0.7801640020199375,-1.2009602533528279,-0.00034592855408910306,1.0377849977195388,0.0,1.0160601538181468,0,0.2008032128514054,20
0.0,0.0,-0.8788856978986028,0.18571725645523254,0.972390428954896,4.660642223575656,2.3987015664732128,1.082949474574828,0.0,0.8625976126267949,0,4.016064257028113,21
0.0,0.0,-0.9528965567247958,0.017460583728157043,0.972390428954896,3.2944138397436404,1.4856336778653696,1.0202896449188412,0.0,0.9561507209469999,1,3.8152610441767063,21
0.0,0.0,-0.9496694300347888,0.01619671261685036,0.972390428954896,-1.2822472025047347,0.12406102137181374,1.0237792577696059,0.0,0.9671402308007268,1,3.614457831325301,21
0.0,0.0,-0.9385345275644523,0.017005403805673454,0.9667817008967546,-1.20854396043717,0.008471646941718062,1.0299314365705388,0.0,0.9705333261647432,1,3.4136546184738954,21
0.0,0.0,-0.9268666483709856,0.017057679493838265,0.9555178015434204,-1.2014647409978092,0.00023178284351896774,1.0307407928288574,0.0,0.9734162545661981,1,3.21285140562249,21
0.0,0.0,-0.9151661154820114,0.017057910091769005,0.9438382585647486,-1.2009931999970038,-0.00030823692491322645,1.0311544643971164,0.0,0.9762653199999309,1,3.0120481927710845,21
0.0,0.0,-0.9034656405833761,0.01705473635126791,0.9321337921995788,-1.200962402446649,-0.0003434701046335323,1.031551212828177,0.0,0.9791116447661254,1,2.8112449799196786,21
0.0,0.0,-0.8917673567620936,0.01705134120104494,0.9204298888908704,-1.2009603935263349,-0.0003457682037505674,1.0319564107958281,0.0,0.9819572587504117,1,2.610441767068273,21
0.0,0.0,-0.8800714026831455,0.017047932249837996,0.9087282102311268,-1.200960262495523,-0.00034591809544606687,1.0323721103087673,0.0,0.9848022944313022,1,2.409638554216868,21
0.0,0.0,-0.8683777869516976,0.017044523036105808,0.8970288641371609,-1.2009602539491493,-0.0003459278719554448,1.0327988433219055,0.0,0.9876467605542476,1,2.208835341365462,21
0.0,0.0,-0.8566865096916563,0.017041114442579167,0.8853318572088842,-1.20096025339172,-0.00034592850964441734,1.0332370627452199,0.0,0.9904906577959081,1,2.0080321285140563,21
0.0,0.0,-0.8449975704739443,0.01703770652669445,0.8736371894393122,-1.2009602533553723,-0.00034592855124180173,1.0336872390747642,0.0,0.9933339863067472,1,1.8072289156626504,21
0.0,0.0,-0.8333109688335107,0.017034299292069694,0.8619448603907052,-1.2009602533529893,-0.00034592855395746455,1.0341498683534556,0.0,0.9961767462028946,1,1.606425702811245,21
0.0,0.0,-0.8216267043030462,0.01703089273881347,0.8502548695973204,-1.2009602533528354,-0.00034592855413536765,1.0346254744073256,0.0,0.9990189375982189,1,1.4056224899598395,21
0.0,0.0,-0.8099447764151816,0.017027486866805545,0.838567216591677,-1.2009602533528203,-0.0003459285541160939,1.0351146108495233,0.0,1.0018605606064204,1,1.2048192771084336,21
0.0,0.0,-0.7982651847026309,0.017024081675910636,0.8268819009062672,-1.200960253352843,-0.0003459285541226218,1.0356178632296569,0.0,1.004701615341166,1,1.0040160642570282,21
0.0,0.0,-0.7865879286982012,0.01702067716599261,0.8151989220736707,-1.2009602533528325,-0.0003459285541533487,1.0361358513698935,0.0,1.0075421019161015,1,0.8032128514056227,21
0.0,0.0,-0.774913007934793,0.01701727333691521,0.8035182796265578,-1.2009602533528247,-0.00034592855415662685,1.0366692319089588,0.0,1.0103820204448477,1,0.6024096385542173,21
0.0,0.0,-0.7632404219454003,0.017013870188542373,0.7918399730976942,-1.2009602533528174,-0.0003459285541237293,1.0372187010760898,0.0,1.0132213710410043,1,0.4016064257028109,21
0.0,0.0,-0.7515701702631101,0.01701046772073805,0.7801640020199375,-1.2009602533528279,-0.00034592855408910306,1.0377849977195388,0.0,1.0160601538181468,1,0.2008032128514054,21
0.0,0.0,-0.8788856978986028,0.18571725645523254,0.972390428954896,4.660642223575656,2.3987015664732128,1.082949474574828,0.0,0.8625976126267949,0,4.016064257028113,22
0.0,0.0,-0.9528965567247958,0.017460583728157043,0.972390428954896,3.2944138397436404,1.4856336778653696,1.0202896449188412,0.0,0.9561507209469999,0,3.8152610441767063,22
0.0,0.0,-0.9496694300347888,0.01619671261685036,0.972390428954896,-1.2822472025047347,0.12406102137181374,1.0237792577696059,0.0,0.9671402308007268,0,3.614457831325301,22
0.0,0.0,-0.9385345275644523,0.017005403805673454,0.9667817008967546,-1.20854396043717,0.008471646941718062,1.0299314365705388,0.0,0.9705333261647432,0,3.4136546184738954,22
0.0,0.0,-0.9268666483709856,0.017057679493838265,0.9555178015434204,-1.2014647409978092,0.00023178284351896774,1.0307407928288574,0.0,0.9734162545661981,0,3.21285140562249,22
0.0,0.0,-0.9151661154820114,0.017057910091769005,0.9438382585647486,-1.2009931999970038,-0.00030823692491322645,1.0311544643971164,0.0,0.9762653199999309,0,3.0120481927710845,22
0.0,0.0,-0.9034656405833761,0.01705473635126791,0.9321337921995788,-1.200962402446649,-0.0003434701046335323,1.031551212828177,0.0,0.9791116447661254,0,2.8112449799196786,22
0.0,0.0,-0.8917673567620936,0.01705134120104494,0.9204298888908704,-1.2009603935263349,-0.0003457682037505674,1.0319564107958281,0.0,0.9819572587504117,0,2.610441767068273,22
0.15,0.45456864504849487,-0.7392743714221268,0.43614956702349555,0.9087282102311268,5.158438800201187,2.6696090747069126,1.0614444645906649,0.016206482593037214,1.0008544764054803,2,2.409638554216868,22
0.45,0.6943650748294136,-0.4715648454579808,0.626968485782328,0.8970288641371609,-1.199927671470181,0.8835874345443028,1.1507928197402932,0.03781512605042016,1.0601371838149876,2,2.208835341365462,22
0.75,0.7576144084141581,-0.20842173346663898,0.6708645769158168,0.8853318572088842,-1.9823093657441677,0.011383848595913652,1.2719212576919534,0.045018007202881134,1.1237613738001329,2,2.0080321285140563,22
1.05,0.6943650748294137,0.05442141223451252,0.6097241570907004,0.8736371894393122,-1.239387285846389,-0.8569041695206937,1.44153961082499,0.03781512605042016,1.1876681448767703,2,1.8072289156626504,22
1.35,0.45456864504849487,0.3172428117018248,0.3984243114259671,0.8619448603907052,4.950397787874801,-2.6092101308836972,1.7028694953937,0.016206482593037207,1.2515928118416524,2,1.606425702811245,22
1.5,1.2285357956997882e-16,0.4392635771388839,0.013622428840630888,0.467806288384623,-1.1511748461393876,0.28509615236728403,1.0644770315164036,-1.2684018023958378e-17,1.2994659324215303,2,1.4056224899598395,22
1.5,1.2688263138573217e-16,0.44606304442666894,0.01653214462970419,0.4743357316333938,-1.2553622030012093,0.07194623158789284,1.0626677037869108,4.9859268185369136e-18,1.3069525038218983,2,1.2048192771084336,22
1.5,1.2285357956997882e-16,0.457424245658342,0.016990992135847083,0.4860095953112739,-1.2052161405760113,0.004566450402474316,1.0617743890566962,-1.2684018023958378e-17,1.3100964606122616,2,1.0040160642570282,22
1.5,1.18687833744435e-16,0.46908073907877623,0.017018516109385526,0.4976811299342643,-1.2012408484553825,-2.475709879769803e-05,1.060287506628912,-1.2684018023958378e-17,1.3129566997544055,2,0.8032128514056227,22
1.5,1.18687833744435e-16,0.4807543058918622,0.017017132398294887,0.5093503308195708,-1.2009785677148337,-0.00032497719237337277,1.0588317238335119,4.9859268185369136e-18,1.3157979063691982,2,0.6024096385542173,22
1.5,1.18687833744435e-16,0.4924268035887055,0.0170138609977254,0.5210171980981566,-1.2009614479452946,-0.0003445620063621106,1.057441822086326,-1.2684018023958378e-17,1.3186373409628243,2,0.4016064257028109,22
1.5,1.3457935360146644e-16,0.5040970495133441,0.017010467121394795,0.5326817322148065,-1.2009603312692851,-0.00034583942219742445,1.0561156191533256,-2.0192629026742142e-18,1.3214761292175317,2,0.2008032128514054,22
0.0,0.0,-0.8788856978986028,0.18571725645523254,0.972390428954896,4.660642223575656,2.3987015664732128,1.082949474574828,0.0,0.8625976126267949,0,4.016064257028113,23
0.0,0.0,-0.9528965567247958,0.017460583728157043,0.972390428954896,3.2944138397436404,1.4856336778653696,1.0202896449188412,0.0,0.9561507209469999,0,3.8152610441767063,23
0.0,0.0,-0.9496694300347888,0.01619671261685036,0.972390428954896,-1.2822472025047347,0.12406102137181374,1.0237792577696059,0.0,0.9671402308007268,0,3.614457831325301,23
0.0,0.0,-0.9385345275644523,0.017005403805673454,0.9667817008967546,-1.20854396043717,0.008471646941718062,1.0299314365705388,0.0,0.9705333261647432,0,3.4136546184738954,23
0.0,0.0,-0.9268666483709856,0.017057679493838265,0.9555178015434204,-1.2014647409978092,0.00023178284351896774,1.0307407928288574,0.0,0.9734162545661981,0,3.21285140562249,23
0.0,0.0,-0.9151661154820114,0.017057910091769005,0.9438382585647486,-1.2009931999970038,-0.00030823692491322645,1.0311544643971164,0.0,0.9762653199999309,0,3.0120481927710845,23
0.0,0.0,-0.9034656405833761,0.01705473635126791,0.9321337921995788,-1.200962402446649,-0.0003434701046335323,1.031551212828177,0.0,0.9791116447661254,0,2.8112449799196786,23
0.0,0.0,-0.8917673567620936,0.01705134120104494,0.9204298888908704,-1.2009603935263349,-0.0003457682037505674,1.0319564107958281,0.0,0.9819572587504117,0,2.610441767068273,23
0.0001117147610321867,0.00047543772965181867,-0.8801790075497723,0.01687830919430997,0.9087282102311268,-1.2286933249836824,-0.028591048393829754,1.032249701490124,1.247233079191322e-05,0.9847929499899034,3,2.409638554216868,23
0.0004188742217694036,0.0011370845645808545,-0.8687660871996957,0.01651412345385332,0.8970288641371609,-1.2435155895668433,-0.0682264904119867,1.0323493268819173,4.109883179318167e-05,0.9875972973242614,3,2.208835341365462,23
0.0005305498892591892,0.0011592431089906916,-0.8571416720057324,0.016687353319602298,0.8853318572088842,-1.1412027663496205,0.019481996896852646,1.0326968170926734,3.197799928652981e-05,0.9903931283920383,3,2.0080321285140563,23
0.0005584626645282775,0.0011630038879458424,-0.8454677898746837,0.016981967108187754,0.8736371894393122,-1.192172376068891,0.063070216791708,1.0331139097784305,9.3831650761745e-06,0.993222868747143,3,1.8072289156626504,23
0.0005863732068423333,0.001166069366041623,-0.8338023957405908,0.017284897160626235,0.8619448603907052,-1.251035692016303,0.03622243577323028,1.0335343475708558,-1.535639429676624e-05,0.996057893946835,3,1.606425702811245,23
0.0005583632827508816,0.00112819251645074,-0.8220874980097445,0.017305545262268827,0.8500865866616367,-1.2375390488780982,-0.030014509199461983,1.0338340687015848,-2.052188267460539e-05,0.9988989522487204,3,1.4056224899598395,23
0.0003348930353237578,0.0006019969422951663,-0.8101938164389806,0.016975536033314472,0.8384522789310115,-1.1968254010744206,-0.011424337945540727,1.0346561016734206,7.950055639757997e-07,1.0017625927923897,3,1.2048192771084336,23
0.00027899939108574803,0.0005636639121889879,-0.798492249218988,0.016947724670619318,0.8267501035106429,-1.1943192991095277,0.008791750964470949,1.0351605408868387,6.024516290817305e-06,1.0046386346846001,3,1.0040160642570282,23
0.00047416729845478454,0.0008733347908216645,-0.7870017383467207,0.016780925687921677,0.816561909994648,-1.2169603835762224,-0.0249174824258832,1.0373294202355958,1.9612125698768652e-05,1.0074616140794987,3,0.8032128514056227,23
0.0006414246792862938,0.000984299994049114,-0.7754587330031782,0.01682546631750042,0.8035115043722937,-1.159770352334096,0.005212906816185526,1.0359367674802888,1.8804549279853262e-05,1.0102597734889658,3,0.6024096385542173,23
0.0006134695211592711,0.0009822277815147347,-0.763750949868344,0.01699355351080563,0.7917507549846985,-1.1776969135177622,0.041396017832260566,1.0364095251772028,4.679468854502465e-06,1.013093594298358,3,0.4016064257028109,23
0.0005576490153153923,0.0009756997756258884,-0.7520324451897806,0.01717592771421211,0.7800881095240727,-1.2404556499266528,0.03805648981419189,1.0370414192456188,-1.0314261052816587e-05,1.0159422919006205,3,0.2008032128514054,23
0.0,0.0,-0.8788856978986028,0.18571725645523254,0.972390428954896,4.660642223575656,2.3987015664732128,1.082949474574828,0.0,0.8625976126267949,0,4.016064257028113,24
0.0,0.0,-0.9528965567247958,0.017460583728157043,0.972390428954896,3.2944138397436404,1.4856336778653696,1.0202896449188412,0.0,0.9561507209469999,0,3.8152610441767063,24
0.0,0.0,-0.9496694300347888,0.01619671261685036,0.972390428954896,-1.2822472025047347,0.12406102137181374,1.0237792577696059,0.0,0.9671402308007268,0,3.614457831325301,24
0.0,0.0,-0.9385345275644523,0.017005403805673454,0.9667817008967546,-1.20854396043717,0.008471646941718062,1.0299314365705388,0.0,0.9705333261647432,0,3.4136546184738954,24
0.0,0.0,-0.9268666483709856,0.017057679493838265,0.9555178015434204,-1.2014647409978092,0.00023178284351896774,1.0307407928288574,0.0,0.9734162545661981,0,3.21285140562249,24
0.0,0.0,-0.9151661154820114,0.017057910091769005,0.9438382585647486,-1.2009931999970038,-0.00030823692491322645,1.0311544643971164,0.0,0.9762653199999309,0,3.0120481927710845,24
0.0,0.0,-0.9034656405833761,0.01705473635126791,0.9321337921995788,-1.200962402446649,-0.0003434701046335323,1.031551212828177,0.0,0.9791116447661254,0,2.8112449799196786,24
0.0,0.0,-0.8917673567620936,0.01705134120104494,0.9204298888908704,-1.2009603935263349,-0.0003457682037505674,1.0319564107958281,0.0,0.9819572587504117,0,2.610441767068273,24
0.00041894012906589726,0.0014176739195425492,-0.8804721420288751,0.016441225306195597,0.9087282102311268,-1.279793684262268,-0.09656595560168853,1.0319156551502409,4.6604752972370344e-05,0.9847645992793274,4,2.409638554216868,24
0.0033512976108248465,0.006154814261058471,-0.8714091524468737,0.013342557636857603,0.8970288641371609,-1.219650914322021,-0.47423423493864597,1.02928209109814,0.00031916907324562924,0.9871793646143668,4,2.208835341365462,24
0.009075825989379217,0.01165188540406945,-0.8646993586710009,0.008985464732317183,0.8853318572088842,-0.4868820355951895,-0.9996099037891948,1.0238067232909946,0.0007190773666546099,0.989037887685909,4,2.0080321285140563,24
0.017591966880806043,0.016653176227829032,-0.8603296385188609,0.004394143820628768,0.8736371894393122,1.9672605163071095,-1.8277036641000635,1.015454987595995,0.0011121981731547553,0.9903282435959149,4,1.8072289156626504,24
0.028899162012849103,0.01991239694477584,-0.8582986989944122,0.0007029930450787007,0.8619448603907052,15.68382821286604,-3.784077791859711,1.004247796327067,0.0013644268565792782,0.9910497610782484,4,1.606425702811245,24
0.04257791309583067,0.020345163811072802,-0.8582052792372342,3.763318461226068e-05,0.8582207706123105,9.161159369647482,3.0649072188708244,1.0000180499547275,0.0013956667116244437,0.9912401978588581,4,1.4056224899598395,24
0.05653318485713385,0.020341095144504027,-0.8582197606712052,2.4541002431202504e-06,0.8582207708803525,9.16115936994638,3.064907218929708,1.0000011770944404,0.0013953876034027816,0.9912539748289045,4,1.2048192771084336,24
0.07048566581526626,0.02033702729159532,-0.8582207050210121,1.600345031866871e-07,0.8582207708978319,9.161159356626914,3.064907215717404,1.000000076759748,0.0013951085509977385,0.991254873239865,4,1.0040160642570282,24
0.0844353565283383,0.02033296025218396,-0.8582207666030738,1.043602124428613e-08,0.8582207708989714,9.161159390006732,3.0649072271094266,1.0000000050055857,0.0013948295543981535,0.9912549318262053,4,0.8032128514056227,24
0.09838225755434876,0.020328894026107266,-0.8582207706189058,6.805440767411783e-10,0.858220770899046,9.16115769904257,3.064906818872237,1.0000000003264198,0.0013945506135928654,0.9912549356466833,4,0.6024096385542173,24
0.11232636945118486,0.020324828613202586,-0.8582207708807826,4.4378963404955396e-11,0.8582207708990509,9.161158815011051,3.0649076347438555,1.0000000000212863,0.0013942717285707164,0.9912549358958205,4,0.4016064257028109,24
0.12626769277662223,0.020320764013307374,-0.85822077089786,2.8939654534066818e-12,0.8582207708990509,9.161853616484722,3.065078526413101,1.0000000000013878,0.0013939928993205576,0.9912549359120671,4,0.2008032128514054,24
0.0,0.0,-0.8788856978986028,0.18571725645523254,0.972390428954896,4.660642223575656,2.3987015664732128,1.082949474574828,0.0,0.8625976126267949,0,4.016064257028113,25
0.0,0.0,-0.9528965567247958,0.017460583728157043,0.972390428954896,3.2944138397436404,1.4856336778653696,1.0202896449188412,0.0,0.9561507209469999,0,3.8152610441767063,25
0.0,0.0,-0.9496694300347888,0.01619671261685036,0.972390428954896,-1.2822472025047347,0.12406102137181374,1.0237792577696059,0.0,0.9671402308007268,0,3.614457831325301,25
0.0,0.0,-0.9385345275644523,0.017005403805673454,0.9667817008967546,-1.20854396043717,0.008471646941718062,1.0299314365705388,0.0,0.9705333261647432,0,3.4136546184738954,25
0.0,0.0,-0.9268666483709856,0.017057679493838265,0.9555178015434204,-1.2014647409978092,0.00023178284351896774,1.0307407928288574,0.0,0.9734162545661981,0,3.21285140562249,25
0.0,0.0,-0.9151661154820114,0.017057910091769005,0.9438382585647486,-1.2009931999970038,-0.00030823692491322645,1.0311544643971164,0.0,0.9762653199999309,0,3.0120481927710845,25
0.0,0.0,-0.9034656405833761,0.01705473635126791,0.9321337921995788,-1.200962402446649,-0.0003434701046335323,1.031551212828177,0.0,0.9791116447661254,0,2.8112449799196786,25
0.0,0.0,-0.8917673567620936,0.01705134120104494,0.9204298888908704,-1.2009603935263349,-0.0003457682037505674,1.0319564107958281,0.0,0.9819572587504117,0,2.610441767068273,25
0.0,0.0,-0.8800714026831455,0.017047932249837996,0.9087282102311268,-1.200960262495523,-0.00034591809544606687,1.0323721103087673,0.0,0.9848022944313022,0,2.409638554216868,25
0.0,0.0,-0.8683777869516976,0.017044523036105808,0.8970288641371609,-1.2009602539491493,-0.0003459278719554448,1.0327988433219055,0.0,0.9876467605542476,0,2.208835341365462,25
0.0,0.0,-0.8566865096916563,0.017041114442579167,0.8853318572088842,-1.20096025339172,-0.00034592850964441734,1.0332370627452199,0.0,0.9904906577959081,0,2.0080321285140563,25
0.0,0.0,-0.8449975704739443,0.01703770652669445,0.8736371894393122,-1.2009602533553723,-0.00034592855124180173,1.0336872390747642,0.0,0.9933339863067472,0,1.8072289156626504,25
0.0,0.0,-0.8333109688335107,0.017034299292069694,0.8619448603907052,-1.2009602533529893,-0.00034592855395746455,1.0341498683534556,0.0,0.9961767462028946,0,1.606425702811245,25
0.0,0.0,-0.8216267043030462,0.01703089273881347,0.8502548695973204,-1.2009602533528354,-0.00034592855413536765,1.0346254744073256,0.0,0.9990189375982189,0,1.4056224899598395,25
0.0,0.0,-0.8099447764151816,0.017027486866805545,0.838567216591677,-1.2009602533528203,-0.0003459285541160939,1.0351146108495233,0.0,1.0018605606064204,0,1.2048192771084336,25
0.0,0.0,-0.7982651847026309,0.017024081675910636,0.8268819009062672,-1.200960253352843,-0.0003459285541226218,1.0356178632296569,0.0,1.004701615341166,0,1.0040160642570282,25
0.0,0.0,-0.7865879286982012,0.01702067716599261,0.8151989220736707,-1.2009602533528325,-0.0003459285541533487,1.0361358513698935,0.0,1.0075421019161015,0,0.8032128514056227,25
0.0,0.0,-0.774913007934793,0.01701727333691521,0.8035182796265578,-1.2009602533528247,-0.00034592855415662685,1.0366692319089588,0.0,1.0103820204448477,0,0.6024096385542173,25
0.0,0.0,-0.7632404219454003,0.017013870188542373,0.7918399730976942,-1.2009602533528174,-0.0003459285541237293,1.0372187010760898,0.0,1.0132213710410043,0,0.4016064257028109,25
0.0,0.0,-0.7515701702631101,0.01701046772073805,0.7801640020199375,-1.2009602533528279,-0.00034592855408910306,1.0377849977195388,0.0,1.0160601538181468,0,0.2008032128514054,25
0.0,0.0,-0.8788856978986028,0.18571725645523254,0.972390428954896,4.660642223575656,2.3987015664732128,1.082949474574828,0.0,0.8625976126267949,0,4.016064257028113,26
0.0,0.0,-0.9528965567247958,0.017460583728157043,0.972390428954896,3.2944138397436404,1.4856336778653696,1.0202896449188412,0.0,0.9561507209469999,1,3.8152610441767063,26
0.0,0.0,-0.9496694300347888,0.01619671261685036,0.972390428954896,-1.2822472025047347,0.12406102137181374,1.0237792577696059,0.0,0.9671402308007268,1,3.614457831325301,26
0.0,0.0,-0.9385345275644523,0.017005403805673454,0.9667817008967546,-1.20854396043717,0.008471646941718062,1.0299314365705388,0.0,0.9705333261647432,1,3.4136546184738954,26
0.0,0.0,-0.9268666483709856,0.017057679493838265,0.9555178015434204,-1.2014647409978092,0.00023178284351896774,1.0307407928288574,0.0,0.9734162545661981,1,3.21285140562249,26
0.0,0.0,-0.9151661154820114,0.017057910091769005,0.9438382585647486,-1.2009931999970038,-0.00030823692491322645,1.0311544643971164,0.0,0.9762653199999309,1,3.0120481927710845,26
0.0,0.0,-0.9034656405833761,0.01705473635126791,0.9321337921995788,-1.200962402446649,-0.0003434701046335323,1.031551212828177,0.0,0.9791116447661254,1,2.8112449799196786,26
0.0,0.0,-0.8917673567620936,0.01705134120104494,0.9204298888908704,-1.2009603935263349,-0.0003457682037505674,1.0319564107958281,0.0,0.9819572587504117,1,2.610441767068273,26
0.0,0.0,-0.8800714026831455,0.017047932249837996,0.9087282102311268,-1.200960262495523,-0.00034591809544606687,1.0323721103087673,0.0,0.9848022944313022,1,2.409638554216868,26
0.0,0.0,-0.8683777869516976,0.017044523036105808,0.8970288641371609,-1.2009602539491493,-0.0003459278719554448,1.0327988433219055,0.0,0.9876467605542476,1,2.208835341365462,26
0.0,0.0,-0.8566865096916563,0.017041114442579167,0.8853318572088842,-1.20096025339172,-0.00034592850964441734,1.0332370627452199,0.0,0.9904906577959081,1,2.0080321285140563,26
0.0,0.0,-0.8449975704739443,0.01703770652669445,0.8736371894393122,-1.2009602533553723,-0.00034592855124180173,1.0336872390747642,0.0,0.9933339863067472,1,1.8072289156626504,26
0.0,0.0,-0.8333109688335107,0.017034299292069694,0.8619448603907052,-1.2009602533529893,-0.00034592855395746455,1.0341498683534556,0.0,0.9961767462028946,1,1.606425702811245,26
0.0,0.0,-0.8216267043030462,0.01703089273881347,0.8502548695973204,-1.2009602533528354,-0.00034592855413536765,1.0346254744073256,0.0,0.9990189375982189,1,1.4056224899598395,26
0.0,0.0,-0.8099447764151816,0.017027486866805545,0.838567216591677,-1.2009602533528203,-0.0003459285541160939,1.0351146108495233,0.0,1.0018605606064204,1,1.2048192771084336,26
0.0,0.0,-0.7982651847026309,0.017024081675910636,0.8268819009062672,-1.200960253352843,-0.0003459285541226218,1.0356178632296569,0.0,1.004701615341166,1,1.0040160642570282,26
0.0,0.0,-0.7865879286982012,0.01702067716599261,0.8151989220736707,-1.2009602533528325,-0.0003459285541533487,1.0361358513698935,0.0,1.0075421019161015,1,0.8032128514056227,26
0.0,0.0,-0.774913007934793,0.01701727333691521,0.8035182796265578,-1.2009602533528247,-0.00034592855415662685,1.0366692319089588,0.0,1.0103820204448477,1,0.6024096385542173,26
0.0,0.0,-0.7632404219454003,0.017013870188542373,0.7918399730976942,-1.2009602533528174,-0.0003459285541237293,1.0372187010760898,0.0,1.0132213710410043,1,0.4016064257028109,26
0.0,0.0,-0.7515701702631101,0.01701046772073805,0.7801640020199375,-1.2009602533528279,-0.00034592855408910306,1.0377849977195388,0.0,1.0160601538181468,1,0.2008032128514054,26
0.0,0.0,-0.8788856978986028,0.18571725645523254,0.972390428954896,4.660642223575656,2.3987015664732128,1.082949474574828,0.0,0.8625976126267949,0,4.016064257028113,27
0.0,0.0,-0.9528965567247958,0.017460583728157043,0.972390428954896,3.2944138397436404,1.4856336778653696,1.0202896449188412,0.0,0.9561507209469999,0,3.8152610441767063,27
0.0,0.0,-0.9496694300347888,0.01619671261685036,0.972390428954896,-1.2822472025047347,0.12406102137181374,1.0237792577696059,0.0,0.9671402308007268,0,3.614457831325301,27
0.0,0.0,-0.9385345275644523,0.017005403805673454,0.9667817008967546,-1.20854396043717,0.008471646941718062,1.0299314365705388,0.0,0.9705333261647432,0,3.4136546184738954,27
0.0,0.0,-0.9268666483709856,0.017057679493838265,0.9555178015434204,-1.2014647409978092,0.00023178284351896774,1.0307407928288574,0.0,0.9734162545661981,0,3.21285140562249,27
0.0,0.0,-0.9151661154820114,0.017057910091769005,0.9438382585647486,-1.2009931999970038,-0.00030823692491322645,1.0311544643971164,0.0,0.9762653199999309,0,3.0120481927710845,27
0.0,0.0,-0.9034656405833761,0.01705473635126791,0.9321337921995788,-1.200962402446649,-0.0003434701046335323,1.031551212828177,0.0,0.9791116447661254,0,2.8112449799196786,27
0.0,0.0,-0.8917673567620936,0.01705134120104494,0.9204298888908704,-1.2009603935263349,-0.0003457682037505674,1.0319564107958281,0.0,0.9819572587504117,0,2.610441767068273,27
0.15,0.45456864504849487,-0.7392743714221268,0.43614956702349555,0.9087282102311268,5.158438800201187,2.6696090747069126,1.0614444645906649,0.016206482593037214,1.0008544764054803,2,2.409638554216868,27
0.45,0.6943650748294136,-0.4715648454579808,0.626968485782328,0.8970288641371609,-1.199927671470181,0.8835874345443028,1.1507928197402932,0.03781512605042016,1.0601371838149876,2,2.208835341365462,27
0.75,0.7576144084141581,-0.20842173346663898,0.6708645769158168,0.8853318572088842,-1.9823093657441677,0.011383848595913652,1.2719212576919534,0.045018007202881134,1.1237613738001329,2,2.0080321285140563,27
1.05,0.6943650748294137,0.05442141223451252,0.6097241570907004,0.8736371894393122,-1.239387285846389,-0.8569041695206937,1.44153961082499,0.03781512605042016,1.1876681448767703,2,1.8072289156626504,27
1.35,0.45456864504849487,0.3172428117018248,0.3984243114259671,0.8619448603907052,4.950397787874801,-2.6092101308836972,1.7028694953937,0.016206482593037207,1.2515928118416524,2,1.606425702811245,27
1.5,1.2285357956997882e-16,0.4392635771388839,0.013622428840630888,0.467806288384623,-1.1511748461393876,0.28509615236728403,1.0644770315164036,-1.2684018023958378e-17,1.2994659324215303,2,1.4056224899598395,27
1.5,1.2688263138573217e-16,0.44606304442666894,0.01653214462970419,0.4743357316333938,-1.2553622030012093,0.07194623158789284,1.0626677037869108,4.9859268185369136e-18,1.3069525038218983,2,1.2048192771084336,27
1.5,1.2285357956997882e-16,0.457424245658342,0.016990992135847083,0.4860095953112739,-1.2052161405760113,0.004566450402474316,1.0617743890566962,-1.2684018023958378e-17,1.3100964606122616,2,1.0040160642570282,27
1.5,1.18687833744435e-16,0.46908073907877623,0.017018516109385526,0.4976811299342643,-1.2012408484553825,-2.475709879769803e-05,1.060287506628912,-1.2684018023958378e-17,1.3129566997544055,2,0.8032128514056227,27
1.5,1.18687833744435e-16,0.4807543058918622,0.017017132398294887,0.5093503308195708,-1.2009785677148337,-0.00032497719237337277,1.0588317238335119,4.9859268185369136e-18,1.3157979063691982,2,0.6024096385542173,27
1.5,1.18687833744435e-16,0.4924268035887055,0.0170138609977254,0.5210171980981566,-1.2009614479452946,-0.0003445620063621106,1.057441822086326,-1.2684018023958378e-17,1.3186373409628243,2,0.4016064257028109,27
1.5,1.3457935360146644e-16,0.5040970495133441,0.017010467121394795,0.5326817322148065,-1.2009603312692851,-0.00034583942219742445,1.0561156191533256,-2.0192629026742142e-18,1.3214761292175317,2,0.2008032128514054,27
0.0,0.0,-0.8788856978986028,0.18571725645523254,0.972390428954896,4.660642223575656,2.3987015664732128,1.082949474574828,0.0,0.8625976126267949,0,4.016064257028113,28
0.0,0.0,-0.9528965567247958,0.017460583728157043,0.972390428954896,3.2944138397436404,1.4856336778653696,1.0202896449188412,0.0,0.9561507209469999,0,3.8152610441767063,28
0.0,0.0,-0.9496694300347888,0.01619671261685036,0.972390428954896,-1.2822472025047347,0.12406102137181374,1.0237792577696059,0.0,0.9671402308007268,0,3.614457831325301,28
0.0,0.0,-0.9385345275644523,0.017005403805673454,0.9667817008967546,-1.20854396043717,0.008471646941718062,1.0299314365705388,0.0,0.9705333261647432,0,3.4136546184738954,28
0.0,0.0,-0.9268666483709856,0.017057679493838265,0.9555178015434204,-1.2014647409978092,0.00023178284351896774,1.0307407928288574,0.0,0.9734162545661981,0,3.21285140562249,28
0.0,0.0,-0.9151661154820114,0.017057910091769005,0.9438382585647486,-1.2009931999970038,-0.00030823692491322645,1.0311544643971164,0.0,0.9762653199999309,0,3.0120481927710845,28
0.0,0.0,-0.9034656405833761,0.01705473635126791,0.9321337921995788,-1.200962402446649,-0.0003434701046335323,1.031551212828177,0.0,0.9791116447661254,0,2.8112449799196786,28
0.0,0.0,-0.8917673567620936,0.01705134120104494,0.9204298888908704,-1.2009603935263349,-0.0003457682037505674,1.0319564107958281,0.0,0.9819572587504117,0,2.610441767068273,28
2.792896953656976e-05,0.00019748763750860985,-0.8800974175203387,0.017008260045189565,0.9087282102311268,-1.2054433234910218,-0.006285939244217287,1.0323424876204301,3.0175357242392295e-06,0.9847991147810308,3,2.409638554216868,28
5.5851795314244005e-05,0.00027639470796534863,-0.8684281746139847,0.016983138069273176,0.8970288641371609,-1.2026613949389682,-0.005833330052083357,1.0327403422494246,4.827363865462024e-06,0.9876388452626957,3,2.208835341365462,28
8.377015375251595e-05,0.000334938122786639,-0.8567588764186628,0.016982495138066375,0.8853318572088842,-1.1966757558189405,0.0004608626244672126,1.0331511984697062,5.027732428633245e-06,0.9904757340169219,3,2.0080321285140563,28
0.00016750959619361071,0.00045822352139303514,-0.8451440781439523,0.016924417487587256,0.8736371894393122,-1.2054038818579402,-0.004737127185706854,1.0335108452022947,9.38240113876917e-06,0.993305857367559,3,1.8072289156626504,28
0.0002791378109936371,0.0006304745272791313,-0.8335554838559457,0.01687658478685364,0.8619448603907052,-1.2067441975980406,-0.010964318435518221,1.0338505329220875,1.3131338052175601e-05,0.9961302287350741,3,1.606425702811245,28
0.0003070126241945975,0.0006484357320887931,-0.8218869970742506,0.016931574120618645,0.8502233902036551,-1.1951717967781317,0.01108102535467475,1.0342621811886534,9.042667309049331e-06,0.9989595555415046,3,1.4056224899598395,28
0.00036278068561171496,0.0006794793274546257,-0.8102503473216072,0.016970975919191545,0.8385238115809609,-1.2071564938310135,0.013149578831285954,1.0346723302588399,5.8238636657754824e-06,1.0017884860230701,3,1.2048192771084336,28
0.00044642079540773815,0.0007687459881267791,-0.7986510740925761,0.016973571162037803,0.8268551210841223,-1.2300360513162232,-0.01495303015704929,1.0350855408682689,4.679063889845785e-06,1.004622311958104,3,1.0040160642570282,28
0.0006973020980917915,0.001135666174809901,-0.7871972510550382,0.01664618612503755,0.8151238608154378,-1.237463994496546,-0.05667919000599427,1.0352491934641335,3.005270379952532e-05,1.0074244810757866,3,0.8032128514056227,28
0.0006414335979174068,0.0010986204277314512,-0.775444706234213,0.016845918611571163,0.803388720341672,-1.143675151367481,0.03392285085709126,1.0357966129361746,1.7066616759593933e-05,1.0102464201476575,3,0.6024096385542173,28
0.000752876063679927,0.0011684980741339588,-0.763875566633173,0.016928713531348834,0.7920133509075287,-1.2018357354293456,0.029724900080536996,1.0365861281648514,1.0633973126756339e-05,1.0130727424127701,3,0.4016064257028109,28
0.0008085253698165607,0.0011979001692684697,-0.7522567529927635,0.017036481726317568,0.7800981026345167,-1.2622002424739769,0.012474507718114605,1.0367499137226637,1.2580000059784437e-06,1.01590481167036,3,0.2008032128514054,28
0.0,0.0,-0.8788856978986028,0.18571725645523254,0.972390428954896,4.660642223575656,2.3987015664732128,1.082949474574828,0.0,0.8625976126267949,0,4.016064257028113,29
0.0,0.0,-0.9528965567247958,0.017460583728157043,0.972390428954896,3.2944138397436404,1.4856336778653696,1.0202896449188412,0.0,0.9561507209469999,0,3.8152610441767063,29
0.0,0.0,-0.9496694300347888,0.01619671261685036,0.972390428954896,-1.2822472025047347,0.12406102137181374,1.0237792577696059,0.0,0.9671402308007268,0,3.614457831325301,29
0.0,0.0,-0.9385345275644523,0.017005403805673454,0.9667817008967546,-1.20854396043717,0.008471646941718062,1.0299314365705388,0.0,0.9705333261647432,0,3.4136546184738954,29
0.0,0.0,-0.9268666483709856,0.017057679493838265,0.9555178015434204,-1.2014647409978092,0.00023178284351896774,1.0307407928288574,0.0,0.9734162545661981,0,3.21285140562249,29
0.0,0.0,-0.9151661154820114,0.017057910091769005,0.9438382585647486,-1.2009931999970038,-0.00030823692491322645,1.0311544643971164,0.0,0.9762653199999309,0,3.0120481927710845,29
0.0,0.0,-0.9034656405833761,0.01705473635126791,0.9321337921995788,-1.200962402446649,-0.0003434701046335323,1.031551212828177,0.0,0.9791116447661254,0,2.8112449799196786,29
0.0,0.0,-0.8917673567620936,0.01705134120104494,0.9204298888908704,-1.2009603935263349,-0.0003457682037505674,1.0319564107958281,0.0,0.9819572587504117,0,2.610441767068273,29
0.00041894012906589726,0.0014176739195425492,-0.8804721420288751,0.016441225306195597,0.9087282102311268,-1.279793684262268,-0.09656595560168853,1.0319156551502409,4.6604752972370344e-05,0.9847645992793274,4,2.409638554216868,29
0.0033512976108248465,0.006154814261058471,-0.8714091524468737,0.013342557636857603,0.8970288641371609,-1.219650914322021,-0.47423423493864597,1.02928209109814,0.00031916907324562924,0.9871793646143668,4,2.208835341365462,29
0.009075825989379217,0.01165188540406945,-0.8646993586710009,0.008985464732317183,0.8853318572088842,-0.4868820355951895,-0.9996099037891948,1.0238067232909946,0.0007190773666546099,0.989037887685909,4,2.0080321285140563,29
0.017591966880806043,0.016653176227829032,-0.8603296385188609,0.004394143820628768,0.8736371894393122,1.9672605163071095,-1.8277036641000635,1.015454987595995,0.0011121981731547553,0.9903282435959149,4,1.8072289156626504,29
0.028899162012849103,0.01991239694477584,-0.8582986989944122,0.0007029930450787007,0.8619448603907052,15.68382821286604,-3.784077791859711,1.004247796327067,0.0013644268565792782,0.9910497610782484,4,1.606425702811245,29
0.04257791309583067,0.020345163811072802,-0.8582052792372342,3.763318461226068e-05,0.8582207706123105,9.161159369647482,3.0649072188708244,1.0000180499547275,0.0013956667116244437,0.9912401978588581,4,1.4056224899598395,29
0.05653318485713385,0.020341095144504027,-0.8582197606712052,2.4541002431202504e-06,0.8582207708803525,9.16115936994638,3.064907218929708,1.0000011770944404,0.0013953876034027816,0.9912539748289045,4,1.2048192771084336,29
0.07048566581526626,0.02033702729159532,-0.8582207050210121,1.600345031866871e-07,0.8582207708978319,9.161159356626914,3.064907215717404,1.000000076759748,0.0013951085509977385,0.991254873239865,4,1.0040160642570282,29
0.0844353565283383,0.02033296025218396,-0.8582207666030738,1.043602124428613e-08,0.8582207708989714,9.161159390006732,3.0649072271094266,1.0000000050055857,0.0013948295543981535,0.9912549318262053,4,0.8032128514056227,29
0.09838225755434876,0.020328894026107266,-0.8582207706189058,6.805440767411783e-10,0.858220770899046,9.16115769904257,3.064906818872237,1.0000000003264198,0.0013945506135928654,0.9912549356466833,4,0.6024096385542173,29
0.11232636945118486,0.020324828613202586,-0.8582207708807826,4.4378963404955396e-11,0.8582207708990509,9.161158815011051,3.0649076347438555,1.0000000000212863,0.0013942717285707164,0.9912549358958205,4,0.4016064257028109,29
0.12626769277662223,0.020320764013307374,-0.85822077089786,2.8939654534066818e-12,0.8582207708990509,9.161853616484722,3.065078526413101,1.0000000000013878,0.0013939928993205576,0.9912549359120671,4,0.2008032128514054,29
0.0,0.0,-0.8788856978986028,0.18571725645523254,0.972390428954896,4.660642223575656,2.3987015664732128,1.082949474574828,0.0,0.8625976126267949,0,4.016064257028113,30
0.0,0.0,-0.9528965567247958,0.017460583728157043,0.972390428954896,3.2944138397436404,1.4856336778653696,1.0202896449188412,0.0,0.9561507209469999,0,3.8152610441767063,30
0.0,0.0,-0.9496694300347888,0.01619671261685036,0.972390428954896,-1.2822472025047347,0.12406102137181374,1.0237792577696059,0.0,0.9671402308007268,0,3.614457831325301,30
0.0,0.0,-0.9385345275644523,0.017005403805673454,0.9667817008967546,-1.20854396043717,0.008471646941718062,1.0299314365705388,0.0,0.9705333261647432,0,3.4136546184738954,30
0.0,0.0,-0.9268666483709856,0.017057679493838265,0.9555178015434204,-1.2014647409978092,0.00023178284351896774,1.0307407928288574,0.0,0.9734162545661981,0,3.21285140562249,30
0.0,0.0,-0.9151661154820114,0.017057910091769005,0.9438382585647486,-1.2009931999970038,-0.00030823692491322645,1.0311544643971164,0.0,0.9762653199999309,0,3.0120481927710845,30
0.0,0.0,-0.9034656405833761,0.01705473635126791,0.9321337921995788,-1.200962402446649,-0.0003434701046335323,1.031551212828177,0.0,0.9791116447661254,0,2.8112449799196786,30
0.0,0.0,-0.8917673567620936,0.01705134120104494,0.9204298888908704,-1.2009603935263349,-0.0003457682037505674,1.0319564107958281,0.0,0.9819572587504117,0,2.610441767068273,30
0.0,0.0,-0.8800714026831455,0.017047932249837996,0.9087282102311268,-1.200960262495523,-0.00034591809544606687,1.0323721103087673,0.0,0.9848022944313022,0,2.409638554216868,30
0.0,0.0,-0.8683777869516976,0.017044523036105808,0.8970288641371609,-1.2009602539491493,-0.0003459278719554448,1.0327988433219055,0.0,0.9876467605542476,0,2.208835341365462,30
0.0,0.0,-0.8566865096916563,0.017041114442579167,0.8853318572088842,-1.20096025339172,-0.00034592850964441734,1.0332370627452199,0.0,0.9904906577959081,0,2.0080321285140563,30
0.0,0.0,-0.8449975704739443,0.01703770652669445,0.8736371894393122,-1.2009602533553723,-0.00034592855124180173,1.0336872390747642,0.0,0.9933339863067472,0,1.8072289156626504,30
0.0,0.0,-0.8333109688335107,0.017034299292069694,0.8619448603907052,-1.2009602533529893,-0.00034592855395746455,1.0341498683534556,0.0,0.9961767462028946,0,1.606425702811245,30
0.0,0.0,-0.8216267043030462,0.01703089273881347,0.8502548695973204,-1.2009602533528354,-0.00034592855413536765,1.0346254744073256,0.0,0.9990189375982189,0,1.4056224899598395,30
0.0,0.0,-0.8099447764151816,0.017027486866805545,0.838567216591677,-1.2009602533528203,-0.0003459285541160939,1.0351146108495233,0.0,1.0018605606064204,0,1.2048192771084336,30
0.0,0.0,-0.7982651847026309,0.017024081675910636,0.8268819009062672,-1.200960253352843,-0.0003459285541226218,1.0356178632296569,0.0,1.004701615341166,0,1.0040160642570282,30
0.0,0.0,-0.7865879286982012,0.01702067716599261,0.8151989220736707,-1.2009602533528325,-0.0003459285541533487,1.0361358513698935,0.0,1.0075421019161015,0,0.8032128514056227,30
0.0,0.0,-0.774913007934793,0.01701727333691521,0.8035182796265578,-1.2009602533528247,-0.00034592855415662685,1.0366692319089588,0.0,1.0103820204448477,0,0.6024096385542173,30
0.0,0.0,-0.7632404219454003,0.017013870188542373,0.7918399730976942,-1.2009602533528174,-0.0003459285541237293,1.0372187010760898,0.0,1.0132213710410043,0,0.4016064257028109,30
0.0,0.0,-0.7515701702631101,0.01701046772073805,0.7801640020199375,-1.2009602533528279,-0.00034592855408910306,1.0377849977195388,0.0,1.0160601538181468,0,0.2008032128514054,30
0.0,0.0,-0.8788856978986028,0.18571725645523254,0.972390428954896,4.660642223575656,2.3987015664732128,1.082949474574828,0.0,0.8625976126267949,0,4.016064257028113,31
0.0,0.0,-0.9528965567247958,0.017460583728157043,0.972390428954896,3.2944138397436404,1.4856336778653696,1.0202896449188412,0.0,0.9561507209469999,1,3.8152610441767063,31
0.0,0.0,-0.9496694300347888,0.01619671261685036,0.972390428954896,-1.2822472025047347,0.12406102137181374,1.0237792577696059,0.0,0.9671402308007268,1,3.614457831325301,31
0.0,0.0,-0.9385345275644523,0.017005403805673454,0.9667817008967546,-1.20854396043717,0.008471646941718062,1.0299314365705388,0.0,0.9705333261647432,1,3.4136546184738954,31
0.0,0.0,-0.9268666483709856,0.017057679493838265,0.9555178015434204,-1.2014647409978092,0.00023178284351896774,1.0307407928288574,0.0,0.9734162545661981,1,3.21285140562249,31
0.0,0.0,-0.9151661154820114,0.017057910091769005,0.9438382585647486,-1.2009931999970038,-0.00030823692491322645,1.0311544643971164,0.0,0.9762653199999309,1,3.0120481927710845,31
0.0,0.0,-0.9034656405833761,0.01705473635126791,0.9321337921995788,-1.200962402446649,-0.0003434701046335323,1.031551212828177,0.0,0.9791116447661254,1,2.8112449799196786,31
0.0,0.0,-0.8917673567620936,0.01705134120104494,0.9204298888908704,-1.2009603935263349,-0.0003457682037505674,1.0319564107958281,0.0,0.9819572587504117,1,2.610441767068273,31
0.0,0.0,-0.8800714026831455,0.017047932249837996,0.9087282102311268,-1.200960262495523,-0.00034591809544606687,1.0323721103087673,0.0,0.9848022944313022,1,2.409638554216868,31
0.0,0.0,-0.8683777869516976,0.017044523036105808,0.8970288641371609,-1.2009602539491493,-0.0003459278719554448,1.0327988433219055,0.0,0.9876467605542476,1,2.208835341365462,31
0.0,0.0,-0.8566865096916563,0.017041114442579167,0.8853318572088842,-1.20096025339172,-0.00034592850964441734,1.0332370627452199,0.0,0.9904906577959081,1,2.0080321285140563,31
0.0,0.0,-0.8449975704739443,0.01703770652669445,0.8736371894393122,-1.2009602533553723,-0.00034592855124180173,1.0336872390747642,0.0,0.9933339863067472,1,1.8072289156626504,31
0.0,0.0,-0.8333109688335107,0.017034299292069694,0.8619448603907052,-1.2009602533529893,-0.00034592855395746455,1.0341498683534556,0.0,0.9961767462028946,1,1.606425702811245,31
0.0,0.0,-0.8216267043030462,0.01703089273881347,0.8502548695973204,-1.2009602533528354,-0.00034592855413536765,1.0346254744073256,0.0,0.9990189375982189,1,1.4056224899598395,31
0.0,0.0,-0.8099447764151816,0.017027486866805545,0.838567216591677,-1.2009602533528203,-0.0003459285541160939,1.0351146108495233,0.0,1.0018605606064204,1,1.2048192771084336,31
0.0,0.0,-0.7982651847026309,0.017024081675910636,0.8268819009062672,-1.200960253352843,-0.0003459285541226218,1.0356178632296569,0.0,1.004701615341166,1,1.0040160642570282,31
0.0,0.0,-0.7865879286982012,0.01702067716599261,0.8151989220736707,-1.2009602533528325,-0.0003459285541533487,1.0361358513698935,0.0,1.0075421019161015,1,0.8032128514056227,31
0.0,0.0,-0.774913007934793,0.01701727333691521,0.8035182796265578,-1.2009602533528247,-0.00034592855415662685,1.0366692319089588,0.0,1.0103820204448477,1,0.6024096385542173,31
0.0,0.0,-0.7632404219454003,0.017013870188542373,0.7918399730976942,-1.2009602533528174,-0.0003459285541237293,1.0372187010760898,0.0,1.0132213710410043,1,0.4016064257028109,31
0.0,0.0,-0.7515701702631101,0.01701046772073805,0.7801640020199375,-1.2009602533528279,-0.00034592855408910306,1.0377849977195388,0.0,1.0160601538181468,1,0.2008032128514054,31
0.0,0.0,-0.8788856978986028,0.18571725645523254,0.972390428954896,4.660642223575656,2.3987015664732128,1.082949474574828,0.0,0.8625976126267949,0,4.016064257028113,32
0.0,0.0,-0.9528965567247958,0.017460583728157043,0.972390428954896,3.2944138397436404,1.4856336778653696,1.0202896449188412,0.0,0.9561507209469999,0,3.8152610441767063,32
0.0,0.0,-0.9496694300347888,0.01619671261685036,0.972390428954896,-1.2822472025047347,0.12406102137181374,1.0237792577696059,0.0,0.9671402308007268,0,3.614457831325301,32
0.0,0.0,-0.9385345275644523,0.017005403805673454,0.9667817008967546,-1.20854396043717,0.008471646941718062,1.0299314365705388,0.0,0.9705333261647432,0,3.4136546184738954,32
0.0,0.0,-0.9268666483709856,0.017057679493838265,0.9555178015434204,-1.2014647409978092,0.00023178284351896774,1.0307407928288574,0.0,0.9734162545661981,0,3.21285140562249,32
0.0,0.0,-0.9151661154820114,0.017057910091769005,0.9438382585647486,-1.2009931999970038,-0.00030823692491322645,1.0311544643971164,0.0,0.9762653199999309,0,3.0120481927710845,32
0.0,0.0,-0.9034656405833761,0.01705473635126791,0.9321337921995788,-1.200962402446649,-0.0003434701046335323,1.031551212828177,0.0,0.9791116447661254,0,2.8112449799196786,32
0.0,0.0,-0.8917673567620936,0.01705134120104494,0.9204298888908704,-1.2009603935263349,-0.0003457682037505674,1.0319564107958281,0.0,0.9819572587504117,0,2.610441767068273,32
0.15,0.45456864504849487,-0.7392743714221268,0.43614956702349555,0.9087282102311268,5.158438800201187,2.6696090747069126,1.0614444645906649,0.016206482593037214,1.0008544764054803,2,2.409638554216868,32
0.45,0.6943650748294136,-0.4715648454579808,0.626968485782328,0.8970288641371609,-1.199927671470181,0.8835874345443028,1.1507928197402932,0.03781512605042016,1.0601371838149876,2,2.208835341365462,32
0.75,0.7576144084141581,-0.20842173346663898,0.6708645769158168,0.8853318572088842,-1.9823093657441677,0.011383848595913652,1.2719212576919534,0.045018007202881134,1.1237613738001329,2,2.0080321285140563,32
1.05,0.6943650748294137,0.05442141223451252,0.6097241570907004,0.8736371894393122,-1.239387285846389,-0.8569041695206937,1.44153961082499,0.03781512605042016,1.1876681448767703,2,1.8072289156626504,32
1.35,0.45456864504849487,0.3172428117018248,0.3984243114259671,0.8619448603907052,4.950397787874801,-2.6092101308836972,1.7028694953937,0.016206482593037207,1.2515928118416524,2,1.606425702811245,32
1.5,1.2285357956997882e-16,0.4392635771388839,0.013622428840630888,0.467806288384623,-1.1511748461393876,0.28509615236728403,1.0644770315164036,-1.2684018023958378e-17,1.2994659324215303,2,1.4056224899598395,32
1.5,1.2688263138573217e-16,0.44606304442666894,0.01653214462970419,0.4743357316333938,-1.2553622030012093,0.07194623158789284,1.0626677037869108,4.9859268185369136e-18,1.3069525038218983,2,1.2048192771084336,32
1.5,1.2285357956997882e-16,0.457424245658342,0.016990992135847083,0.4860095953112739,-1.2052161405760113,0.004566450402474316,1.0617743890566962,-1.2684018023958378e-17,1.3100964606122616,2,1.0040160642570282,32
1.5,1.18687833744435e-16,0.46908073907877623,0.017018516109385526,0.4976811299342643,-1.2012408484553825,-2.475709879769803e-05,1.060287506628912,-1.2684018023958378e-17,1.3129566997544055,2,0.8032128514056227,32
1.5,1.18687833744435e-16,0.4807543058918622,0.017017132398294887,0.5093503308195708,-1.2009785677148337,-0.00032497719237337277,1.0588317238335119,4.9859268185369136e-18,1.3157979063691982,2,0.6024096385542173,32
1.5,1.18687833744435e-16,0.4924268035887055,0.0170138609977254,0.5210171980981566,-1.2009614479452946,-0.0003445620063621106,1.057441822086326,-1.2684018023958378e-17,1.3186373409628243,2,0.4016064257028109,32
1.5,1.3457935360146644e-16,0.5040970495133441,0.017010467121394795,0.5326817322148065,-1.2009603312692851,-0.00034583942219742445,1.0561156191533256,-2.0192629026742142e-18,1.3214761292175317,2,0.2008032128514054,32
0.0,0.0,-0.8788856978986028,0.18571725645523254,0.972390428954896,4.660642223575656,2.3987015664732128,1.082949474574828,0.0,0.8625976126267949,0,4.016064257028113,33
0.0,0.0,-0.9528965567247958,0.017460583728157043,0.972390428954896,3.2944138397436404,1.4856336778653696,1.0202896449188412,0.0,0.9561507209469999,0,3.8152610441767063,33
0.0,0.0,-0.9496694300347888,0.01619671261685036,0.972390428954896,-1.2822472025047347,0.12406102137181374,1.0237792577696059,0.0,0.9671402308007268,0,3.614457831325301,33
0.0,0.0,-0.9385345275644523,0.017005403805673454,0.9667817008967546,-1.20854396043717,0.008471646941718062,1.0299314365705388,0.0,0.9705333261647432,0,3.4136546184738954,33
0.0,0.0,-0.9268666483709856,0.017057679493838265,0.9555178015434204,-1.2014647409978092,0.00023178284351896774,1.0307407928288574,0.0,0.9734162545661981,0,3.21285140562249,33
0.0,0.0,-0.9151661154820114,0.017057910091769005,0.9438382585647486,-1.2009931999970038,-0.00030823692491322645,1.0311544643971164,0.0,0.9762653199999309,0,3.0120481927710845,33
0.0,0.0,-0.9034656405833761,0.01705473635126791,0.9321337921995788,-1.200962402446649,-0.0003434701046335323,1.031551212828177,0.0,0.9791116447661254,0,2.8112449799196786,33
0.0,0.0,-0.8917673567620936,0.01705134120104494,0.9204298888908704,-1.2009603935263349,-0.0003457682037505674,1.0319564107958281,0.0,0.9819572587504117,0,2.610441767068273,33
0.0001117147610321867,0.00047543772965181867,-0.8801790075497723,0.01687830919430997,0.9087282102311268,-1.2286933249836824,-0.028591048393829754,1.032249701490124,1.247233079191322e-05,0.9847929499899034,3,2.409638554216868,33
0.00013963870375639898,0.0005085882452977184,-0.8684976039795678,0.016930445249011647,0.8970288641371609,-1.1810217335307227,0.0008841938579995271,1.0326590122671058,9.990780531402763e-06,0.9876211102584985,3,2.208835341365462,33
0.00016756041263221055,0.0005382249076802652,-0.8568273567971822,0.0169907868775338,0.8853318572088842,-1.1850597995919951,0.019045551539379764,1.0330684633472567,5.363647038058657e-06,0.9904570928396533,3,2.0080321285140563,33
0.00027921207212037834,0.0006307070899393948,-0.8452407181033672,0.01693713772075194,0.8736371894393122,-1.230338974988491,-0.0008574403002219262,1.0333924207699117,8.710483552577118e-06,0.9932860937029966,3,1.8072289156626504,33
0.0006420273527169146,0.0012031811151156243,-0.8338654525835325,0.016713946885370038,0.8619448603907052,-1.174728624542146,-0.028442911789726466,1.0334703560630267,2.9007895661502537e-05,0.9960622291803386,3,1.606425702811245,33
0.0006698245597015662,0.001170584003832097,-0.8221842097231183,0.01673851087276246,0.8500865866616367,-1.1534129034393483,0.03645589091436451,1.033726972548853,2.5993549950245242e-05,0.9988794980465492,3,1.4056224899598395,33
0.0006419006169773539,0.001169555463111147,-0.8104799040785002,0.017118545393580823,0.8399283739997985,-1.204661801882929,0.06476491423547455,1.0361081424336875,-2.3493707190253937e-06,1.0017277558292117,3,1.2048192771084336,33
0.0008092265882177818,0.0012944978845694625,-0.7989485709818003,0.01723340902818891,0.8268749680114024,-1.2445250908571996,0.0074059785869462135,1.0347180654115768,-1.1336291171121923e-05,1.0045425310190437,3,1.0040160642570282,33
0.0008091155489030144,0.0013247415942235143,-0.7872650099015428,0.01735921231125012,0.8157934278765843,-1.1429289331337922,-0.05939992691092325,1.0359905910075795,-2.3398889989129775e-05,1.0073771302742227,3,0.8032128514056227,33
0.0005856950941826228,0.0009795884268588566,-0.7754020750967107,0.016941983984490327,0.8047100268944785,-1.2105361861061639,-0.014354086242644264,1.0375544243943833,6.0802849795136855e-06,1.0102616013484629,3,0.6024096385542173,33
0.0005019283449717504,0.000966035786865686,-0.7636579181340406,0.01698049762301755,0.7917100650766917,-1.2271527537806095,0.01647975691253074,1.0364828394472672,4.277154691081294e-06,1.0131166293625524,3,0.4016064257028109,33
0.0005855327952925371,0.0009794516981765458,-0.7520667673207854,0.017187359156036152,0.7806919752242517,-1.1676179987024171,-0.03050116160572406,1.0377964993614173,-1.119363631381281e-05,1.0159470606170553,3,0.2008032128514054,33
0.0,0.0,-0.8788856978986028,0.18571725645523254,0.972390428954896,4.660642223575656,2.3987015664732128,1.082949474574828,0.0,0.8625976126267949,0,4.016064257028113,34
0.0,0.0,-0.9528965567247958,0.017460583728157043,0.972390428954896,3.2944138397436404,1.4856336778653696,1.0202896449188412,0.0,0.9561507209469999,0,3.8152610441767063,34
0.0,0.0,-0.9496694300347888,0.01619671261685036,0.972390428954896,-1.2822472025047347,0.12406102137181374,1.0237792577696059,0.0,0.9671402308007268,0,3.614457831325301,34
0.0,0.0,-0.9385345275644523,0.017005403805673454,0.9667817008967546,-1.20854396043717,0.008471646941718062,1.0299314365705388,0.0,0.9705333261647432,0,3.4136546184738954,34
0.0,0.0,-0.9268666483709856,0.017057679493838265,0.9555178015434204,-1.2014647409978092,0.00023178284351896774,1.0307407928288574,0.0,0.9734162545661981,0,3.21285140562249,34
0.0,0.0,-0.9151661154820114,0.017057910091769005,0.9438382585647486,-1.2009931999970038,-0.00030823692491322645,1.0311544643971164,0.0,0.9762653199999309,0,3.0120481927710845,34
0.0,0.0,-0.9034656405833761,0.01705473635126791,0.9321337921995788,-1.200962402446649,-0.0003434701046335323,1.031551212828177,0.0,0.9791116447661254,0,2.8112449799196786,34
0.0,0.0,-0.8917673567620936,0.01705134120104494,0.9204298888908704,-1.2009603935263349,-0.0003457682037505674,1.0319564107958281,0.0,0.9819572587504117,0,2.610441767068273,34
0.00041894012906589726,0.0014176739195425492,-0.8804721420288751,0.016441225306195597,0.9087282102311268,-1.279793684262268,-0.09656595560168853,1.0319156551502409,4.6604752972370344e-05,0.9847645992793274,4,2.409638554216868,34
0.0033512976108248465,0.006154814261058471,-0.8714091524468737,0.013342557636857603,0.8970288641371609,-1.219650914322021,-0.47423423493864597,1.02928209109814,0.00031916907324562924,0.9871793646143668,4,2.208835341365462,34
0.009075825989379217,0.01165188540406945,-0.8646993586710009,0.008985464732317183,0.8853318572088842,-0.4868820355951895,-0.9996099037891948,1.0238067232909946,0.0007190773666546099,0.989037887685909,4,2.0080321285140563,34
0.017591966880806043,0.016653176227829032,-0.8603296385188609,0.004394143820628768,0.8736371894393122,1.9672605163071095,-1.8277036641000635,1.015454987595995,0.0011121981731547553,0.9903282435959149,4,1.8072289156626504,34
0.028899162012849103,0.01991239694477584,-0.8582986989944122,0.0007029930450787007,0.8619448603907052,15.68382821286604,-3.784077791859711,1.004247796327067,0.0013644268565792782,0.9910497610782484,4,1.606425702811245,34
0.04257791309583067,0.020345163811072802,-0.8582052792372342,3.763318461226068e-05,0.8582207706123105,9.161159369647482,3.0649072188708244,1.0000180499547275,0.0013956667116244437,0.9912401978588581,4,1.4056224899598395,34
0.05653318485713385,0.020341095144504027,-0.8582197606712052,2.4541002431202504e-06,0.8582207708803525,9.16115936994638,3.064907218929708,1.0000011770944404,0.0013953876034027816,0.9912539748289045,4,1.2048192771084336,34
0.07048566581526626,0.02033702729159532,-0.8582207050210121,1.600345031866871e-07,0.8582207708978319,9.161159356626914,3.064907215717404,1.000000076759748,0.0013951085509977385,0.991254873239865,4,1.0040160642570282,34
0.0844353565283383,0.02033296025218396,-0.8582207666030738,1.043602124428613e-08,0.8582207708989714,9.161159390006732,3.0649072271094266,1.0000000050055857,0.0013948295543981535,0.9912549318262053,4,0.8032128514056227,34
0.09838225755434876,0.020328894026107266,-0.8582207706189058,6.805440767411783e-10,0.858220770899046,9.16115769904257,3.064906818872237,1.0000000003264198,0.0013945506135928654,0.9912549356466833,4,0.6024096385542173,34
0.11232636945118486,0.020324828613202586,-0.8582207708807826,4.4378963404955396e-11,0.8582207708990509,9.161158815011051,3.0649076347438555,1.0000000000212863,0.0013942717285707164,0.9912549358958205,4,0.4016064257028109,34
0.12626769277662223,0.020320764013307374,-0.85822077089786,2.8939654534066818e-12,0.8582207708990509,9.161853616484722,3.065078526413101,1.0000000000013878,0.0013939928993205576,0.9912549359120671,4,0.2008032128514054,34
0.0,0.0,-0.8788856978986028,0.18571725645523254,0.972390428954896,4.660642223575656,2.3987015664732128,1.082949474574828,0.0,0.8625976126267949,0,4.016064257028113,35
0.0,0.0,-0.9528965567247958,0.017460583728157043,0.972390428954896,3.2944138397436404,1.4856336778653696,1.0202896449188412,0.0,0.9561507209469999,0,3.8152610441767063,35
0.0,0.0,-0.9496694300347888,0.01619671261685036,0.972390428954896,-1.2822472025047347,0.12406102137181374,1.0237792577696059,0.0,0.9671402308007268,0,3.614457831325301,35
0.0,0.0,-0.9385345275644523,0.017005403805673454,0.9667817008967546,-1.20854396043717,0.008471646941718062,1.0299314365705388,0.0,0.9705333261647432,0,3.4136546184738954,35
0.0,0.0,-0.9268666483709856,0.017057679493838265,0.9555178015434204,-1.2014647409978092,0.00023178284351896774,1.0307407928288574,0.0,0.9734162545661981,0,3.21285140562249,35
0.0,0.0,-0.9151661154820114,0.017057910091769005,0.9438382585647486,-1.2009931999970038,-0.00030823692491322645,1.0311544643971164,0.0,0.9762653199999309,0,3.0120481927710845,35
0.0,0.0,-0.9034656405833761,0.01705473635126791,0.9321337921995788,-1.200962402446649,-0.0003434701046335323,1.031551212828177,0.0,0.9791116447661254,0,2.8112449799196786,35
0.0,0.0,-0.8917673567620936,0.01705134120104494,0.9204298888908704,-1.2009603935263349,-0.0003457682037505674,1.0319564107958281,0.0,0.9819572587504117,0,2.610441767068273,35
0.0,0.0,-0.8800714026831455,0.017047932249837996,0.9087282102311268,-1.200960262495523,-0.00034591809544606687,1.0323721103087673,0.0,0.9848022944313022,0,2.409638554216868,35
0.0,0.0,-0.8683777869516976,0.017044523036105808,0.8970288641371609,-1.2009602539491493,-0.0003459278719554448,1.0327988433219055,0.0,0.9876467605542476,0,2.208835341365462,35
0.0,0.0,-0.8566865096916563,0.017041114442579167,0.8853318572088842,-1.20096025339172,-0.00034592850964441734,1.0332370627452199,0.0,0.9904906577959081,0,2.0080321285140563,35
0.0,0.0,-0.8449975704739443,0.01703770652669445,0.8736371894393122,-1.2009602533553723,-0.00034592855124180173,1.0336872390747642,0.0,0.9933339863067472,0,1.8072289156626504,35
0.0,0.0,-0.8333109688335107,0.017034299292069694,0.8619448603907052,-1.2009602533529893,-0.00034592855395746455,1.0341498683534556,0.0,0.9961767462028946,0,1.606425702811245,35
0.0,0.0,-0.8216267043030462,0.01703089273881347,0.8502548695973204,-1.2009602533528354,-0.00034592855413536765,1.0346254744073256,0.0,0.9990189375982189,0,1.4056224899598395,35
0.0,0.0,-0.8099447764151816,0.017027486866805545,0.838567216591677,-1.2009602533528203,-0.0003459285541160939,1.0351146108495233,0.0,1.0018605606064204,0,1.2048192771084336,35
0.0,0.0,-0.7982651847026309,0.017024081675910636,0.8268819009062672,-1.200960253352843,-0.0003459285541226218,1.0356178632296569,0.0,1.004701615341166,0,1.0040160642570282,35
0.0,0.0,-0.7865879286982012,0.01702067716599261,0.8151989220736707,-1.2009602533528325,-0.0003459285541533487,1.0361358513698935,0.0,1.0075421019161015,0,0.8032128514056227,35
0.0,0.0,-0.774913007934793,0.01701727333691521,0.8035182796265578,-1.2009602533528247,-0.00034592855415662685,1.0366692319089588,0.0,1.0103820204448477,0,0.6024096385542173,35
0.0,0.0,-0.7632404219454003,0.017013870188542373,0.7918399730976942,-1.2009602533528174,-0.0003459285541237293,1.0372187010760898,0.0,1.0132213710410043,0,0.4016064257028109,35
0.0,0.0,-0.7515701702631101,0.01701046772073805,0.7801640020199375,-1.2009602533528279,-0.00034592855408910306,1.0377849977195388,0.0,1.0160601538181468,0,0.2008032128514054,35
0.0,0.0,-0.8788856978986028,0.18571725645523254,0.972390428954896,4.660642223575656,2.3987015664732128,1.082949474574828,0.0,0.8625976126267949,0,4.016064257028113,36
0.0,0.0,-0.9528965567247958,0.017460583728157043,0.972390428954896,3.2944138397436404,1.4856336778653696,1.0202896449188412,0.0,0.9561507209469999,1,3.8152610441767063,36
0.0,0.0,-0.9496694300347888,0.01619671261685036,0.972390428954896,-1.2822472025047347,0.12406102137181374,1.0237792577696059,0.0,0.9671402308007268,1,3.614457831325301,36
0.0,0.0,-0.9385345275644523,0.017005403805673454,0.9667817008967546,-1.20854396043717,0.008471646941718062,1.0299314365705388,0.0,0.9705333261647432,1,3.4136546184738954,36
0.0,0.0,-0.9268666483709856,0.017057679493838265,0.9555178015434204,-1.2014647409978092,0.00023178284351896774,1.0307407928288574,0.0,0.9734162545661981,1,3.21285140562249,36
0.0,0.0,-0.9151661154820114,0.017057910091769005,0.9438382585647486,-1.2009931999970038,-0.00030823692491322645,1.0311544643971164,0.0,0.9762653199999309,1,3.0120481927710845,36
0.0,0.0,-0.9034656405833761,0.01705473635126791,0.9321337921995788,-1.200962402446649,-0.0003434701046335323,1.031551212828177,0.0,0.9791116447661254,1,2.8112449799196786,36
0.0,0.0,-0.8917673567620936,0.01705134120104494,0.9204298888908704,-1.2009603935263349,-0.0003457682037505674,1.0319564107958281,0.0,0.9819572587504117,1,2.610441767068273,36
0.0,0.0,-0.8800714026831455,0.017047932249837996,0.9087282102311268,-1.200960262495523,-0.00034591809544606687,1.0323721103087673,0.0,0.9848022944313022,1,2.409638554216868,36
0.0,0.0,-0.8683777869516976,0.017044523036105808,0.8970288641371609,-1.2009602539491493,-0.0003459278719554448,1.0327988433219055,0.0,0.9876467605542476,1,2.208835341365462,36
0.0,0.0,-0.8566865096916563,0.017041114442579167,0.8853318572088842,-1.20096025339172,-0.00034592850964441734,1.0332370627452199,0.0,0.9904906577959081,1,2.0080321285140563,36
0.0,0.0,-0.8449975704739443,0.01703770652669445,0.8736371894393122,-1.2009602533553723,-0.00034592855124180173,1.0336872390747642,0.0,0.9933339863067472,1,1.8072289156626504,36
0.0,0.0,-0.8333109688335107,0.017034299292069694,0.8619448603907052,-1.2009602533529893,-0.00034592855395746455,1.0341498683534556,0.0,0.9961767462028946,1,1.606425702811245,36
0.0,0.0,-0.8216267043030462,0.01703089273881347,0.8502548695973204,-1.2009602533528354,-0.00034592855413536765,1.0346254744073256,0.0,0.9990189375982189,1,1.4056224899598395,36
0.0,0.0,-0.8099447764151816,0.017027486866805545,0.838567216591677,-1.2009602533528203,-0.0003459285541160939,1.0351146108495233,0.0,1.0018605606064204,1,1.2048192771084336,36
0.0,0.0,-0.7982651847026309,0.017024081675910636,0.8268819009062672,-1.200960253352843,-0.0003459285541226218,1.0356178632296569,0.0,1.004701615341166,1,1.0040160642570282,36
0.0,0.0,-0.7865879286982012,0.01702067716599261,0.8151989220736707,-1.2009602533528325,-0.0003459285541533487,1.0361358513698935,0.0,1.0075421019161015,1,0.8032128514056227,36
0.0,0.0,-0.774913007934793,0.01701727333691521,0.8035182796265578,-1.2009602533528247,-0.00034592855415662685,1.0366692319089588,0.0,1.0103820204448477,1,0.6024096385542173,36
0.0,0.0,-0.7632404219454003,0.017013870188542373,0.7918399730976942,-1.2009602533528174,-0.0003459285541237293,1.0372187010760898,0.0,1.0132213710410043,1,0.4016064257028109,36
0.0,0.0,-0.7515701702631101,0.01701046772073805,0.7801640020199375,-1.2009602533528279,-0.00034592855408910306,1.0377849977195388,0.0,1.0160601538181468,1,0.2008032128514054,36
0.0,0.0,-0.8788856978986028,0.18571725645523254,0.972390428954896,4.660642223575656,2.3987015664732128,1.082949474574828,0.0,0.8625976126267949,0,4.016064257028113,37
0.0,0.0,-0.9528965567247958,0.017460583728157043,0.972390428954896,3.2944138397436404,1.4856336778653696,1.0202896449188412,0.0,0.9561507209469999,0,3.8152610441767063,37
0.0,0.0,-0.9496694300347888,0.01619671261685036,0.972390428954896,-1.2822472025047347,0.12406102137181374,1.0237792577696059,0.0,0.9671402308007268,0,3.614457831325301,37
0.0,0.0,-0.9385345275644523,0.017005403805673454,0.9667817008967546,-1.20854396043717,0.008471646941718062,1.0299314365705388,0.0,0.9705333261647432,0,3.4136546184738954,37
0.0,0.0,-0.9268666483709856,0.017057679493838265,0.9555178015434204,-1.2014647409978092,0.00023178284351896774,1.0307407928288574,0.0,0.9734162545661981,0,3.21285140562249,37
0.0,0.0,-0.9151661154820114,0.017057910091769005,0.9438382585647486,-1.2009931999970038,-0.00030823692491322645,1.0311544643971164,0.0,0.9762653199999309,0,3.0120481927710845,37
0.0,0.0,-0.9034656405833761,0.01705473635126791,0.9321337921995788,-1.200962402446649,-0.0003434701046335323,1.031551212828177,0.0,0.9791116447661254,0,2.8112449799196786,37
0.0,0.0,-0.8917673567620936,0.01705134120104494,0.9204298888908704,-1.2009603935263349,-0.0003457682037505674,1.0319564107958281,0.0,0.9819572587504117,0,2.610441767068273,37
0.15,0.45456864504849487,-0.7392743714221268,0.43614956702349555,0.9087282102311268,5.158438800201187,2.6696090747069126,1.0614444645906649,0.016206482593037214,1.0008544764054803,2,2.409638554216868,37
0.45,0.6943650748294136,-0.4715648454579808,0.626968485782328,0.8970288641371609,-1.199927671470181,0.8835874345443028,1.1507928197402932,0.03781512605042016,1.0601371838149876,2,2.208835341365462,37
0.75,0.7576144084141581,-0.20842173346663898,0.6708645769158168,0.8853318572088842,-1.9823093657441677,0.011383848595913652,1.2719212576919534,0.045018007202881134,1.1237613738001329,2,2.0080321285140563,37
1.05,0.6943650748294137,0.05442141223451252,0.6097241570907004,0.8736371894393122,-1.239387285846389,-0.8569041695206937,1.44153961082499,0.03781512605042016,1.1876681448767703,2,1.8072289156626504,37
1.35,0.45456864504849487,0.3172428117018248,0.3984243114259671,0.8619448603907052,4.950397787874801,-2.6092101308836972,1.7028694953937,0.016206482593037207,1.2515928118416524,2,1.606425702811245,37
1.5,1.2285357956997882e-16,0.4392635771388839,0.013622428840630888,0.467806288384623,-1.1511748461393876,0.28509615236728403,1.0644770315164036,-1.2684018023958378e-17,1.2994659324215303,2,1.4056224899598395,37
1.5,1.2688263138573217e-16,0.44606304442666894,0.01653214462970419,0.4743357316333938,-1.2553622030012093,0.07194623158789284,1.0626677037869108,4.9859268185369136e-18,1.3069525038218983,2,1.2048192771084336,37
1.5,1.2285357956997882e-16,0.457424245658342,0.016990992135847083,0.4860095953112739,-1.2052161405760113,0.004566450402474316,1.0617743890566962,-1.2684018023958378e-17,1.3100964606122616,2,1.0040160642570282,37
1.5,1.18687833744435e-16,0.46908073907877623,0.017018516109385526,0.4976811299342643,-1.2012408484553825,-2.475709879769803e-05,1.060287506628912,-1.2684018023958378e-17,1.3129566997544055,2,0.8032128514056227,37
1.5,1.18687833744435e-16,0.4807543058918622,0.017017132398294887,0.5093503308195708,-1.2009785677148337,-0.00032497719237337277,1.0588317238335119,4.9859268185369136e-18,1.3157979063691982,2,0.6024096385542173,37
1.5,1.18687833744435e-16,0.4924268035887055,0.0170138609977254,0.5210171980981566,-1.2009614479452946,-0.0003445620063621106,1.057441822086326,-1.2684018023958378e-17,1.3186373409628243,2,0.4016064257028109,37
1.5,1.3457935360146644e-16,0.5040970495133441,0.017010467121394795,0.5326817322148065,-1.2009603312692851,-0.00034583942219742445,1.0561156191533256,-2.0192629026742142e-18,1.3214761292175317,2,0.2008032128514054,37
0.0,0.0,-0.8788856978986028,0.18571725645523254,0.972390428954896,4.660642223575656,2.3987015664732128,1.082949474574828,0.0,0.8625976126267949,0,4.016064257028113,38
0.0,0.0,-0.9528965567247958,0.017460583728157043,0.972390428954896,3.2944138397436404,1.4856336778653696,1.0202896449188412,0.0,0.9561507209469999,0,3.8152610441767063,38
0.0,0.0,-0.9496694300347888,0.01619671261685036,0.972390428954896,-1.2822472025047347,0.12406102137181374,1.0237792577696059,0.0,0.9671402308007268,0,3.614457831325301,38
0.0,0.0,-0.9385345275644523,0.017005403805673454,0.9667817008967546,-1.20854396043717,0.008471646941718062,1.0299314365705388,0.0,0.9705333261647432,0,3.4136546184738954,38
0.0,0.0,-0.9268666483709856,0.017057679493838265,0.9555178015434204,-1.2014647409978092,0.00023178284351896774,1.0307407928288574,0.0,0.9734162545661981,0,3.21285140562249,38
0.0,0.0,-0.9151661154820114,0.017057910091769005,0.9438382585647486,-1.2009931999970038,-0.00030823692491322645,1.0311544643971164,0.0,0.9762653199999309,0,3.0120481927710845,38
0.0,0.0,-0.9034656405833761,0.01705473635126791,0.9321337921995788,-1.200962402446649,-0.0003434701046335323,1.031551212828177,0.0,0.9791116447661254,0,2.8112449799196786,38
0.0,0.0,-0.8917673567620936,0.01705134120104494,0.9204298888908704,-1.2009603935263349,-0.0003457682037505674,1.0319564107958281,0.0,0.9819572587504117,0,2.610441767068273,38
8.378467430332048e-05,0.0004379637985123418,-0.8801541004729301,0.01691300062540841,0.9087282102311268,-1.2275401088171929,-0.024413264205242823,1.032278136978315,9.72291048967189e-06,0.9847971846296008,3,2.409638554216868,38
0.00013963088434868875,0.0005085685295827164,-0.868502046107228,0.016898393051058377,0.8970288641371609,-1.197765879564066,-0.01081054635621016,1.0326544595896932,1.1867513490419457e-05,0.987625344113797,3,2.208835341365462,38
0.00033506609415764665,0.0007755252707151804,-0.8569784698630776,0.016755714887362366,0.8853318572088842,-1.1848769140615094,-0.009574424057641967,1.032891834868434,2.3998795388430395e-05,0.9904333491769047,3,2.0080321285140563,38
0.00041880721132059426,0.0008577817179443963,-0.8453531191977174,0.0168726179567661,0.8736371894393122,-1.1734787092194392,0.027629359735440482,1.0332566162226997,1.601857002684751e-05,0.9932534317938304,3,1.8072289156626504,38
0.0005025321401121757,0.0008810740643423826,-0.833736977703261,0.01702463957120423,0.8619448603907052,-1.209737174166792,0.027481577941218232,1.0336219116334087,3.747483048375288e-06,0.9960794993024755,3,1.606425702811245,38
0.0005582599917686521,0.0008916506046591778,-0.8220903588546481,0.01700226196479133,0.8501048217552063,-1.234487239699873,0.011334958882056038,1.0338604451455227,3.4752072051798615e-06,0.9989017772159277,3,1.4056224899598395,38
0.0005582058466876033,0.0008915987242455305,-0.8104098826734362,0.01718178146096753,0.838727607880645,-1.1829378167704785,-0.012819022502734936,1.0347145981902754,-1.0331394475655457e-05,1.0017448354561322,3,1.2048192771084336,38
0.0005301144750629793,0.0009717575782350915,-0.7987112407590727,0.01692877415570668,0.8267448522829649,-1.2139742152260773,-0.012137815785776872,1.0348707815023048,8.495623990079031e-06,1.0045958580769225,3,1.0040160642570282,38
0.0007252327163777162,0.0011353775276330765,-0.7872072152728855,0.016781331165505578,0.8165351930500728,-1.1799232606061048,-0.020240505742790956,1.0370248344242474,2.1951464405077196e-05,1.0074060299559462,3,0.8032128514056227,38
0.0008366667890435269,0.0011951979384203424,-0.7756255709881299,0.016824490487907157,0.8048498151632864,-1.163699178543797,0.0013283439137541718,1.037439128845609,1.8867567406541088e-05,1.010223253362534,3,0.6024096385542173,38
0.0008086530630025135,0.001164497605722933,-0.7639159798951682,0.01695014633986313,0.7917337819722703,-1.2086397166340037,0.05158178373117608,1.036164804698176,9.29667877195069e-06,1.0130554127316551,3,0.4016064257028109,38
0.0009200710133500323,0.001278612184791355,-0.752349077948946,0.017119869567030085,0.7801019042529548,-1.2442386540882144,0.004899466496621187,1.0366252493165442,-4.368153127720573e-06,1.0158810997426315,3,0.2008032128514054,38
0.0,0.0,-0.8788856978986028,0.18571725645523254,0.972390428954896,4.660642223575656,2.3987015664732128,1.082949474574828,0.0,0.8625976126267949,0,4.016064257028113,39
0.0,0.0,-0.9528965567247958,0.017460583728157043,0.972390428954896,3.2944138397436404,1.4856336778653696,1.0202896449188412,0.0,0.9561507209469999,0,3.8152610441767063,39
0.0,0.0,-0.9496694300347888,0.01619671261685036,0.972390428954896,-1.2822472025047347,0.12406102137181374,1.0237792577696059,0.0,0.9671402308007268,0,3.614457831325301,39
0.0,0.0,-0.9385345275644523,0.017005403805673454,0.9667817008967546,-1.20854396043717,0.008471646941718062,1.0299314365705388,0.0,0.9705333261647432,0,3.4136546184738954,39
0.0,0.0,-0.9268666483709856,0.017057679493838265,0.9555178015434204,-1.2014647409978092,0.00023178284351896774,1.0307407928288574,0.0,0.9734162545661981,0,3.21285140562249,39
0.0,0.0,-0.9151661154820114,0.017057910091769005,0.9438382585647486,-1.2009931999970038,-0.00030823692491322645,1.0311544643971164,0.0,0.9762653199999309,0,3.0120481927710845,39
0.0,0.0,-0.9034656405833761,0.01705473635126791,0.9321337921995788,-1.200962402446649,-0.0003434701046335323,1.031551212828177,0.0,0.9791116447661254,0,2.8112449799196786,39
0.0,0.0,-0.8917673567620936,0.01705134120104494,0.9204298888908704,-1.2009603935263349,-0.0003457682037505674,1.0319564107958281,0.0,0.9819572587504117,0,2.610441767068273,39
0.00041894012906589726,0.0014176739195425492,-0.8804721420288751,0.016441225306195597,0.9087282102311268,-1.279793684262268,-0.09656595560168853,1.0319156551502409,4.6604752972370344e-05,0.9847645992793274,4,2.409638554216868,39
0.0033512976108248465,0.006154814261058471,-0.8714091524468737,0.013342557636857603,0.8970288641371609,-1.219650914322021,-0.47423423493864597,1.02928209109814,0.00031916907324562924,0.9871793646143668,4,2.208835341365462,39
0.009075825989379217,0.01165188540406945,-0.8646993586710009,0.008985464732317183,0.8853318572088842,-0.4868820355951895,-0.9996099037891948,1.0238067232909946,0.0007190773666546099,0.989037887685909,4,2.0080321285140563,39
0.017591966880806043,0.016653176227829032,-0.8603296385188609,0.004394143820628768,0.8736371894393122,1.9672605163071095,-1.8277036641000635,1.015454987595995,0.0011121981731547553,0.9903282435959149,4,1.8072289156626504,39
0.028899162012849103,0.01991239694477584,-0.8582986989944122,0.0007029930450787007,0.8619448603907052,15.68382821286604,-3.784077791859711,1.004247796327067,0.0013644268565792782,0.9910497610782484,4,1.606425702811245,39
0.04257791309583067,0.020345163811072802,-0.8582052792372342,3.763318461226068e-05,0.8582207706123105,9.161159369647482,3.0649072188708244,1.0000180499547275,0.0013956667116244437,0.9912401978588581,4,1.4056224899598395,39
0.05653318485713385,0.020341095144504027,-0.8582197606712052,2.4541002431202504e-06,0.8582207708803525,9.16115936994638,3.064907218929708,1.0000011770944404,0.0013953876034027816,0.9912539748289045,4,1.2048192771084336,39
0.07048566581526626,0.02033702729159532,-0.8582207050210121,1.600345031866871e-07,0.8582207708978319,9.161159356626914,3.064907215717404,1.000000076759748,0.0013951085509977385,0.991254873239865,4,1.0040160642570282,39
0.0844353565283383,0.02033296025218396,-0.8582207666030738,1.043602124428613e-08,0.8582207708989714,9.161159390006732,3.0649072271094266,1.0000000050055857,0.0013948295543981535,0.9912549318262053,4,0.8032128514056227,39
0.09838225755434876,0.020328894026107266,-0.8582207706189058,6.805440767411783e-10,0.858220770899046,9.16115769904257,3.064906818872237,1.0000000003264198,0.0013945506135928654,0.9912549356466833,4,0.6024096385542173,39
0.11232636945118486,0.020324828613202586,-0.8582207708807826,4.4378963404955396e-11,0.8582207708990509,9.161158815011051,3.0649076347438555,1.0000000000212863,0.0013942717285707164,0.9912549358958205,4,0.4016064257028109,39
0.12626769277662223,0.020320764013307374,-0.85822077089786,2.8939654534066818e-12,0.8582207708990509,9.161853616484722,3.065078526413101,1.0000000000013878,0.0013939928993205576,0.9912549359120671,4,0.2008032128514054,39
0.0,0.0,-0.8788856978986028,0.18571725645523254,0.972390428954896,4.660642223575656,2.3987015664732128,1.082949474574828,0.0,0.8625976126267949,0,4.016064257028113,40
0.0,0.0,-0.9528965567247958,0.017460583728157043,0.972390428954896,3.2944138397436404,1.4856336778653696,1.0202896449188412,0.0,0.9561507209469999,0,3.8152610441767063,40
0.0,0.0,-0.9496694300347888,0.01619671261685036,0.972390428954896,-1.2822472025047347,0.12406102137181374,1.0237792577696059,0.0,0.9671402308007268,0,3.614457831325301,40
0.0,0.0,-0.9385345275644523,0.017005403805673454,0.9667817008967546,-1.20854396043717,0.008471646941718062,1.0299314365705388,0.0,0.9705333261647432,0,3.4136546184738954,40
0.0,0.0,-0.9268666483709856,0.017057679493838265,0.9555178015434204,-1.2014647409978092,0.00023178284351896774,1.0307407928288574,0.0,0.9734162545661981,0,3.21285140562249,40
0.0,0.0,-0.9151661154820114,0.017057910091769005,0.9438382585647486,-1.2009931999970038,-0.00030823692491322645,1.0311544643971164,0.0,0.9762653199999309,0,3.0120481927710845,40
0.0,0.0,-0.9034656405833761,0.01705473635126791,0.9321337921995788,-1.200962402446649,-0.0003434701046335323,1.031551212828177,0.0,0.9791116447661254,0,2.8112449799196786,40
0.0,0.0,-0.8917673567620936,0.01705134120104494,0.9204298888908704,-1.2009603935263349,-0.0003457682037505674,1.0319564107958281,0.0,0.9819572587504117,0,2.610441767068273,40
0.0,0.0,-0.8800714026831455,0.017047932249837996,0.9087282102311268,-1.200960262495523,-0.00034591809544606687,1.0323721103087673,0.0,0.9848022944313022,0,2.409638554216868,40
0.0,0.0,-0.8683777869516976,0.017044523036105808,0.8970288641371609,-1.2009602539491493,-0.0003459278719554448,1.0327988433219055,0.0,0.9876467605542476,0,2.208835341365462,40
0.0,0.0,-0.8566865096916563,0.017041114442579167,0.8853318572088842,-1.20096025339172,-0.00034592850964441734,1.0332370627452199,0.0,0.9904906577959081,0,2.0080321285140563,40
0.0,0.0,-0.8449975704739443,0.01703770652669445,0.8736371894393122,-1.2009602533553723,-0.00034592855124180173,1.0336872390747642,0.0,0.9933339863067472,0,1.8072289156626504,40
0.0,0.0,-0.8333109688335107,0.017034299292069694,0.8619448603907052,-1.2009602533529893,-0.00034592855395746455,1.0341498683534556,0.0,0.9961767462028946,0,1.606425702811245,40
0.0,0.0,-0.8216267043030462,0.01703089273881347,0.8502548695973204,-1.2009602533528354,-0.00034592855413536765,1.0346254744073256,0.0,0.9990189375982189,0,1.4056224899598395,40
0.0,0.0,-0.8099447764151816,0.017027486866805545,0.838567216591677,-1.2009602533528203,-0.0003459285541160939,1.0351146108495233,0.0,1.0018605606064204,0,1.2048192771084336,40
0.0,0.0,-0.7982651847026309,0.017024081675910636,0.8268819009062672,-1.200960253352843,-0.0003459285541226218,1.0356178632296569,0.0,1.004701615341166,0,1.0040160642570282,40
0.0,0.0,-0.7865879286982012,0.01702067716599261,0.8151989220736707,-1.2009602533528325,-0.0003459285541533487,1.0361358513698935,0.0,1.0075421019161015,0,0.8032128514056227,40
0.0,0.0,-0.774913007934793,0.01701727333691521,0.8035182796265578,-1.2009602533528247,-0.00034592855415662685,1.0366692319089588,0.0,1.0103820204448477,0,0.6024096385542173,40
0.0,0.0,-0.7632404219454003,0.017013870188542373,0.7918399730976942,-1.2009602533528174,-0.0003459285541237293,1.0372187010760898,0.0,1.0132213710410043,0,0.4016064257028109,40
0.0,0.0,-0.7515701702631101,0.01701046772073805,0.7801640020199375,-1.2009602533528279,-0.00034592855408910306,1.0377849977195388,0.0,1.0160601538181468,0,0.2008032128514054,40
0.0,0.0,-0.8788856978986028,0.18571725645523254,0.972390428954896,4.660642223575656,2.3987015664732128,1.082949474574828,0.0,0.8625976126267949,0,4.016064257028113,41
0.0,0.0,-0.9528965567247958,0.017460583728157043,0.972390428954896,3.2944138397436404,1.4856336778653696,1.0202896449188412,0.0,0.9561507209469999,1,3.8152610441767063,41
0.0,0.0,-0.9496694300347888,0.01619671261685036,0.972390428954896,-1.2822472025047347,0.12406102137181374,1.0237792577696059,0.0,0.9671402308007268,1,3.614457831325301,41
0.0,0.0,-0.9385345275644523,0.017005403805673454,0.9667817008967546,-1.20854396043717,0.008471646941718062,1.0299314365705388,0.0,0.9705333261647432,1,3.4136546184738954,41
0.0,0.0,-0.9268666483709856,0.017057679493838265,0.9555178015434204,-1.2014647409978092,0.00023178284351896774,1.0307407928288574,0.0,0.9734162545661981,1,3.21285140562249,41
0.0,0.0,-0.9151661154820114,0.017057910091769005,0.9438382585647486,-1.2009931999970038,-0.00030823692491322645,1.0311544643971164,0.0,0.9762653199999309,1,3.0120481927710845,41
0.0,0.0,-0.9034656405833761,0.01705473635126791,0.9321337921995788,-1.200962402446649,-0.0003434701046335323,1.031551212828177,0.0,0.9791116447661254,1,2.8112449799196786,41
0.0,0.0,-0.8917673567620936,0.01705134120104494,0.9204298888908704,-1.2009603935263349,-0.0003457682037505674,1.0319564107958281,0.0,0.9819572587504117,1,2.610441767068273,41
0.0,0.0,-0.8800714026831455,0.017047932249837996,0.9087282102311268,-1.200960262495523,-0.00034591809544606687,1.0323721103087673,0.0,0.9848022944313022,1,2.409638554216868,41
0.0,0.0,-0.8683777869516976,0.017044523036105808,0.8970288641371609,-1.2009602539491493,-0.0003459278719554448,1.0327988433219055,0.0,0.9876467605542476,1,2.208835341365462,41
0.0,0.0,-0.8566865096916563,0.017041114442579167,0.8853318572088842,-1.20096025339172,-0.00034592850964441734,1.0332370627452199,0.0,0.9904906577959081,1,2.0080321285140563,41
0.0,0.0,-0.8449975704739443,0.01703770652669445,0.8736371894393122,-1.2009602533553723,-0.00034592855124180173,1.0336872390747642,0.0,0.9933339863067472,1,1.8072289156626504,41
0.0,0.0,-0.8333109688335107,0.017034299292069694,0.8619448603907052,-1.2009602533529893,-0.00034592855395746455,1.0341498683534556,0.0,0.9961767462028946,1,1.606425702811245,41
0.0,0.0,-0.8216267043030462,0.01703089273881347,0.8502548695973204,-1.2009602533528354,-0.00034592855413536765,1.0346254744073256,0.0,0.9990189375982189,1,1.4056224899598395,41
0.0,0.0,-0.8099447764151816,0.017027486866805545,0.838567216591677,-1.2009602533528203,-0.0003459285541160939,1.0351146108495233,0.0,1.0018605606064204,1,1.2048192771084336,41
0.0,0.0,-0.7982651847026309,0.017024081675910636,0.8268819009062672,-1.200960253352843,-0.0003459285541226218,1.0356178632296569,0.0,1.004701615341166,1,1.0040160642570282,41
0.0,0.0,-0.7865879286982012,0.01702067716599261,0.8151989220736707,-1.2009602533528325,-0.0003459285541533487,1.0361358513698935,0.0,1.0075421019161015,1,0.8032128514056227,41
0.0,0.0,-0.774913007934793,0.01701727333691521,0.8035182796265578,-1.2009602533528247,-0.00034592855415662685,1.0366692319089588,0.0,1.0103820204448477,1,0.6024096385542173,41
0.0,0.0,-0.7632404219454003,0.017013870188542373,0.7918399730976942,-1.2009602533528174,-0.0003459285541237293,1.0372187010760898,0.0,1.0132213710410043,1,0.4016064257028109,41
0.0,0.0,-0.7515701702631101,0.01701046772073805,0.7801640020199375,-1.2009602533528279,-0.00034592855408910306,1.0377849977195388,0.0,1.0160601538181468,1,0.2008032128514054,41
0.0,0.0,-0.8788856978986028,0.18571725645523254,0.972390428954896,4.660642223575656,2.3987015664732128,1.082949474574828,0.0,0.8625976126267949,0,4.016064257028113,42
0.0,0.0,-0.9528965567247958,0.017460583728157043,0.972390428954896,3.2944138397436404,1.4856336778653696,1.0202896449188412,0.0,0.9561507209469999,0,3.8152610441767063,42
0.0,0.0,-0.9496694300347888,0.01619671261685036,0.972390428954896,-1.2822472025047347,0.12406102137181374,1.0237792577696059,0.0,0.9671402308007268,0,3.614457831325301,42
0.0,0.0,-0.9385345275644523,0.017005403805673454,0.9667817008967546,-1.20854396043717,0.008471646941718062,1.0299314365705388,0.0,0.9705333261647432,0,3.4136546184738954,42
0.0,0.0,-0.9268666483709856,0.017057679493838265,0.9555178015434204,-1.2014647409978092,0.00023178284351896774,1.0307407928288574,0.0,0.9734162545661981,0,3.21285140562249,42
0.0,0.0,-0.9151661154820114,0.017057910091769005,0.9438382585647486,-1.2009931999970038,-0.00030823692491322645,1.0311544643971164,0.0,0.9762653199999309,0,3.0120481927710845,42
0.0,0.0,-0.9034656405833761,0.01705473635126791,0.9321337921995788,-1.200962402446649,-0.0003434701046335323,1.031551212828177,0.0,0.9791116447661254,0,2.8112449799196786,42
0.0,0.0,-0.8917673567620936,0.01705134120104494,0.9204298888908704,-1.2009603935263349,-0.0003457682037505674,1.0319564107958281,0.0,0.9819572587504117,0,2.610441767068273,42
0.15,0.45456864504849487,-0.7392743714221268,0.43614956702349555,0.9087282102311268,5.158438800201187,2.6696090747069126,1.0614444645906649,0.016206482593037214,1.0008544764054803,2,2.409638554216868,42
0.45,0.6943650748294136,-0.4715648454579808,0.626968485782328,0.8970288641371609,-1.199927671470181,0.8835874345443028,1.1507928197402932,0.03781512605042016,1.0601371838149876,2,2.208835341365462,42
0.75,0.7576144084141581,-0.20842173346663898,0.6708645769158168,0.8853318572088842,-1.9823093657441677,0.011383848595913652,1.2719212576919534,0.045018007202881134,1.1237613738001329,2,2.0080321285140563,42
1.05,0.6943650748294137,0.05442141223451252,0.6097241570907004,0.8736371894393122,-1.239387285846389,-0.8569041695206937,1.44153961082499,0.03781512605042016,1.1876681448767703,2,1.8072289156626504,42
1.35,0.45456864504849487,0.3172428117018248,0.3984243114259671,0.8619448603907052,4.950397787874801,-2.6092101308836972,1.7028694953937,0.016206482593037207,1.2515928118416524,2,1.606425702811245,42
1.5,1.2285357956997882e-16,0.4392635771388839,0.013622428840630888,0.467806288384623,-1.1511748461393876,0.28509615236728403,1.0644770315164036,-1.2684018023958378e-17,1.2994659324215303,2,1.4056224899598395,42
1.5,1.2688263138573217e-16,0.44606304442666894,0.01653214462970419,0.4743357316333938,-1.2553622030012093,0.07194623158789284,1.0626677037869108,4.9859268185369136e-18,1.3069525038218983,2,1.2048192771084336,42
1.5,1.2285357956997882e-16,0.457424245658342,0.016990992135847083,0.4860095953112739,-1.2052161405760113,0.004566450402474316,1.0617743890566962,-1.2684018023958378e-17,1.3100964606122616,2,1.0040160642570282,42
1.5,1.18687833744435e-16,0.46908073907877623,0.017018516109385526,0.4976811299342643,-1.2012408484553825,-2.475709879769803e-05,1.060287506628912,-1.2684018023958378e-17,1.3129566997544055,2,0.8032128514056227,42
1.5,1.18687833744435e-16,0.4807543058918622,0.017017132398294887,0.5093503308195708,-1.2009785677148337,-0.00032497719237337277,1.0588317238335119,4.9859268185369136e-18,1.3157979063691982,2,0.6024096385542173,42
1.5,1.18687833744435e-16,0.4924268035887055,0.0170138609977254,0.5210171980981566,-1.2009614479452946,-0.0003445620063621106,1.057441822086326,-1.2684018023958378e-17,1.3186373409628243,2,0.4016064257028109,42
1.5,1.3457935360146644e-16,0.5040970495133441,0.017010467121394795,0.5326817322148065,-1.2009603312692851,-0.00034583942219742445,1.0561156191533256,-2.0192629026742142e-18,1.3214761292175317,2,0.2008032128514054,42
0.0,0.0,-0.8788856978986028,0.18571725645523254,0.972390428954896,4.660642223575656,2.3987015664732128,1.082949474574828,0.0,0.8625976126267949,0,4.016064257028113,43
0.0,0.0,-0.9528965567247958,0.017460583728157043,0.972390428954896,3.2944138397436404,1.4856336778653696,1.0202896449188412,0.0,0.9561507209469999,0,3.8152610441767063,43
0.0,0.0,-0.9496694300347888,0.01619671261685036,0.972390428954896,-1.2822472025047347,0.12406102137181374,1.0237792577696059,0.0,0.9671402308007268,0,3.614457831325301,43
0.0,0.0,-0.9385345275644523,0.017005403805673454,0.9667817008967546,-1.20854396043717,0.008471646941718062,1.0299314365705388,0.0,0.9705333261647432,0,3.4136546184738954,43
0.0,0.0,-0.9268666483709856,0.017057679493838265,0.9555178015434204,-1.2014647409978092,0.00023178284351896774,1.0307407928288574,0.0,0.9734162545661981,0,3.21285140562249,43
0.0,0.0,-0.9151661154820114,0.017057910091769005,0.9438382585647486,-1.2009931999970038,-0.00030823692491322645,1.0311544643971164,0.0,0.9762653199999309,0,3.0120481927710845,43
0.0,0.0,-0.9034656405833761,0.01705473635126791,0.9321337921995788,-1.200962402446649,-0.0003434701046335323,1.031551212828177,0.0,0.9791116447661254,0,2.8112449799196786,43
0.0,0.0,-0.8917673567620936,0.01705134120104494,0.9204298888908704,-1.2009603935263349,-0.0003457682037505674,1.0319564107958281,0.0,0.9819572587504117,0,2.610441767068273,43
5.58573805160939e-05,0.00027642234593409703,-0.8801247162925692,0.016964161541157423,0.9087282102311268,-1.2141052934488368,-0.01405057528475921,1.032311457169028,6.169110387817038e-06,0.9847971571660429,3,2.409638554216868,43
0.0003071940886602509,0.0008598384433663381,-0.8686435278973705,0.01675440458328401,0.8970288641371609,-1.163208646146377,-0.010124109210979016,1.0324895743864866,2.5009784139337715e-05,0.9875923801756084,3,2.208835341365462,43
0.0004188691976935272,0.0009031374644984963,-0.8570460959584062,0.016803083532787266,0.8853318572088842,-1.171630223377582,0.021402055514055832,1.0328092691853998,2.138578744899924e-05,0.9904138824292549,3,2.0080321285140563,43
0.0005305275566497308,0.0009726428743017211,-0.8454472029603104,0.01694196516965424,0.8736371894393122,-1.2070305909227979,0.04042091184747331,1.0331400172180751,1.1191140503787895e-05,0.9932312184118095,3,1.8072289156626504,43
0.000642159678557277,0.0010251254171650334,-0.8338555530250206,0.017123138804920855,0.8619448603907052,-1.2300401456056496,0.011687620186287937,1.033472540631213,-3.4294297207291793e-06,0.9960526788699695,3,1.606425702811245,43
0.0007816230710857663,0.001098012058781338,-0.8222844391214298,0.017181800102051316,0.8531068136093425,-1.1300922370293744,-0.04873196133347423,1.0372619486092574,-8.8681463696514e-06,0.9988630531735591,3,1.4056224899598395,43
0.0008650376369085483,0.0012569478043868124,-0.8106981872403467,0.01667288981585869,0.8384646585954613,-1.2438819954288542,-0.04855897442216698,1.0340357879581819,2.858843199309769e-05,1.0017122833671142,3,1.2048192771084336,43
0.000920716407091532,0.0013693374738470514,-0.799035368709735,0.01687360992757541,0.8295666732076665,-1.11847336262804,0.02365993207249286,1.037983414511971,1.7870381423572153e-05,1.0045136165653061,3,1.0040160642570282,43
0.0009484807560101193,0.0013642837386754906,-0.7873918854933212,0.017013749260351346,0.8151329597903404,-1.2167196572220158,0.031030064410349577,1.0349948409224052,5.477625970946572e-06,1.007358468668088,3,0.8032128514056227,43
0.000864726818635107,0.0013481306348051584,-0.7756343222441872,0.017344245110280012,0.8038699364478511,-1.2234669590210676,0.018104405050528707,1.036149414080455,-2.0974263322935643e-05,1.0102035188753447,3,0.6024096385542173,43
0.000697279769925756,0.0012988564685781222,-0.7638164318048405,0.017446632011192884,0.7919764403557179,-1.2275817847702135,-0.014529694051768415,1.0366025373623797,-3.087955367975356e-05,1.0130720805514086,3,0.4016064257028109,43
0.00041826869788462174,0.0009018984550167133,-0.7518842645175006,0.017179897850389713,0.7797116950386506,-1.183873447535359,-0.014641640668480298,1.0367450712088002,-1.533950439374029e-05,1.0159406999436522,3,0.2008032128514054,43
0.0,0.0,-0.8788856978986028,0.18571725645523254,0.972390428954896,4.660642223575656,2.3987015664732128,1.082949474574828,0.0,0.8625976126267949,0,4.016064257028113,44
0.0,0.0,-0.9528965567247958,0.017460583728157043,0.972390428954896,3.2944138397436404,1.4856336778653696,1.0202896449188412,0.0,0.9561507209469999,0,3.8152610441767063,44
0.0,0.0,-0.9496694300347888,0.01619671261685036,0.972390428954896,-1.2822472025047347,0.12406102137181374,1.0237792577696059,0.0,0.9671402308007268,0,3.614457831325301,44
0.0,0.0,-0.9385345275644523,0.017005403805673454,0.9667817008967546,-1.20854396043717,0.008471646941718062,1.0299314365705388,0.0,0.9705333261647432,0,3.4136546184738954,44
0.0,0.0,-0.9268666483709856,0.017057679493838265,0.9555178015434204,-1.2014647409978092,0.00023178284351896774,1.0307407928288574,0.0,0.9734162545661981,0,3.21285140562249,44
0.0,0.0,-0.9151661154820114,0.017057910091769005,0.9438382585647486,-1.2009931999970038,-0.00030823692491322645,1.0311544643971164,0.0,0.9762653199999309,0,3.0120481927710845,44
0.0,0.0,-0.9034656405833761,0.01705473635126791,0.9321337921995788,-1.200962402446649,-0.0003434701046335323,1.031551212828177,0.0,0.9791116447661254,0,2.8112449799196786,44
0.0,0.0,-0.8917673567620936,0.01705134120104494,0.9204298888908704,-1.2009603935263349,-0.0003457682037505674,1.0319564107958281,0.0,0.9819572587504117,0,2.610441767068273,44
0.00041894012906589726,0.0014176739195425492,-0.8804721420288751,0.016441225306195597,0.9087282102311268,-1.279793684262268,-0.09656595560168853,1.0319156551502409,4.6604752972370344e-05,0.9847645992793274,4,2.409638554216868,44
0.0033512976108248465,0.006154814261058471,-0.8714091524468737,0.013342557636857603,0.8970288641371609,-1.219650914322021,-0.47423423493864597,1.02928209109814,0.00031916907324562924,0.9871793646143668,4,2.208835341365462,44
0.009075825989379217,0.01165188540406945,-0.8646993586710009,0.008985464732317183,0.8853318572088842,-0.4868820355951895,-0.9996099037891948,1.0238067232909946,0.0007190773666546099,0.989037887685909,4,2.0080321285140563,44
0.017591966880806043,0.016653176227829032,-0.8603296385188609,0.004394143820628768,0.8736371894393122,1.9672605163071095,-1.8277036641000635,1.015454987595995,0.0011121981731547553,0.9903282435959149,4,1.8072289156626504,44
0.028899162012849103,0.01991239694477584,-0.8582986989944122,0.0007029930450787007,0.8619448603907052,15.68382821286604,-3.784077791859711,1.004247796327067,0.0013644268565792782,0.9910497610782484,4,1.606425702811245,44
0.04257791309583067,0.020345163811072802,-0.8582052792372342,3.763318461226068e-05,0.8582207706123105,9.161159369647482,3.0649072188708244,1.0000180499547275,0.0013956667116244437,0.9912401978588581,4,1.4056224899598395,44
0.05653318485713385,0.020341095144504027,-0.8582197606712052,2.4541002431202504e-06,0.8582207708803525,9.16115936994638,3.064907218929708,1.0000011770944404,0.0013953876034027816,0.9912539748289045,4,1.2048192771084336,44
0.07048566581526626,0.02033702729159532,-0.8582207050210121,1.600345031866871e-07,0.8582207708978319,9.161159356626914,3.064907215717404,1.000000076759748,0.0013951085509977385,0.991254873239865,4,1.0040160642570282,44
0.0844353565283383,0.02033296025218396,-0.8582207666030738,1.043602124428613e-08,0.8582207708989714,9.161159390006732,3.0649072271094266,1.0000000050055857,0.0013948295543981535,0.9912549318262053,4,0.8032128514056227,44
0.09838225755434876,0.020328894026107266,-0.8582207706189058,6.805440767411783e-10,0.858220770899046,9.16115769904257,3.064906818872237,1.0000000003264198,0.0013945506135928654,0.9912549356466833,4,0.6024096385542173,44
0.11232636945118486,0.020324828613202586,-0.8582207708807826,4.4378963404955396e-11,0.8582207708990509,9.161158815011051,3.0649076347438555,1.0000000000212863,0.0013942717285707164,0.9912549358958205,4,0.4016064257028109,44
0.12626769277662223,0.020320764013307374,-0.85822077089786,2.8939654534066818e-12,0.8582207708990509,9.161853616484722,3.065078526413101,1.0000000000013878,0.0013939928993205576,0.9912549359120671,4,0.2008032128514054,44
0.0,0.0,-0.8788856978986028,0.18571725645523254,0.972390428954896,4.660642223575656,2.3987015664732128,1.082949474574828,0.0,0.8625976126267949,0,4.016064257028113,45
0.0,0.0,-0.9528965567247958,0.017460583728157043,0.972390428954896,3.2944138397436404,1.4856336778653696,1.0202896449188412,0.0,0.9561507209469999,0,3.8152610441767063,45
0.0,0.0,-0.9496694300347888,0.01619671261685036,0.972390428954896,-1.2822472025047347,0.12406102137181374,1.0237792577696059,0.0,0.9671402308007268,0,3.614457831325301,45
0.0,0.0,-0.9385345275644523,0.017005403805673454,0.9667817008967546,-1.20854396043717,0.008471646941718062,1.0299314365705388,0.0,0.9705333261647432,0,3.4136546184738954,45
0.0,0.0,-0.9268666483709856,0.017057679493838265,0.9555178015434204,-1.2014647409978092,0.00023178284351896774,1.0307407928288574,0.0,0.9734162545661981,0,3.21285140562249,45
0.0,0.0,-0.9151661154820114,0.017057910091769005,0.9438382585647486,-1.2009931999970038,-0.00030823692491322645,1.0311544643971164,0.0,0.9762653199999309,0,3.0120481927710845,45
0.0,0.0,-0.9034656405833761,0.01705473635126791,0.9321337921995788,-1.200962402446649,-0.0003434701046335323,1.031551212828177,0.0,0.9791116447661254,0,2.8112449799196786,45
0.0,0.0,-0.8917673567620936,0.01705134120104494,0.9204298888908704,-1.2009603935263349,-0.0003457682037505674,1.0319564107958281,0.0,0.9819572587504117,0,2.610441767068273,45
0.0,0.0,-0.8800714026831455,0.017047932249837996,0.9087282102311268,-1.200960262495523,-0.00034591809544606687,1.0323721103087673,0.0,0.9848022944313022,0,2.409638554216868,45
0.0,0.0,-0.8683777869516976,0.017044523036105808,0.8970288641371609,-1.2009602539491493,-0.0003459278719554448,1.0327988433219055,0.0,0.9876467605542476,0,2.208835341365462,45
0.0,0.0,-0.8566865096916563,0.017041114442579167,0.8853318572088842,-1.20096025339172,-0.00034592850964441734,1.0332370627452199,0.0,0.9904906577959081,0,2.0080321285140563,45
0.0,0.0,-0.8449975704739443,0.01703770652669445,0.8736371894393122,-1.2009602533553723,-0.00034592855124180173,1.0336872390747642,0.0,0.9933339863067472,0,1.8072289156626504,45
0.0,0.0,-0.8333109688335107,0.017034299292069694,0.8619448603907052,-1.2009602533529893,-0.00034592855395746455,1.0341498683534556,0.0,0.9961767462028946,0,1.606425702811245,45
0.0,0.0,-0.8216267043030462,0.01703089273881347,0.8502548695973204,-1.2009602533528354,-0.00034592855413536765,1.0346254744073256,0.0,0.9990189375982189,0,1.4056224899598395,45
0.0,0.0,-0.8099447764151816,0.017027486866805545,0.838567216591677,-1.2009602533528203,-0.0003459285541160939,1.0351146108495233,0.0,1.0018605606064204,0,1.2048192771084336,45
0.0,0.0,-0.7982651847026309,0.017024081675910636,0.8268819009062672,-1.200960253352843,-0.0003459285541226218,1.0356178632296569,0.0,1.004701615341166,0,1.0040160642570282,45
0.0,0.0,-0.7865879286982012,0.01702067716599261,0.8151989220736707,-1.2009602533528325,-0.0003459285541533487,1.0361358513698935,0.0,1.0075421019161015,0,0.8032128514056227,45
0.0,0.0,-0.774913007934793,0.01701727333691521,0.8035182796265578,-1.2009602533528247,-0.00034592855415662685,1.0366692319089588,0.0,1.0103820204448477,0,0.6024096385542173,45
0.0,0.0,-0.7632404219454003,0.017013870188542373,0.7918399730976942,-1.2009602533528174,-0.0003459285541237293,1.0372187010760898,0.0,1.0132213710410043,0,0.4016064257028109,45
0.0,0.0,-0.7515701702631101,0.01701046772073805,0.7801640020199375,-1.2009602533528279,-0.00034592855408910306,1.0377849977195388,0.0,1.0160601538181468,0,0.2008032128514054,45
0.0,0.0,-0.8788856978986028,0.18571725645523254,0.972390428954896,4.660642223575656,2.3987015664732128,1.082949474574828,0.0,0.8625976126267949,0,4.016064257028113,46
0.0,0.0,-0.9528965567247958,0.017460583728157043,0.972390428954896,3.2944138397436404,1.4856336778653696,1.0202896449188412,0.0,0.9561507209469999,1,3.8152610441767063,46
0.0,0.0,-0.9496694300347888,0.01619671261685036,0.972390428954896,-1.2822472025047347,0.12406102137181374,1.0237792577696059,0.0,0.9671402308007268,1,3.614457831325301,46
0.0,0.0,-0.9385345275644523,0.017005403805673454,0.9667817008967546,-1.20854396043717,0.008471646941718062,1.0299314365705388,0.0,0.9705333261647432,1,3.4136546184738954,46
0.0,0.0,-0.9268666483709856,0.017057679493838265,0.9555178015434204,-1.2014647409978092,0.00023178284351896774,1.0307407928288574,0.0,0.9734162545661981,1,3.21285140562249,46
0.0,0.0,-0.9151661154820114,0.017057910091769005,0.9438382585647486,-1.2009931999970038,-0.00030823692491322645,1.0311544643971164,0.0,0.9762653199999309,1,3.0120481927710845,46
0.0,0.0,-0.9034656405833761,0.01705473635126791,0.9321337921995788,-1.200962402446649,-0.0003434701046335323,1.031551212828177,0.0,0.9791116447661254,1,2.8112449799196786,46
0.0,0.0,-0.8917673567620936,0.01705134120104494,0.9204298888908704,-1.2009603935263349,-0.0003457682037505674,1.0319564107958281,0.0,0.9819572587504117,1,2.610441767068273,46
0.0,0.0,-0.8800714026831455,0.017047932249837996,0.9087282102311268,-1.200960262495523,-0.00034591809544606687,1.0323721103087673,0.0,0.9848022944313022,1,2.409638554216868,46
0.0,0.0,-0.8683777869516976,0.017044523036105808,0.8970288641371609,-1.2009602539491493,-0.0003459278719554448,1.0327988433219055,0.0,0.9876467605542476,1,2.208835341365462,46
0.0,0.0,-0.8566865096916563,0.017041114442579167,0.8853318572088842,-1.20096025339172,-0.00034592850964441734,1.0332370627452199,0.0,0.9904906577959081,1,2.0080321285140563,46
0.0,0.0,-0.8449975704739443,0.01703770652669445,0.8736371894393122,-1.2009602533553723,-0.00034592855124180173,1.0336872390747642,0.0,0.9933339863067472,1,1.8072289156626504,46
0.0,0.0,-0.8333109688335107,0.017034299292069694,0.8619448603907052,-1.2009602533529893,-0.00034592855395746455,1.0341498683534556,0.0,0.9961767462028946,1,1.606425702811245,46
0.0,0.0,-0.8216267043030462,0.01703089273881347,0.8502548695973204,-1.2009602533528354,-0.00034592855413536765,1.0346254744073256,0.0,0.9990189375982189,1,1.4056224899598395,46
0.0,0.0,-0.8099447764151816,0.017027486866805545,0.838567216591677,-1.2009602533528203,-0.0003459285541160939,1.0351146108495233,0.0,1.0018605606064204,1,1.2048192771084336,46
0.0,0.0,-0.7982651847026309,0.017024081675910636,0.8268819009062672,-1.200960253352843,-0.0003459285541226218,1.0356178632296569,0.0,1.004701615341166,1,1.0040160642570282,46
0.0,0.0,-0.7865879286982012,0.01702067716599261,0.8151989220736707,-1.2009602533528325,-0.0003459285541533487,1.0361358513698935,0.0,1.0075421019161015,1,0.8032128514056227,46
0.0,0.0,-0.774913007934793,0.01701727333691521,0.8035182796265578,-1.2009602533528247,-0.00034592855415662685,1.0366692319089588,0.0,1.0103820204448477,1,0.6024096385542173,46
0.0,0.0,-0.7632404219454003,0.017013870188542373,0.7918399730976942,-1.2009602533528174,-0.0003459285541237293,1.0372187010760898,0.0,1.0132213710410043,1,0.4016064257028109,46
0.0,0.0,-0.7515701702631101,0.01701046772073805,0.7801640020199375,-1.2009602533528279,-0.00034592855408910306,1.0377849977195388,0.0,1.0160601538181468,1,0.2008032128514054,46
0.0,0.0,-0.8788856978986028,0.18571725645523254,0.972390428954896,4.660642223575656,2.3987015664732128,1.082949474574828,0.0,0.8625976126267949,0,4.016064257028113,47
0.0,0.0,-0.9528965567247958,0.017460583728157043,0.972390428954896,3.2944138397436404,1.4856336778653696,1.0202896449188412,0.0,0.9561507209469999,0,3.8152610441767063,47
0.0,0.0,-0.9496694300347888,0.01619671261685036,0.972390428954896,-1.2822472025047347,0.12406102137181374,1.0237792577696059,0.0,0.9671402308007268,0,3.614457831325301,47
0.0,0.0,-0.9385345275644523,0.017005403805673454,0.9667817008967546,-1.20854396043717,0.008471646941718062,1.0299314365705388,0.0,0.9705333261647432,0,3.4136546184738954,47
0.0,0.0,-0.9268666483709856,0.017057679493838265,0.9555178015434204,-1.2014647409978092,0.00023178284351896774,1.0307407928288574,0.0,0.9734162545661981,0,3.21285140562249,47
0.0,0.0,-0.9151661154820114,0.017057910091769005,0.9438382585647486,-1.2009931999970038,-0.00030823692491322645,1.0311544643971164,0.0,0.9762653199999309,0,3.0120481927710845,47
0.0,0.0,-0.9034656405833761,0.01705473635126791,0.9321337921995788,-1.200962402446649,-0.0003434701046335323,1.031551212828177,0.0,0.9791116447661254,0,2.8112449799196786,47
0.0,0.0,-0.8917673567620936,0.01705134120104494,0.9204298888908704,-1.2009603935263349,-0.0003457682037505674,1.0319564107958281,0.0,0.9819572587504117,0,2.610441767068273,47
0.15,0.45456864504849487,-0.7392743714221268,0.43614956702349555,0.9087282102311268,5.158438800201187,2.6696090747069126,1.0614444645906649,0.016206482593037214,1.0008544764054803,2,2.409638554216868,47
0.45,0.6943650748294136,-0.4715648454579808,0.626968485782328,0.8970288641371609,-1.199927671470181,0.8835874345443028,1.1507928197402932,0.03781512605042016,1.0601371838149876,2,2.208835341365462,47
0.75,0.7576144084141581,-0.20842173346663898,0.6708645769158168,0.8853318572088842,-1.9823093657441677,0.011383848595913652,1.2719212576919534,0.045018007202881134,1.1237613738001329,2,2.0080321285140563,47
1.05,0.6943650748294137,0.05442141223451252,0.6097241570907004,0.8736371894393122,-1.239387285846389,-0.8569041695206937,1.44153961082499,0.03781512605042016,1.1876681448767703,2,1.8072289156626504,47
1.35,0.45456864504849487,0.3172428117018248,0.3984243114259671,0.8619448603907052,4.950397787874801,-2.6092101308836972,1.7028694953937,0.016206482593037207,1.2515928118416524,2,1.606425702811245,47
1.5,1.2285357956997882e-16,0.4392635771388839,0.013622428840630888,0.467806288384623,-1.1511748461393876,0.28509615236728403,1.0644770315164036,-1.2684018023958378e-17,1.2994659324215303,2,1.4056224899598395,47
1.5,1.2688263138573217e-16,0.44606304442666894,0.01653214462970419,0.4743357316333938,-1.2553622030012093,0.07194623158789284,1.0626677037869108,4.9859268185369136e-18,1.3069525038218983,2,1.2048192771084336,47
1.5,1.2285357956997882e-16,0.457424245658342,0.016990992135847083,0.4860095953112739,-1.2052161405760113,0.004566450402474316,1.0617743890566962,-1.2684018023958378e-17,1.3100964606122616,2,1.0040160642570282,47
1.5,1.18687833744435e-16,0.46908073907877623,0.017018516109385526,0.4976811299342643,-1.2012408484553825,-2.475709879769803e-05,1.060287506628912,-1.2684018023958378e-17,1.3129566997544055,2,0.8032128514056227,47
1.5,1.18687833744435e-16,0.4807543058918622,0.017017132398294887,0.5093503308195708,-1.2009785677148337,-0.00032497719237337277,1.0588317238335119,4.9859268185369136e-18,1.3157979063691982,2,0.6024096385542173,47
1.5,1.18687833744435e-16,0.4924268035887055,0.0170138609977254,0.5210171980981566,-1.2009614479452946,-0.0003445620063621106,1.057441822086326,-1.2684018023958378e-17,1.3186373409628243,2,0.4016064257028109,47
1.5,1.3457935360146644e-16,0.5040970495133441,0.017010467121394795,0.5326817322148065,-1.2009603312692851,-0.00034583942219742445,1.0561156191533256,-2.0192629026742142e-18,1.3214761292175317,2,0.2008032128514054,47
0.0,0.0,-0.8788856978986028,0.18571725645523254,0.972390428954896,4.660642223575656,2.3987015664732128,1.082949474574828,0.0,0.8625976126267949,0,4.016064257028113,48
0.0,0.0,-0.9528965567247958,0.017460583728157043,0.972390428954896,3.2944138397436404,1.4856336778653696,1.0202896449188412,0.0,0.9561507209469999,0,3.8152610441767063,48
0.0,0.0,-0.9496694300347888,0.01619671261685036,0.972390428954896,-1.2822472025047347,0.12406102137181374,1.0237792577696059,0.0,0.9671402308007268,0,3.614457831325301,48
0.0,0.0,-0.9385345275644523,0.017005403805673454,0.9667817008967546,-1.20854396043717,0.008471646941718062,1.0299314365705388,0.0,0.9705333261647432,0,3.4136546184738954,48
0.0,0.0,-0.9268666483709856,0.017057679493838265,0.9555178015434204,-1.2014647409978092,0.00023178284351896774,1.0307407928288574,0.0,0.9734162545661981,0,3.21285140562249,48
0.0,0.0,-0.9151661154820114,0.017057910091769005,0.9438382585647486,-1.2009931999970038,-0.00030823692491322645,1.0311544643971164,0.0,0.9762653199999309,0,3.0120481927710845,48
0.0,0.0,-0.9034656405833761,0.01705473635126791,0.9321337921995788,-1.200962402446649,-0.0003434701046335323,1.031551212828177,0.0,0.9791116447661254,0,2.8112449799196786,48
0.0,0.0,-0.8917673567620936,0.01705134120104494,0.9204298888908704,-1.2009603935263349,-0.0003457682037505674,1.0319564107958281,0.0,0.9819572587504117,0,2.610441767068273,48
2.7927852388959785e-05,0.00019747973808210384,-0.8800993305355346,0.01700112356186908,0.9087282102311268,-1.2115598779433558,-0.009102299780180768,1.03234040295052,3.285629692818797e-06,0.9848009358528258,3,2.409638554216868,48
0.00022339880246561138,0.000765269426018097,-0.8685787847009607,0.016774432255987543,0.8970288641371609,-1.2044713360053698,-0.029684600266433107,1.0325660571357433,2.1857024045535404e-05,0.9876145817633173,3,2.208835341365462,48
0.0004188407131496419,0.00102671904049605,-0.8570460083976361,0.016720144818047324,0.8853318572088842,-1.14395851116872,0.007577037696443757,1.0328112895751338,2.8625761083856837e-05,0.9904138276125104,3,2.0080321285140563,48
0.0005584129638636065,0.0010923662745914164,-0.8454718935159525,0.016826103077186447,0.8736371894393122,-1.1686893168919843,0.04462262749788854,1.03311262764111,2.1046286495840413e-05,0.9932268224633185,3,1.8072289156626504,48
0.0007258589141383087,0.0011365362529869574,-0.8339315144800651,0.016946105073012193,0.8619448603907052,-1.2458674796526268,0.02879264388165497,1.033382831909491,1.0982930319777728e-05,0.9960412458680311,3,1.606425702811245,48
0.0007537365185501349,0.0011354630285836437,-0.8222566351981229,0.01727508772589823,0.8502005264582642,-1.2036341019569825,0.0047237436382361,1.0337608308906272,-1.522704308877196e-05,0.9988644883526098,3,1.4056224899598395,48
0.0006698480247182842,0.0010259509966345788,-0.8105049730901522,0.017192461859432365,0.8390257899317143,-1.1969436996300784,-0.03188099298591617,1.0349607887513899,-1.2345898637016267e-05,1.0017236579258302,3,1.2048192771084336,48
0.0005301886951508894,0.0008404613369244208,-0.7987049753086073,0.01716552978440252,0.8281716001806866,-1.1880980462756023,-0.009938229874354788,1.0366584048020644,-9.72560701830883e-06,1.0045898231955106,3,1.0040160642570282,48
0.0004184996475445185,0.0007588606919314375,-0.7869362482777632,0.017170321878079233,0.8153637992103099,-1.1998893210727803,-0.008541102582311142,1.035882717384511,-1.0926651379493053e-05,1.0074549774917427,3,0.8032128514056227,48
0.000474104266137727,0.0009175817366922027,-0.775307925344798,0.016874970851810563,0.8033639296112197,-1.2009468647215706,-0.006453923734645081,1.035946470239812,1.210993241008564e-05,1.0102836224339968,3,0.6024096385542173,48
0.0006413103469509895,0.0011339615290930393,-0.7637799796124789,0.016868049169897755,0.791797941307935,-1.145708766160198,0.013986481827133655,1.0364356153735221,1.598971830134841e-05,1.0130933710355925,3,0.4016064257028109,48
0.0006969440372897384,0.001169599932441302,-0.7521485107462954,0.016854006739006947,0.7802689360672154,-1.1795090803380974,0.03852950065252652,1.0371316608597303,1.5720850358432753e-05,1.015913416309396,3,0.2008032128514054,48
0.0,0.0,-0.8788856978986028,0.18571725645523254,0.972390428954896,4.660642223575656,2.3987015664732128,1.082949474574828,0.0,0.8625976126267949,0,4.016064257028113,49
0.0,0.0,-0.9528965567247958,0.017460583728157043,0.972390428954896,3.2944138397436404,1.4856336778653696,1.0202896449188412,0.0,0.9561507209469999,0,3.8152610441767063,49
0.0,0.0,-0.9496694300347888,0.01619671261685036,0.972390428954896,-1.2822472025047347,0.12406102137181374,1.0237792577696059,0.0,0.9671402308007268,0,3.614457831325301,49
0.0,0.0,-0.9385345275644523,0.017005403805673454,0.9667817008967546,-1.20854396043717,0.008471646941718062,1.0299314365705388,0.0,0.9705333261647432,0,3.4136546184738954,49
0.0,0.0,-0.9268666483709856,0.017057679493838265,0.9555178015434204,-1.2014647409978092,0.00023178284351896774,1.0307407928288574,0.0,0.9734162545661981,0,3.21285140562249,49
0.0,0.0,-0.9151661154820114,0.017057910091769005,0.9438382585647486,-1.2009931999970038,-0.00030823692491322645,1.0311544643971164,0.0,0.9762653199999309,0,3.0120481927710845,49
0.0,0.0,-0.9034656405833761,0.01705473635126791,0.9321337921995788,-1.200962402446649,-0.0003434701046335323,1.031551212828177,0.0,0.9791116447661254,0,2.8112449799196786,49
0.0,0.0,-0.8917673567620936,0.01705134120104494,0.9204298888908704,-1.2009603935263349,-0.0003457682037505674,1.0319564107958281,0.0,0.9819572587504117,0,2.610441767068273,49
0.00041894012906589726,0.0014176739195425492,-0.8804721420288751,0.016441225306195597,0.9087282102311268,-1.279793684262268,-0.09656595560168853,1.0319156551502409,4.6604752972370344e-05,0.9847645992793274,4,2.409638554216868,49
0.0033512976108248465,0.006154814261058471,-0.8714091524468737,0.013342557636857603,0.8970288641371609,-1.219650914322021,-0.47423423493864597,1.02928209109814,0.00031916907324562924,0.9871793646143668,4,2.208835341365462,49
0.009075825989379217,0.01165188540406945,-0.8646993586710009,0.008985464732317183,0.8853318572088842,-0.4868820355951895,-0.9996099037891948,1.0238067232909946,0.0007190773666546099,0.989037887685909,4,2.0080321285140563,49
0.017591966880806043,0.016653176227829032,-0.8603296385188609,0.004394143820628768,0.8736371894393122,1.9672605163071095,-1.8277036641000635,1.015454987595995,0.0011121981731547553,0.9903282435959149,4,1.8072289156626504,49
0.028899162012849103,0.01991239694477584,-0.8582986989944122,0.0007029930450787007,0.8619448603907052,15.68382821286604,-3.784077791859711,1.004247796327067,0.0013644268565792782,0.9910497610782484,4,1.606425702811245,49
0.04257791309583067,0.020345163811072802,-0.8582052792372342,3.763318461226068e-05,0.8582207706123105,9.161159369647482,3.0649072188708244,1.0000180499547275,0.0013956667116244437,0.9912401978588581,4,1.4056224899598395,49
0.05653318485713385,0.020341095144504027,-0.8582197606712052,2.4541002431202504e-06,0.8582207708803525,9.16115936994638,3.064907218929708,1.0000011770944404,0.0013953876034027816,0.9912539748289045,4,1.2048192771084336,49
0.07048566581526626,0.02033702729159532,-0.8582207050210121,1.600345031866871e-07,0.8582207708978319,9.161159356626914,3.064907215717404,1.000000076759748,0.0013951085509977385,0.991254873239865,4,1.0040160642570282,49
0.0844353565283383,0.02033296025218396,-0.8582207666030738,1.043602124428613e-08,0.8582207708989714,9.161159390006732,3.0649072271094266,1.0000000050055857,0.0013948295543981535,0.9912549318262053,4,0.8032128514056227,49
0.09838225755434876,0.020328894026107266,-0.8582207706189058,6.805440767411783e-10,0.858220770899046,9.16115769904257,3.064906818872237,1.0000000003264198,0.0013945506135928654,0.9912549356466833,4,0.6024096385542173,49
0.11232636945118486,0.020324828613202586,-0.8582207708807826,4.4378963404955396e-11,0.8582207708990509,9.161158815011051,3.0649076347438555,1.0000000000212863,0.0013942717285707164,0.9912549358958205,4,0.4016064257028109,49
0.12626769277662223,0.020320764013307374,-0.85822077089786,2.8939654534066818e-12,0.8582207708990509,9.161853616484722,3.065078526413101,1.0000000000013878,0.0013939928993205576,0.9912549359120671,4,0.2008032128514054,49
0.0,0.0,-0.8788856978986028,0.18571725645523254,0.972390428954896,4.660642223575656,2.3987015664732128,1.082949474574828,0.0,0.8625976126267949,0,4.016064257028113,50
0.0,0.0,-0.9528965567247958,0.017460583728157043,0.972390428954896,3.2944138397436404,1.4856336778653696,1.0202896449188412,0.0,0.9561507209469999,0,3.8152610441767063,50
0.0,0.0,-0.9496694300347888,0.01619671261685036,0.972390428954896,-1.2822472025047347,0.12406102137181374,1.0237792577696059,0.0,0.9671402308007268,0,3.614457831325301,50
0.0,0.0,-0.9385345275644523,0.017005403805673454,0.9667817008967546,-1.20854396043717,0.008471646941718062,1.0299314365705388,0.0,0.9705333261647432,0,3.4136546184738954,50
0.0,0.0,-0.9268666483709856,0.017057679493838265,0.9555178015434204,-1.2014647409978092,0.00023178284351896774,1.0307407928288574,0.0,0.9734162545661981,0,3.21285140562249,50
0.0,0.0,-0.9151661154820114,0.017057910091769005,0.9438382585647486,-1.2009931999970038,-0.00030823692491322645,1.0311544643971164,0.0,0.9762653199999309,0,3.0120481927710845,50
0.0,0.0,-0.9034656405833761,0.01705473635126791,0.9321337921995788,-1.200962402446649,-0.0003434701046335323,1.031551212828177,0.0,0.9791116447661254,0,2.8112449799196786,50
0.0,0.0,-0.8917673567620936,0.01705134120104494,0.9204298888908704,-1.2009603935263349,-0.0003457682037505674,1.0319564107958281,0.0,0.9819572587504117,0,2.610441767068273,50
0.0,0.0,-0.8800714026831455,0.017047932249837996,0.9087282102311268,-1.200960262495523,-0.00034591809544606687,1.0323721103087673,0.0,0.9848022944313022,0,2.409638554216868,50
0.0,0.0,-0.8683777869516976,0.017044523036105808,0.8970288641371609,-1.2009602539491493,-0.0003459278719554448,1.0327988433219055,0.0,0.9876467605542476,0,2.208835341365462,50
0.0,0.0,-0.8566865096916563,0.017041114442579167,0.8853318572088842,-1.20096025339172,-0.00034592850964441734,1.0332370627452199,0.0,0.9904906577959081,0,2.0080321285140563,50
0.0,0.0,-0.8449975704739443,0.01703770652669445,0.8736371894393122,-1.2009602533553723,-0.00034592855124180173,1.0336872390747642,0.0,0.9933339863067472,0,1.8072289156626504,50
0.0,0.0,-0.8333109688335107,0.017034299292069694,0.8619448603907052,-1.2009602533529893,-0.00034592855395746455,1.0341498683534556,0.0,0.9961767462028946,0,1.606425702811245,50
0.0,0.0,-0.8216267043030462,0.01703089273881347,0.8502548695973204,-1.2009602533528354,-0.00034592855413536765,1.0346254744073256,0.0,0.9990189375982189,0,1.4056224899598395,50
0.0,0.0,-0.8099447764151816,0.017027486866805545,0.838567216591677,-1.2009602533528203,-0.0003459285541160939,1.0351146108495233,0.0,1.0018605606064204,0,1.2048192771084336,50
0.0,0.0,-0.7982651847026309,0.017024081675910636,0.8268819009062672,-1.200960253352843,-0.0003459285541226218,1.0356178632296569,0.0,1.004701615341166,0,1.0040160642570282,50
0.0,0.0,-0.7865879286982012,0.01702067716599261,0.8151989220736707,-1.2009602533528325,-0.0003459285541533487,1.0361358513698935,0.0,1.0075421019161015,0,0.8032128514056227,50
0.0,0.0,-0.774913007934793,0.01701727333691521,0.8035182796265578,-1.2009602533528247,-0.00034592855415662685,1.0366692319089588,0.0,1.0103820204448477,0,0.6024096385542173,50
0.0,0.0,-0.7632404219454003,0.017013870188542373,0.7918399730976942,-1.2009602533528174,-0.0003459285541237293,1.0372187010760898,0.0,1.0132213710410043,0,0.4016064257028109,50
0.0,0.0,-0.7515701702631101,0.01701046772073805,0.7801640020199375,-1.2009602533528279,-0.00034592855408910306,1.0377849977195388,0.0,1.0160601538181468,0,0.2008032128514054,50
0.0,0.0,-0.8788856978986028,0.18571725645523254,0.972390428954896,4.660642223575656,2.3987015664732128,1.082949474574828,0.0,0.8625976126267949,0,4.016064257028113,51
0.0,0.0,-0.9528965567247958,0.017460583728157043,0.972390428954896,3.2944138397436404,1.4856336778653696,1.0202896449188412,0.0,0.9561507209469999,1,3.8152610441767063,51
0.0,0.0,-0.9496694300347888,0.01619671261685036,0.972390428954896,-1.2822472025047347,0.12406102137181374,1.0237792577696059,0.0,0.9671402308007268,1,3.614457831325301,51
0.0,0.0,-0.9385345275644523,0.017005403805673454,0.9667817008967546,-1.20854396043717,0.008471646941718062,1.0299314365705388,0.0,0.9705333261647432,1,3.4136546184738954,51
0.0,0.0,-0.9268666483709856,0.017057679493838265,0.9555178015434204,-1.2014647409978092,0.00023178284351896774,1.0307407928288574,0.0,0.9734162545661981,1,3.21285140562249,51
0.0,0.0,-0.9151661154820114,0.017057910091769005,0.9438382585647486,-1.2009931999970038,-0.00030823692491322645,1.0311544643971164,0.0,0.9762653199999309,1,3.0120481927710845,51
0.0,0.0,-0.9034656405833761,0.01705473635126791,0.9321337921995788,-1.200962402446649,-0.0003434701046335323,1.031551212828177,0.0,0.9791116447661254,1,2.8112449799196786,51
0.0,0.0,-0.8917673567620936,0.01705134120104494,0.9204298888908704,-1.2009603935263349,-0.0003457682037505674,1.0319564107958281,0.0,0.9819572587504117,1,2.610441767068273,51
0.0,0.0,-0.8800714026831455,0.017047932249837996,0.9087282102311268,-1.200960262495523,-0.00034591809544606687,1.0323721103087673,0.0,0.9848022944313022,1,2.409638554216868,51
0.0,0.0,-0.8683777869516976,0.017044523036105808,0.8970288641371609,-1.2009602539491493,-0.0003459278719554448,1.0327988433219055,0.0,0.9876467605542476,1,2.208835341365462,51
0.0,0.0,-0.8566865096916563,0.017041114442579167,0.8853318572088842,-1.20096025339172,-0.00034592850964441734,1.0332370627452199,0.0,0.9904906577959081,1,2.0080321285140563,51
0.0,0.0,-0.8449975704739443,0.01703770652669445,0.8736371894393122,-1.2009602533553723,-0.00034592855124180173,1.0336872390747642,0.0,0.9933339863067472,1,1.8072289156626504,51
0.0,0.0,-0.8333109688335107,0.017034299292069694,0.8619448603907052,-1.2009602533529893,-0.00034592855395746455,1.0341498683534556,0.0,0.9961767462028946,1,1.606425702811245,51
0.0,0.0,-0.8216267043030462,0.01703089273881347,0.8502548695973204,-1.2009602533528354,-0.00034592855413536765,1.0346254744073256,0.0,0.9990189375982189,1,1.4056224899598395,51
0.0,0.0,-0.8099447764151816,0.017027486866805545,0.838567216591677,-1.2009602533528203,-0.0003459285541160939,1.0351146108495233,0.0,1.0018605606064204,1,1.2048192771084336,51
0.0,0.0,-0.7982651847026309,0.017024081675910636,0.8268819009062672,-1.200960253352843,-0.0003459285541226218,1.0356178632296569,0.0,1.004701615341166,1,1.0040160642570282,51
0.0,0.0,-0.7865879286982012,0.01702067716599261,0.8151989220736707,-1.2009602533528325,-0.0003459285541533487,1.0361358513698935,0.0,1.0075421019161015,1,0.8032128514056227,51
0.0,0.0,-0.774913007934793,0.01701727333691521,0.8035182796265578,-1.2009602533528247,-0.00034592855415662685,1.0366692319089588,0.0,1.0103820204448477,1,0.6024096385542173,51
0.0,0.0,-0.7632404219454003,0.017013870188542373,0.7918399730976942,-1.2009602533528174,-0.0003459285541237293,1.0372187010760898,0.0,1.0132213710410043,1,0.4016064257028109,51
0.0,0.0,-0.7515701702631101,0.01701046772073805,0.7801640020199375,-1.2009602533528279,-0.00034592855408910306,1.0377849977195388,0.0,1.0160601538181468,1,0.2008032128514054,51
0.0,0.0,-0.8788856978986028,0.18571725645523254,0.972390428954896,4.660642223575656,2.3987015664732128,1.082949474574828,0.0,0.8625976126267949,0,4.016064257028113,52
0.0,0.0,-0.9528965567247958,0.017460583728157043,0.972390428954896,3.2944138397436404,1.4856336778653696,1.0202896449188412,0.0,0.9561507209469999,0,3.8152610441767063,52
0.0,0.0,-0.9496694300347888,0.01619671261685036,0.972390428954896,-1.2822472025047347,0.12406102137181374,1.0237792577696059,0.0,0.9671402308007268,0,3.614457831325301,52
0.0,0.0,-0.9385345275644523,0.017005403805673454,0.9667817008967546,-1.20854396043717,0.008471646941718062,1.0299314365705388,0.0,0.9705333261647432,0,3.4136546184738954,52
0.0,0.0,-0.9268666483709856,0.017057679493838265,0.9555178015434204,-1.2014647409978092,0.00023178284351896774,1.0307407928288574,0.0,0.9734162545661981,0,3.21285140562249,52
0.0,0.0,-0.9151661154820114,0.017057910091769005,0.9438382585647486,-1.2009931999970038,-0.00030823692491322645,1.0311544643971164,0.0,0.9762653199999309,0,3.0120481927710845,52
0.0,0.0,-0.9034656405833761,0.01705473635126791,0.9321337921995788,-1.200962402446649,-0.0003434701046335323,1.031551212828177,0.0,0.9791116447661254,0,2.8112449799196786,52
0.0,0.0,-0.8917673567620936,0.01705134120104494,0.9204298888908704,-1.2009603935263349,-0.0003457682037505674,1.0319564107958281,0.0,0.9819572587504117,0,2.610441767068273,52
0.15,0.45456864504849487,-0.7392743714221268,0.43614956702349555,0.9087282102311268,5.158438800201187,2.6696090747069126,1.0614444645906649,0.016206482593037214,1.0008544764054803,2,2.409638554216868,52
0.45,0.6943650748294136,-0.4715648454579808,0.626968485782328,0.8970288641371609,-1.199927671470181,0.8835874345443028,1.1507928197402932,0.03781512605042016,1.0601371838149876,2,2.208835341365462,52
0.75,0.7576144084141581,-0.20842173346663898,0.6708645769158168,0.8853318572088842,-1.9823093657441677,0.011383848595913652,1.2719212576919534,0.045018007202881134,1.1237613738001329,2,2.0080321285140563,52
1.05,0.6943650748294137,0.05442141223451252,0.6097241570907004,0.8736371894393122,-1.239387285846389,-0.8569041695206937,1.44153961082499,0.03781512605042016,1.1876681448767703,2,1.8072289156626504,52
1.35,0.45456864504849487,0.3172428117018248,0.3984243114259671,0.8619448603907052,4.950397787874801,-2.6092101308836972,1.7028694953937,0.016206482593037207,1.2515928118416524,2,1.606425702811245,52
1.5,1.2285357956997882e-16,0.4392635771388839,0.013622428840630888,0.467806288384623,-1.1511748461393876,0.28509615236728403,1.0644770315164036,-1.2684018023958378e-17,1.2994659324215303,2,1.4056224899598395,52
1.5,1.2688263138573217e-16,0.44606304442666894,0.01653214462970419,0.4743357316333938,-1.2553622030012093,0.07194623158789284,1.0626677037869108,4.9859268185369136e-18,1.3069525038218983,2,1.2048192771084336,52
1.5,1.2285357956997882e-16,0.457424245658342,0.016990992135847083,0.4860095953112739,-1.2052161405760113,0.004566450402474316,1.0617743890566962,-1.2684018023958378e-17,1.3100964606122616,2,1.0040160642570282,52
1.5,1.18687833744435e-16,0.46908073907877623,0.017018516109385526,0.4976811299342643,-1.2012408484553825,-2.475709879769803e-05,1.060287506628912,-1.2684018023958378e-17,1.3129566997544055,2,0.8032128514056227,52
1.5,1.18687833744435e-16,0.4807543058918622,0.017017132398294887,0.5093503308195708,-1.2009785677148337,-0.00032497719237337277,1.0588317238335119,4.9859268185369136e-18,1.3157979063691982,2,0.6024096385542173,52
1.5,1.18687833744435e-16,0.4924268035887055,0.0170138609977254,0.5210171980981566,-1.2009614479452946,-0.0003445620063621106,1.057441822086326,-1.2684018023958378e-17,1.3186373409628243,2,0.4016064257028109,52
1.5,1.3457935360146644e-16,0.5040970495133441,0.017010467121394795,0.5326817322148065,-1.2009603312692851,-0.00034583942219742445,1.0561156191533256,-2.0192629026742142e-18,1.3214761292175317,2,0.2008032128514054,52
0.0,0.0,-0.8788856978986028,0.18571725645523254,0.972390428954896,4.660642223575656,2.3987015664732128,1.082949474574828,0.0,0.8625976126267949,0,4.016064257028113,53
0.0,0.0,-0.9528965567247958,0.017460583728157043,0.972390428954896,3.2944138397436404,1.4856336778653696,1.0202896449188412,0.0,0.9561507209469999,0,3.8152610441767063,53
0.0,0.0,-0.9496694300347888,0.01619671261685036,0.972390428954896,-1.2822472025047347,0.12406102137181374,1.0237792577696059,0.0,0.9671402308007268,0,3.614457831325301,53
0.0,0.0,-0.9385345275644523,0.017005403805673454,0.9667817008967546,-1.20854396043717,0.008471646941718062,1.0299314365705388,0.0,0.9705333261647432,0,3.4136546184738954,53
0.0,0.0,-0.9268666483709856,0.017057679493838265,0.9555178015434204,-1.2014647409978092,0.00023178284351896774,1.0307407928288574,0.0,0.9734162545661981,0,3.21285140562249,53
0.0,0.0,-0.9151661154820114,0.017057910091769005,0.9438382585647486,-1.2009931999970038,-0.00030823692491322645,1.0311544643971164,0.0,0.9762653199999309,0,3.0120481927710845,53
0.0,0.0,-0.9034656405833761,0.01705473635126791,0.9321337921995788,-1.200962402446649,-0.0003434701046335323,1.031551212828177,0.0,0.9791116447661254,0,2.8112449799196786,53
0.0,0.0,-0.8917673567620936,0.01705134120104494,0.9204298888908704,-1.2009603935263349,-0.0003457682037505674,1.0319564107958281,0.0,0.9819572587504117,0,2.610441767068273,53
8.378635003031986e-05,0.0004379725579634977,-0.8801511011100566,0.016924041975637336,0.9087282102311268,-1.2180732781818342,-0.02003303004094601,1.0322814096263502,9.32076953745953e-06,0.9847943294980245,3,2.409638554216868,53
0.0005305951248290431,0.0014627981462886123,-0.8688450246234233,0.016486690351040695,0.8970288641371609,-1.1532728775998808,-0.03740211114705259,1.0322561741314509,4.793995915396504e-05,0.9875606738545366,3,2.208835341365462,53
0.0005305951248290431,0.0014627981462886123,-0.8571321814072473,0.016846131206402895,0.8853318572088842,-1.1153961599308015,0.06659185417473626,1.0327045814632603,2.246120165917306e-05,0.9903840542376949,3,2.0080321285140563,53
0.0006422506922732329,0.0014982262868341797,-0.8455422904480586,0.017023465435035565,0.8736371894393122,-1.2432634697654759,0.061348502970806414,1.0330219195596484,7.57154184760387e-06,0.9932099571374295,3,1.8072289156626504,53
0.000670157327345805,0.0014990141279962042,-0.8338750602851018,0.017366276324931127,0.8619448603907052,-1.2733956287489714,0.01403827269432129,1.0334422697509897,-2.0253704892369515e-05,0.9960432395309705,3,1.606425702811245,53
0.0006700746981582472,0.001472184756430964,-0.8221866112084419,0.01748496337868957,0.8515370331137899,-1.1456404012270414,-0.08716745858010981,1.035468562852641,-3.272852178483715e-05,0.9988815325707463,3,1.4056224899598395,53
0.00025116028209089367,0.0006105320981364682,-0.810137055715756,0.016969354884561912,0.8382916212584005,-1.2186779444672329,0.010682871275067618,1.0345304571090734,3.0111843824222272e-06,1.0017923260048838,3,1.2048192771084336,53
0.00044639903694954574,0.0008187623963807661,-0.7986513628710568,0.016911939952016893,0.8268639290396459,-1.1908125197723696,-0.03410150098341129,1.0350978527762833,1.0035756637942648e-05,1.0046226084471233,3,1.0040160642570282,53
0.0005020616501344316,0.000880186632338727,-0.787009422652462,0.01679162533532893,0.815114291208907,-1.1727825110028613,0.012460885579267472,1.0354800199031007,2.0218356629128964e-05,1.0074410302227768,3,0.8032128514056227,53
0.0005856755595297364,0.0009381585683863419,-0.7754073878711228,0.016921927620224694,0.8034813065373262,-1.1838755154180838,0.027167328302362074,1.0359636498567766,1.063899694551257e-05,1.010266675212272,3,0.6024096385542173,53
0.0005577231899241464,0.0009342861629714625,-0.7637011408066495,0.017066572468226866,0.7917379604617991,-1.22273157449426,0.04277907904988002,1.036458173847905,-1.4785425989789887e-06,1.0131019545798154,3,0.4016064257028109,53
0.000557699210848327,0.0009342642576650218,-0.7520327529776083,0.017325110390867135,0.7805288148835196,-1.2028389748421946,-0.003206277303409794,1.0376222393724224,-2.250228381203738e-05,1.0159425345202666,3,0.2008032128514054,53
0.0,0.0,-0.8788856978986028,0.18571725645523254,0.972390428954896,4.660642223575656,2.3987015664732128,1.082949474574828,0.0,0.8625976126267949,0,4.016064257028113,54
0.0,0.0,-0.9528965567247958,0.017460583728157043,0.972390428954896,3.2944138397436404,1.4856336778653696,1.0202896449188412,0.0,0.9561507209469999,0,3.8152610441767063,54
0.0,0.0,-0.9496694300347888,0.01619671261685036,0.972390428954896,-1.2822472025047347,0.12406102137181374,1.0237792577696059,0.0,0.9671402308007268,0,3.614457831325301,54
0.0,0.0,-0.9385345275644523,0.017005403805673454,0.9667817008967546,-1.20854396043717,0.008471646941718062,1.0299314365705388,0.0,0.9705333261647432,0,3.4136546184738954,54
0.0,0.0,-0.9268666483709856,0.017057679493838265,0.9555178015434204,-1.2014647409978092,0.00023178284351896774,1.0307407928288574,0.0,0.9734162545661981,0,3.21285140562249,54
0.0,0.0,-0.9151661154820114,0.017057910091769005,0.9438382585647486,-1.2009931999970038,-0.00030823692491322645,1.0311544643971164,0.0,0.9762653199999309,0,3.0120481927710845,54
0.0,0.0,-0.9034656405833761,0.01705473635126791,0.9321337921995788,-1.200962402446649,-0.0003434701046335323,1.031551212828177,0.0,0.9791116447661254,0,2.8112449799196786,54
0.0,0.0,-0.8917673567620936,0.01705134120104494,0.9204298888908704,-1.2009603935263349,-0.0003457682037505674,1.0319564107958281,0.0,0.9819572587504117,0,2.610441767068273,54
0.00041894012906589726,0.0014176739195425492,-0.8804721420288751,0.016441225306195597,0.9087282102311268,-1.279793684262268,-0.09656595560168853,1.0319156551502409,4.6604752972370344e-05,0.9847645992793274,4,2.409638554216868,54
0.0033512976108248465,0.006154814261058471,-0.8714091524468737,0.013342557636857603,0.8970288641371609,-1.219650914322021,-0.47423423493864597,1.02928209109814,0.00031916907324562924,0.9871793646143668,4,2.208835341365462,54
0.009075825989379217,0.01165188540406945,-0.8646993586710009,0.008985464732317183,0.8853318572088842,-0.4868820355951895,-0.9996099037891948,1.0238067232909946,0.0007190773666546099,0.989037887685909,4,2.0080321285140563,54
0.017591966880806043,0.016653176227829032,-0.8603296385188609,0.004394143820628768,0.8736371894393122,1.9672605163071095,-1.8277036641000635,1.015454987595995,0.0011121981731547553,0.9903282435959149,4,1.8072289156626504,54
0.028899162012849103,0.01991239694477584,-0.8582986989944122,0.0007029930450787007,0.8619448603907052,15.68382821286604,-3.784077791859711,1.004247796327067,0.0013644268565792782,0.9910497610782484,4,1.606425702811245,54
0.04257791309583067,0.020345163811072802,-0.8582052792372342,3.763318461226068e-05,0.8582207706123105,9.161159369647482,3.0649072188708244,1.0000180499547275,0.0013956667116244437,0.9912401978588581,4,1.4056224899598395,54
0.05653318485713385,0.020341095144504027,-0.8582197606712052,2.4541002431202504e-06,0.8582207708803525,9.16115936994638,3.064907218929708,1.0000011770944404,0.0013953876034027816,0.9912539748289045,4,1.2048192771084336,54
0.07048566581526626,0.02033702729159532,-0.8582207050210121,1.600345031866871e-07,0.8582207708978319,9.161159356626914,3.064907215717404,1.000000076759748,0.0013951085509977385,0.991254873239865,4,1.0040160642570282,54
0.0844353565283383,0.02033296025218396,-0.8582207666030738,1.043602124428613e-08,0.8582207708989714,9.161159390006732,3.0649072271094266,1.0000000050055857,0.0013948295543981535,0.9912549318262053,4,0.8032128514056227,54
0.09838225755434876,0.020328894026107266,-0.8582207706189058,6.805440767411783e-10,0.858220770899046,9.16115769904257,3.064906818872237,1.0000000003264198,0.0013945506135928654,0.9912549356466833,4,0.6024096385542173,54
0.11232636945118486,0.020324828613202586,-0.8582207708807826,4.4378963404955396e-11,0.8582207708990509,9.161158815011051,3.0649076347438555,1.0000000000212863,0.0013942717285707164,0.9912549358958205,4,0.4016064257028109,54
0.12626769277662223,0.020320764013307374,-0.85822077089786,2.8939654534066818e-12,0.8582207708990509,9.161853616484722,3.065078526413101,1.0000000000013878,0.0013939928993205576,0.9912549359120671,4,0.2008032128514054,54
0.0,0.0,-0.8788856978986028,0.18571725645523254,0.972390428954896,4.660642223575656,2.3987015664732128,1.082949474574828,0.0,0.8625976126267949,0,4.016064257028113,55
0.0,0.0,-0.9528965567247958,0.017460583728157043,0.972390428954896,3.2944138397436404,1.4856336778653696,1.0202896449188412,0.0,0.9561507209469999,0,3.8152610441767063,55
0.0,0.0,-0.9496694300347888,0.01619671261685036,0.972390428954896,-1.2822472025047347,0.12406102137181374,1.0237792577696059,0.0,0.9671402308007268,0,3.614457831325301,55
0.0,0.0,-0.9385345275644523,0.017005403805673454,0.9667817008967546,-1.20854396043717,0.008471646941718062,1.0299314365705388,0.0,0.9705333261647432,0,3.4136546184738954,55
0.0,0.0,-0.9268666483709856,0.017057679493838265,0.9555178015434204,-1.2014647409978092,0.00023178284351896774,1.0307407928288574,0.0,0.9734162545661981,0,3.21285140562249,55
0.0,0.0,-0.9151661154820114,0.017057910091769005,0.9438382585647486,-1.2009931999970038,-0.00030823692491322645,1.0311544643971164,0.0,0.9762653199999309,0,3.0120481927710845,55
0.0,0.0,-0.9034656405833761,0.01705473635126791,0.9321337921995788,-1.200962402446649,-0.0003434701046335323,1.031551212828177,0.0,0.9791116447661254,0,2.8112449799196786,55
0.0,0.0,-0.8917673567620936,0.01705134120104494,0.9204298888908704,-1.2009603935263349,-0.0003457682037505674,1.0319564107958281,0.0,0.9819572587504117,0,2.610441767068273,55
0.0,0.0,-0.8800714026831455,0.017047932249837996,0.9087282102311268,-1.200960262495523,-0.00034591809544606687,1.0323721103087673,0.0,0.9848022944313022,0,2.409638554216868,55
0.0,0.0,-0.8683777869516976,0.017044523036105808,0.8970288641371609,-1.2009602539491493,-0.0003459278719554448,1.0327988433219055,0.0,0.9876467605542476,0,2.208835341365462,55
0.0,0.0,-0.8566865096916563,0.017041114442579167,0.8853318572088842,-1.20096025339172,-0.00034592850964441734,1.0332370627452199,0.0,0.9904906577959081,0,2.0080321285140563,55
0.0,0.0,-0.8449975704739443,0.01703770652669445,0.8736371894393122,-1.2009602533553723,-0.00034592855124180173,1.0336872390747642,0.0,0.9933339863067472,0,1.8072289156626504,55
0.0,0.0,-0.8333109688335107,0.017034299292069694,0.8619448603907052,-1.2009602533529893,-0.00034592855395746455,1.0341498683534556,0.0,0.9961767462028946,0,1.606425702811245,55
0.0,0.0,-0.8216267043030462,0.01703089273881347,0.8502548695973204,-1.2009602533528354,-0.00034592855413536765,1.0346254744073256,0.0,0.9990189375982189,0,1.4056224899598395,55
0.0,0.0,-0.8099447764151816,0.017027486866805545,0.838567216591677,-1.2009602533528203,-0.0003459285541160939,1.0351146108495233,0.0,1.0018605606064204,0,1.2048192771084336,55
0.0,0.0,-0.7982651847026309,0.017024081675910636,0.8268819009062672,-1.200960253352843,-0.0003459285541226218,1.0356178632296569,0.0,1.004701615341166,0,1.0040160642570282,55
0.0,0.0,-0.7865879286982012,0.01702067716599261,0.8151989220736707,-1.2009602533528325,-0.0003459285541533487,1.0361358513698935,0.0,1.0075421019161015,0,0.8032128514056227,55
0.0,0.0,-0.774913007934793,0.01701727333691521,0.8035182796265578,-1.2009602533528247,-0.00034592855415662685,1.0366692319089588,0.0,1.0103820204448477,0,0.6024096385542173,55
0.0,0.0,-0.7632404219454003,0.017013870188542373,0.7918399730976942,-1.2009602533528174,-0.0003459285541237293,1.0372187010760898,0.0,1.0132213710410043,0,0.4016064257028109,55
0.0,0.0,-0.7515701702631101,0.01701046772073805,0.7801640020199375,-1.2009602533528279,-0.00034592855408910306,1.0377849977195388,0.0,1.0160601538181468,0,0.2008032128514054,55
0.0,0.0,-0.8788856978986028,0.18571725645523254,0.972390428954896,4.660642223575656,2.3987015664732128,1.082949474574828,0.0,0.8625976126267949,0,4.016064257028113,56
0.0,0.0,-0.9528965567247958,0.017460583728157043,0.972390428954896,3.2944138397436404,1.4856336778653696,1.0202896449188412,0.0,0.9561507209469999,1,3.8152610441767063,56
0.0,0.0,-0.9496694300347888,0.01619671261685036,0.972390428954896,-1.2822472025047347,0.12406102137181374,1.0237792577696059,0.0,0.9671402308007268,1,3.614457831325301,56
0.0,0.0,-0.9385345275644523,0.017005403805673454,0.9667817008967546,-1.20854396043717,0.008471646941718062,1.0299314365705388,0.0,0.9705333261647432,1,3.4136546184738954,56
0.0,0.0,-0.9268666483709856,0.017057679493838265,0.9555178015434204,-1.2014647409978092,0.00023178284351896774,1.0307407928288574,0.0,0.9734162545661981,1,3.21285140562249,56
0.0,0.0,-0.9151661154820114,0.017057910091769005,0.9438382585647486,-1.2009931999970038,-0.00030823692491322645,1.0311544643971164,0.0,0.9762653199999309,1,3.0120481927710845,56
0.0,0.0,-0.9034656405833761,0.01705473635126791,0.9321337921995788,-1.200962402446649,-0.0003434701046335323,1.031551212828177,0.0,0.9791116447661254,1,2.8112449799196786,56
0.0,0.0,-0.8917673567620936,0.01705134120104494,0.9204298888908704,-1.2009603935263349,-0.0003457682037505674,1.0319564107958281,0.0,0.9819572587504117,1,2.610441767068273,56
0.0,0.0,-0.8800714026831455,0.017047932249837996,0.9087282102311268,-1.200960262495523,-0.00034591809544606687,1.0323721103087673,0.0,0.9848022944313022,1,2.409638554216868,56
0.0,0.0,-0.8683777869516976,0.017044523036105808,0.8970288641371609,-1.2009602539491493,-0.0003459278719554448,1.0327988433219055,0.0,0.9876467605542476,1,2.208835341365462,56
0.0,0.0,-0.8566865096916563,0.017041114442579167,0.8853318572088842,-1.20096025339172,-0.00034592850964441734,1.0332370627452199,0.0,0.9904906577959081,1,2.0080321285140563,56
0.0,0.0,-0.8449975704739443,0.01703770652669445,0.8736371894393122,-1.2009602533553723,-0.00034592855124180173,1.0336872390747642,0.0,0.9933339863067472,1,1.8072289156626504,56
0.0,0.0,-0.8333109688335107,0.017034299292069694,0.8619448603907052,-1.2009602533529893,-0.00034592855395746455,1.0341498683534556,0.0,0.9961767462028946,1,1.606425702811245,56
0.0,0.0,-0.8216267043030462,0.01703089273881347,0.8502548695973204,-1.2009602533528354,-0.00034592855413536765,1.0346254744073256,0.0,0.9990189375982189,1,1.4056224899598395,56
0.0,0.0,-0.8099447764151816,0.017027486866805545,0.838567216591677,-1.2009602533528203,-0.0003459285541160939,1.0351146108495233,0.0,1.0018605606064204,1,1.2048192771084336,56
0.0,0.0,-0.7982651847026309,0.017024081675910636,0.8268819009062672,-1.200960253352843,-0.0003459285541226218,1.0356178632296569,0.0,1.004701615341166,1,1.0040160642570282,56
0.0,0.0,-0.7865879286982012,0.01702067716599261,0.8151989220736707,-1.2009602533528325,-0.0003459285541533487,1.0361358513698935,0.0,1.0075421019161015,1,0.8032128514056227,56
0.0,0.0,-0.774913007934793,0.01701727333691521,0.8035182796265578,-1.2009602533528247,-0.00034592855415662685,1.0366692319089588,0.0,1.0103820204448477,1,0.6024096385542173,56
0.0,0.0,-0.7632404219454003,0.017013870188542373,0.7918399730976942,-1.2009602533528174,-0.0003459285541237293,1.0372187010760898,0.0,1.0132213710410043,1,0.4016064257028109,56
0.0,0.0,-0.7515701702631101,0.01701046772073805,0.7801640020199375,-1.2009602533528279,-0.00034592855408910306,1.0377849977195388,0.0,1.0160601538181468,1,0.2008032128514054,56
0.0,0.0,-0.8788856978986028,0.18571725645523254,0.972390428954896,4.660642223575656,2.3987015664732128,1.082949474574828,0.0,0.8625976126267949,0,4.016064257028113,57
0.0,0.0,-0.9528965567247958,0.017460583728157043,0.972390428954896,3.2944138397436404,1.4856336778653696,1.0202896449188412,0.0,0.9561507209469999,0,3.8152610441767063,57
0.0,0.0,-0.9496694300347888,0.01619671261685036,0.972390428954896,-1.2822472025047347,0.12406102137181374,1.0237792577696059,0.0,0.9671402308007268,0,3.614457831325301,57
0.0,0.0,-0.9385345275644523,0.017005403805673454,0.9667817008967546,-1.20854396043717,0.008471646941718062,1.0299314365705388,0.0,0.9705333261647432,0,3.4136546184738954,57
0.0,0.0,-0.9268666483709856,0.017057679493838265,0.9555178015434204,-1.2014647409978092,0.00023178284351896774,1.0307407928288574,0.0,0.9734162545661981,0,3.21285140562249,57
0.0,0.0,-0.9151661154820114,0.017057910091769005,0.9438382585647486,-1.2009931999970038,-0.00030823692491322645,1.0311544643971164,0.0,0.9762653199999309,0,3.0120481927710845,57
0.0,0.0,-0.9034656405833761,0.01705473635126791,0.9321337921995788,-1.200962402446649,-0.0003434701046335323,1.031551212828177,0.0,0.9791116447661254,0,2.8112449799196786,57
0.0,0.0,-0.8917673567620936,0.01705134120104494,0.9204298888908704,-1.2009603935263349,-0.0003457682037505674,1.0319564107958281,0.0,0.9819572587504117,0,2.610441767068273,57
0.15,0.45456864504849487,-0.7392743714221268,0.43614956702349555,0.9087282102311268,5.158438800201187,2.6696090747069126,1.0614444645906649,0.016206482593037214,1.0008544764054803,2,2.409638554216868,57
0.45,0.6943650748294136,-0.4715648454579808,0.626968485782328,0.8970288641371609,-1.199927671470181,0.8835874345443028,1.1507928197402932,0.03781512605042016,1.0601371838149876,2,2.208835341365462,57
0.75,0.7576144084141581,-0.20842173346663898,0.6708645769158168,0.8853318572088842,-1.9823093657441677,0.011383848595913652,1.2719212576919534,0.045018007202881134,1.1237613738001329,2,2.0080321285140563,57
1.05,0.6943650748294137,0.05442141223451252,0.6097241570907004,0.8736371894393122,-1.239387285846389,-0.8569041695206937,1.44153961082499,0.03781512605042016,1.1876681448767703,2,1.8072289156626504,57
1.35,0.45456864504849487,0.3172428117018248,0.3984243114259671,0.8619448603907052,4.950397787874801,-2.6092101308836972,1.7028694953937,0.016206482593037207,1.2515928118416524,2,1.606425702811245,57
1.5,1.2285357956997882e-16,0.4392635771388839,0.013622428840630888,0.467806288384623,-1.1511748461393876,0.28509615236728403,1.0644770315164036,-1.2684018023958378e-17,1.2994659324215303,2,1.4056224899598395,57
1.5,1.2688263138573217e-16,0.44606304442666894,0.01653214462970419,0.4743357316333938,-1.2553622030012093,0.07194623158789284,1.0626677037869108,4.9859268185369136e-18,1.3069525038218983,2,1.2048192771084336,57
1.5,1.2285357956997882e-16,0.457424245658342,0.016990992135847083,0.4860095953112739,-1.2052161405760113,0.004566450402474316,1.0617743890566962,-1.2684018023958378e-17,1.3100964606122616,2,1.0040160642570282,57
1.5,1.18687833744435e-16,0.46908073907877623,0.017018516109385526,0.4976811299342643,-1.2012408484553825,-2.475709879769803e-05,1.060287506628912,-1.2684018023958378e-17,1.3129566997544055,2,0.8032128514056227,57
1.5,1.18687833744435e-16,0.4807543058918622,0.017017132398294887,0.5093503308195708,-1.2009785677148337,-0.00032497719237337277,1.0588317238335119,4.9859268185369136e-18,1.3157979063691982,2,0.6024096385542173,57
1.5,1.18687833744435e-16,0.4924268035887055,0.0170138609977254,0.5210171980981566,-1.2009614479452946,-0.0003445620063621106,1.057441822086326,-1.2684018023958378e-17,1.3186373409628243,2,0.4016064257028109,57
1.5,1.3457935360146644e-16,0.5040970495133441,0.017010467121394795,0.5326817322148065,-1.2009603312692851,-0.00034583942219742445,1.0561156191533256,-2.0192629026742142e-18,1.3214761292175317,2,0.2008032128514054,57
0.0,0.0,-0.8788856978986028,0.18571725645523254,0.972390428954896,4.660642223575656,2.3987015664732128,1.082949474574828,0.0,0.8625976126267949,0,4.016064257028113,58
0.0,0.0,-0.9528965567247958,0.017460583728157043,0.972390428954896,3.2944138397436404,1.4856336778653696,1.0202896449188412,0.0,0.9561507209469999,0,3.8152610441767063,58
0.0,0.0,-0.9496694300347888,0.01619671261685036,0.972390428954896,-1.2822472025047347,0.12406102137181374,1.0237792577696059,0.0,0.9671402308007268,0,3.614457831325301,58
0.0,0.0,-0.9385345275644523,0.017005403805673454,0.9667817008967546,-1.20854396043717,0.008471646941718062,1.0299314365705388,0.0,0.9705333261647432,0,3.4136546184738954,58
0.0,0.0,-0.9268666483709856,0.017057679493838265,0.9555178015434204,-1.2014647409978092,0.00023178284351896774,1.0307407928288574,0.0,0.9734162545661981,0,3.21285140562249,58
0.0,0.0,-0.9151661154820114,0.017057910091769005,0.9438382585647486,-1.2009931999970038,-0.00030823692491322645,1.0311544643971164,0.0,0.9762653199999309,0,3.0120481927710845,58
0.0,0.0,-0.9034656405833761,0.01705473635126791,0.9321337921995788,-1.200962402446649,-0.0003434701046335323,1.031551212828177,0.0,0.9791116447661254,0,2.8112449799196786,58
0.0,0.0,-0.8917673567620936,0.01705134120104494,0.9204298888908704,-1.2009603935263349,-0.0003457682037505674,1.0319564107958281,0.0,0.9819572587504117,0,2.610441767068273,58
5.58573805160939e-05,0.00027642234593409703,-0.8801247162925692,0.016964161541157423,0.9087282102311268,-1.2141052934488368,-0.01405057528475921,1.032311457169028,6.169110387817038e-06,0.9847971571660429,3,2.409638554216868,58
0.00019548435469736393,0.0005648969710540751,-0.8685475811655899,0.016850417996944245,0.8970288641371609,-1.1819806391893681,-0.010224353151417611,1.0326014265925592,1.6292972345734663e-05,0.9876128106030856,3,2.208835341365462,58
0.0003629917135693228,0.0007882303253824006,-0.8570088666183331,0.016729052633456743,0.8853318572088842,-1.207539061113096,-0.014731895280658948,1.032855828500082,2.5138024017490635e-05,0.9904343416320084,3,2.0080321285140563,58
0.0005304806478992092,0.0009724824790172375,-0.845451240106552,0.01679470813100444,0.8736371894393122,-1.1785029963966884,0.023669466273113712,1.0331386028808551,2.2452155684547842e-05,0.9932351060757608,3,1.8072289156626504,58
0.0005863022907493309,0.0010203390096581552,-0.8338031742004265,0.0170754833236816,0.8619448603907052,-1.1901279675171172,0.04572152687273389,1.0335386223915277,1.1336874261314982e-06,0.9960587054538017,3,1.606425702811245,58
0.0005583487547539273,0.0010167961677764517,-0.8220883136464076,0.017286715179882065,0.8504227414895487,-1.21157174751634,0.01778644126733601,1.0342423464451078,-1.7433197763973814e-05,0.9988997427359141,3,1.4056224899598395,58
0.0004466206028031294,0.0009537563576657003,-0.8103130570534399,0.017321831144991525,0.8384937255854438,-1.2309855032825587,-0.003802234770940384,1.0345458859890764,-2.1316397425775822e-05,1.001764305259717,3,1.2048192771084336,58
0.0003070064868993483,0.0008118217458096453,-0.7985042390728136,0.017253599200909485,0.8308484962010169,-1.1559296964355337,-0.03237733939366161,1.040268099634452,-1.8566938280879e-05,1.0046220341841101,3,1.0040160642570282,58
0.00022316995029062758,0.0006524121248334783,-0.7867747290035868,0.016992325506895896,0.8178753457413076,-1.1940714303443987,-0.029229009353192715,1.0392917385088751,1.4654450090185078e-06,1.0074966451824097,3,0.8032128514056227,58
0.0001952270495478836,0.0005641305368955002,-0.7750782849335772,0.01699070212531036,0.8035014958545307,-1.188791346820561,-0.004501265781638887,1.0364273922410494,3.0088729698296863e-06,1.0103440303282005,3,0.6024096385542173,58
0.00027882702259546363,0.0006898991168805262,-0.7634773209536365,0.016939987062613737,0.7920602663851253,-1.176210698012815,-7.089839578762992e-05,1.037187674952432,7.492807534383001e-06,1.013167918836056,3,0.4016064257028109,58
0.0003066672875982379,0.0007063091704075593,-0.7518296193105455,0.016987574697601447,0.7803860911759758,-1.1887085891685354,0.012067408933626466,1.0377230718634674,3.677053968884584e-06,1.0160003144180518,3,0.2008032128514054,58
0.0,0.0,-0.8788856978986028,0.18571725645523254,0.972390428954896,4.660642223575656,2.3987015664732128,1.082949474574828,0.0,0.8625976126267949,0,4.016064257028113,59
0.0,0.0,-0.9528965567247958,0.017460583728157043,0.972390428954896,3.2944138397436404,1.4856336778653696,1.0202896449188412,0.0,0.9561507209469999,0,3.8152610441767063,59
0.0,0.0,-0.9496694300347888,0.01619671261685036,0.972390428954896,-1.2822472025047347,0.12406102137181374,1.0237792577696059,0.0,0.9671402308007268,0,3.614457831325301,59
0.0,0.0,-0.9385345275644523,0.017005403805673454,0.9667817008967546,-1.20854396043717,0.008471646941718062,1.0299314365705388,0.0,0.9705333261647432,0,3.4136546184738954,59
0.0,0.0,-0.9268666483709856,0.017057679493838265,0.9555178015434204,-1.2014647409978092,0.00023178284351896774,1.0307407928288574,0.0,0.9734162545661981,0,3.21285140562249,59
0.0,0.0,-0.9151661154820114,0.017057910091769005,0.9438382585647486,-1.2009931999970038,-0.00030823692491322645,1.0311544643971164,0.0,0.9762653199999309,0,3.0120481927710845,59
0.0,0.0,-0.9034656405833761,0.01705473635126791,0.9321337921995788,-1.200962402446649,-0.0003434701046335323,1.031551212828177,0.0,0.9791116447661254,0,2.8112449799196786,59
0.0,0.0,-0.8917673567620936,0.01705134120104494,0.9204298888908704,-1.2009603935263349,-0.0003457682037505674,1.0319564107958281,0.0,0.9819572587504117,0,2.610441767068273,59
0.00041894012906589726,0.0014176739195425492,-0.8804721420288751,0.016441225306195597,0.9087282102311268,-1.279793684262268,-0.09656595560168853,1.0319156551502409,4.6604752972370344e-05,0.9847645992793274,4,2.409638554216868,59
0.0033512976108248465,0.006154814261058471,-0.8714091524468737,0.013342557636857603,0.8970288641371609,-1.219650914322021,-0.47423423493864597,1.02928209109814,0.00031916907324562924,0.9871793646143668,4,2.208835341365462,59
0.009075825989379217,0.01165188540406945,-0.8646993586710009,0.008985464732317183,0.8853318572088842,-0.4868820355951895,-0.9996099037891948,1.0238067232909946,0.0007190773666546099,0.989037887685909,4,2.0080321285140563,59
0.017591966880806043,0.016653176227829032,-0.8603296385188609,0.004394143820628768,0.8736371894393122,1.9672605163071095,-1.8277036641000635,1.015454987595995,0.0011121981731547553,0.9903282435959149,4,1.8072289156626504,59
0.028899162012849103,0.01991239694477584,-0.8582986989944122,0.0007029930450787007,0.8619448603907052,15.68382821286604,-3.784077791859711,1.004247796327067,0.0013644268565792782,0.9910497610782484,4,1.606425702811245,59
0.04257791309583067,0.020345163811072802,-0.8582052792372342,3.763318461226068e-05,0.8582207706123105,9.161159369647482,3.0649072188708244,1.0000180499547275,0.0013956667116244437,0.9912401978588581,4,1.4056224899598395,59
0.05653318485713385,0.020341095144504027,-0.8582197606712052,2.4541002431202504e-06,0.8582207708803525,9.16115936994638,3.064907218929708,1.0000011770944404,0.0013953876034027816,0.9912539748289045,4,1.2048192771084336,59
0.07048566581526626,0.02033702729159532,-0.8582207050210121,1.600345031866871e-07,0.8582207708978319,9.161159356626914,3.064907215717404,1.000000076759748,0.0013951085509977385,0.991254873239865,4,1.0040160642570282,59
0.0844353565283383,0.02033296025218396,-0.8582207666030738,1.043602124428613e-08,0.8582207708989714,9.161159390006732,3.0649072271094266,1.0000000050055857,0.0013948295543981535,0.9912549318262053,4,0.8032128514056227,59
0.09838225755434876,0.020328894026107266,-0.8582207706189058,6.805440767411783e-10,0.858220770899046,9.16115769904257,3.064906818872237,1.0000000003264198,0.0013945506135928654,0.9912549356466833,4,0.6024096385542173,59
0.11232636945118486,0.020324828613202586,-0.8582207708807826,4.4378963404955396e-11,0.8582207708990509,9.161158815011051,3.0649076347438555,1.0000000000212863,0.0013942717285707164,0.9912549358958205,4,0.4016064257028109,59
0.12626769277662223,0.020320764013307374,-0.85822077089786,2.8939654534066818e-12,0.8582207708990509,9.161853616484722,3.065078526413101,1.0000000000013878,0.0013939928993205576,0.9912549359120671,4,0.2008032128514054,59
0.0,0.0,-0.8788856978986028,0.18571725645523254,0.972390428954896,4.660642223575656,2.3987015664732128,1.082949474574828,0.0,0.8625976126267949,0,4.016064257028113,60
0.0,0.0,-0.9528965567247958,0.017460583728157043,0.972390428954896,3.2944138397436404,1.4856336778653696,1.0202896449188412,0.0,0.9561507209469999,0,3.8152610441767063,60
0.0,0.0,-0.9496694300347888,0.01619671261685036,0.972390428954896,-1.2822472025047347,0.12406102137181374,1.0237792577696059,0.0,0.9671402308007268,0,3.614457831325301,60
0.0,0.0,-0.9385345275644523,0.017005403805673454,0.9667817008967546,-1.20854396043717,0.008471646941718062,1.0299314365705388,0.0,0.9705333261647432,0,3.4136546184738954,60
0.0,0.0,-0.9268666483709856,0.017057679493838265,0.9555178015434204,-1.2014647409978092,0.00023178284351896774,1.0307407928288574,0.0,0.9734162545661981,0,3.21285140562249,60
0.0,0.0,-0.9151661154820114,0.017057910091769005,0.9438382585647486,-1.2009931999970038,-0.00030823692491322645,1.0311544643971164,0.0,0.9762653199999309,0,3.0120481927710845,60
0.0,0.0,-0.9034656405833761,0.01705473635126791,0.9321337921995788,-1.200962402446649,-0.0003434701046335323,1.031551212828177,0.0,0.9791116447661254,0,2.8112449799196786,60
0.0,0.0,-0.8917673567620936,0.01705134120104494,0.9204298888908704,-1.2009603935263349,-0.0003457682037505674,1.0319564107958281,0.0,0.9819572587504117,0,2.610441767068273,60
0.0,0.0,-0.8800714026831455,0.017047932249837996,0.9087282102311268,-1.200960262495523,-0.00034591809544606687,1.0323721103087673,0.0,0.9848022944313022,0,2.409638554216868,60
0.0,0.0,-0.8683777869516976,0.017044523036105808,0.8970288641371609,-1.2009602539491493,-0.0003459278719554448,1.0327988433219055,0.0,0.9876467605542476,0,2.208835341365462,60
0.0,0.0,-0.8566865096916563,0.017041114442579167,0.8853318572088842,-1.20096025339172,-0.00034592850964441734,1.0332370627452199,0.0,0.9904906577959081,0,2.0080321285140563,60
0.0,0.0,-0.8449975704739443,0.01703770652669445,0.8736371894393122,-1.2009602533553723,-0.00034592855124180173,1.0336872390747642,0.0,0.9933339863067472,0,1.8072289156626504,60
0.0,0.0,-0.8333109688335107,0.017034299292069694,0.8619448603907052,-1.2009602533529893,-0.00034592855395746455,1.0341498683534556,0.0,0.9961767462028946,0,1.606425702811245,60
0.0,0.0,-0.8216267043030462,0.01703089273881347,0.8502548695973204,-1.2009602533528354,-0.00034592855413536765,1.0346254744073256,0.0,0.9990189375982189,0,1.4056224899598395,60
0.0,0.0,-0.8099447764151816,0.017027486866805545,0.838567216591677,-1.2009602533528203,-0.0003459285541160939,1.0351146108495233,0.0,1.0018605606064204,0,1.2048192771084336,60
0.0,0.0,-0.7982651847026309,0.017024081675910636,0.8268819009062672,-1.200960253352843,-0.0003459285541226218,1.0356178632296569,0.0,1.004701615341166,0,1.0040160642570282,60
0.0,0.0,-0.7865879286982012,0.01702067716599261,0.8151989220736707,-1.2009602533528325,-0.0003459285541533487,1.0361358513698935,0.0,1.0075421019161015,0,0.8032128514056227,60
0.0,0.0,-0.774913007934793,0.01701727333691521,0.8035182796265578,-1.2009602533528247,-0.00034592855415662685,1.0366692319089588,0.0,1.0103820204448477,0,0.6024096385542173,60
0.0,0.0,-0.7632404219454003,0.017013870188542373,0.7918399730976942,-1.2009602533528174,-0.0003459285541237293,1.0372187010760898,0.0,1.0132213710410043,0,0.4016064257028109,60
0.0,0.0,-0.7515701702631101,0.01701046772073805,0.7801640020199375,-1.2009602533528279,-0.00034592855408910306,1.0377849977195388,0.0,1.0160601538181468,0,0.2008032128514054,60
0.0,0.0,-0.8788856978986028,0.18571725645523254,0.972390428954896,4.660642223575656,2.3987015664732128,1.082949474574828,0.0,0.8625976126267949,0,4.016064257028113,61
0.0,0.0,-0.9528965567247958,0.017460583728157043,0.972390428954896,3.2944138397436404,1.4856336778653696,1.0202896449188412,0.0,0.9561507209469999,1,3.8152610441767063,61
0.0,0.0,-0.9496694300347888,0.01619671261685036,0.972390428954896,-1.2822472025047347,0.12406102137181374,1.0237792577696059,0.0,0.9671402308007268,1,3.614457831325301,61
0.0,0.0,-0.9385345275644523,0.017005403805673454,0.9667817008967546,-1.20854396043717,0.008471646941718062,1.0299314365705388,0.0,0.9705333261647432,1,3.4136546184738954,61
0.0,0.0,-0.9268666483709856,0.017057679493838265,0.9555178015434204,-1.2014647409978092,0.00023178284351896774,1.0307407928288574,0.0,0.9734162545661981,1,3.21285140562249,61
0.0,0.0,-0.9151661154820114,0.017057910091769005,0.9438382585647486,-1.2009931999970038,-0.00030823692491322645,1.0311544643971164,0.0,0.9762653199999309,1,3.0120481927710845,61
0.0,0.0,-0.9034656405833761,0.01705473635126791,0.9321337921995788,-1.200962402446649,-0.0003434701046335323,1.031551212828177,0.0,0.9791116447661254,1,2.8112449799196786,61
0.0,0.0,-0.8917673567620936,0.01705134120104494,0.9204298888908704,-1.2009603935263349,-0.0003457682037505674,1.0319564107958281,0.0,0.9819572587504117,1,2.610441767068273,61
0.0,0.0,-0.8800714026831455,0.017047932249837996,0.9087282102311268,-1.200960262495523,-0.00034591809544606687,1.0323721103087673,0.0,0.9848022944313022,1,2.409638554216868,61
0.0,0.0,-0.8683777869516976,0.017044523036105808,0.8970288641371609,-1.2009602539491493,-0.0003459278719554448,1.0327988433219055,0.0,0.9876467605542476,1,2.208835341365462,61
0.0,0.0,-0.8566865096916563,0.017041114442579167,0.8853318572088842,-1.20096025339172,-0.00034592850964441734,1.0332370627452199,0.0,0.9904906577959081,1,2.0080321285140563,61
0.0,0.0,-0.8449975704739443,0.01703770652669445,0.8736371894393122,-1.2009602533553723,-0.00034592855124180173,1.0336872390747642,0.0,0.9933339863067472,1,1.8072289156626504,61
0.0,0.0,-0.8333109688335107,0.017034299292069694,0.8619448603907052,-1.2009602533529893,-0.00034592855395746455,1.0341498683534556,0.0,0.9961767462028946,1,1.606425702811245,61
0.0,0.0,-0.8216267043030462,0.01703089273881347,0.8502548695973204,-1.2009602533528354,-0.00034592855413536765,1.0346254744073256,0.0,0.9990189375982189,1,1.4056224899598395,61
0.0,0.0,-0.8099447764151816,0.017027486866805545,0.838567216591677,-1.2009602533528203,-0.0003459285541160939,1.0351146108495233,0.0,1.0018605606064204,1,1.2048192771084336,61
0.0,0.0,-0.7982651847026309,0.017024081675910636,0.8268819009062672,-1.200960253352843,-0.0003459285541226218,1.0356178632296569,0.0,1.004701615341166,1,1.0040160642570282,61
0.0,0.0,-0.7865879286982012,0.01702067716599261,0.8151989220736707,-1.2009602533528325,-0.0003459285541533487,1.0361358513698935,0.0,1.0075421019161015,1,0.8032128514056227,61
0.0,0.0,-0.774913007934793,0.01701727333691521,0.8035182796265578,-1.2009602533528247,-0.00034592855415662685,1.0366692319089588,0.0,1.0103820204448477,1,0.6024096385542173,61
0.0,0.0,-0.7632404219454003,0.017013870188542373,0.7918399730976942,-1.2009602533528174,-0.0003459285541237293,1.0372187010760898,0.0,1.0132213710410043,1,0.4016064257028109,61
0.0,0.0,-0.7515701702631101,0.01701046772073805,0.7801640020199375,-1.2009602533528279,-0.00034592855408910306,1.0377849977195388,0.0,1.0160601538181468,1,0.2008032128514054,61
0.0,0.0,-0.8788856978986028,0.18571725645523254,0.972390428954896,4.660642223575656,2.3987015664732128,1.082949474574828,0.0,0.8625976126267949,0,4.016064257028113,62
0.0,0.0,-0.9528965567247958,0.017460583728157043,0.972390428954896,3.2944138397436404,1.4856336778653696,1.0202896449188412,0.0,0.9561507209469999,0,3.8152610441767063,62
0.0,0.0,-0.9496694300347888,0.01619671261685036,0.972390428954896,-1.2822472025047347,0.12406102137181374,1.0237792577696059,0.0,0.9671402308007268,0,3.614457831325301,62
0.0,0.0,-0.9385345275644523,0.017005403805673454,0.9667817008967546,-1.20854396043717,0.008471646941718062,1.0299314365705388,0.0,0.9705333261647432,0,3.4136546184738954,62
0.0,0.0,-0.9268666483709856,0.017057679493838265,0.9555178015434204,-1.2014647409978092,0.00023178284351896774,1.0307407928288574,0.0,0.9734162545661981,0,3.21285140562249,62
0.0,0.0,-0.9151661154820114,0.017057910091769005,0.9438382585647486,-1.2009931999970038,-0.00030823692491322645,1.0311544643971164,0.0,0.9762653199999309,0,3.0120481927710845,62
0.0,0.0,-0.9034656405833761,0.01705473635126791,0.9321337921995788,-1.200962402446649,-0.0003434701046335323,1.031551212828177,0.0,0.9791116447661254,0,2.8112449799196786,62
0.0,0.0,-0.8917673567620936,0.01705134120104494,0.9204298888908704,-1.2009603935263349,-0.0003457682037505674,1.0319564107958281,0.0,0.9819572587504117,0,2.610441767068273,62
0.15,0.45456864504849487,-0.7392743714221268,0.43614956702349555,0.9087282102311268,5.158438800201187,2.6696090747069126,1.0614444645906649,0.016206482593037214,1.0008544764054803,2,2.409638554216868,62
0.45,0.6943650748294136,-0.4715648454579808,0.626968485782328,0.8970288641371609,-1.199927671470181,0.8835874345443028,1.1507928197402932,0.03781512605042016,1.0601371838149876,2,2.208835341365462,62
0.75,0.7576144084141581,-0.20842173346663898,0.6708645769158168,0.8853318572088842,-1.9823093657441677,0.011383848595913652,1.2719212576919534,0.045018007202881134,1.1237613738001329,2,2.0080321285140563,62
1.05,0.6943650748294137,0.05442141223451252,0.6097241570907004,0.8736371894393122,-1.239387285846389,-0.8569041695206937,1.44153961082499,0.03781512605042016,1.1876681448767703,2,1.8072289156626504,62
1.35,0.45456864504849487,0.3172428117018248,0.3984243114259671,0.8619448603907052,4.950397787874801,-2.6092101308836972,1.7028694953937,0.016206482593037207,1.2515928118416524,2,1.606425702811245,62
1.5,1.2285357956997882e-16,0.4392635771388839,0.013622428840630888,0.467806288384623,-1.1511748461393876,0.28509615236728403,1.0644770315164036,-1.2684018023958378e-17,1.2994659324215303,2,1.4056224899598395,62
1.5,1.2688263138573217e-16,0.44606304442666894,0.01653214462970419,0.4743357316333938,-1.2553622030012093,0.07194623158789284,1.0626677037869108,4.9859268185369136e-18,1.3069525038218983,2,1.2048192771084336,62
1.5,1.2285357956997882e-16,0.457424245658342,0.016990992135847083,0.4860095953112739,-1.2052161405760113,0.004566450402474316,1.0617743890566962,-1.2684018023958378e-17,1.3100964606122616,2,1.0040160642570282,62
1.5,1.18687833744435e-16,0.46908073907877623,0.017018516109385526,0.4976811299342643,-1.2012408484553825,-2.475709879769803e-05,1.060287506628912,-1.2684018023958378e-17,1.3129566997544055,2,0.8032128514056227,62
1.5,1.18687833744435e-16,0.4807543058918622,0.017017132398294887,0.5093503308195708,-1.2009785677148337,-0.00032497719237337277,1.0588317238335119,4.9859268185369136e-18,1.3157979063691982,2,0.6024096385542173,62
1.5,1.18687833744435e-16,0.4924268035887055,0.0170138609977254,0.5210171980981566,-1.2009614479452946,-0.0003445620063621106,1.057441822086326,-1.2684018023958378e-17,1.3186373409628243,2,0.4016064257028109,62
1.5,1.3457935360146644e-16,0.5040970495133441,0.017010467121394795,0.5326817322148065,-1.2009603312692851,-0.00034583942219742445,1.0561156191533256,-2.0192629026742142e-18,1.3214761292175317,2,0.2008032128514054,62
0.0,0.0,-0.8788856978986028,0.18571725645523254,0.972390428954896,4.660642223575656,2.3987015664732128,1.082949474574828,0.0,0.8625976126267949,0,4.016064257028113,63
0.0,0.0,-0.9528965567247958,0.017460583728157043,0.972390428954896,3.2944138397436404,1.4856336778653696,1.0202896449188412,0.0,0.9561507209469999,0,3.8152610441767063,63
0.0,0.0,-0.9496694300347888,0.01619671261685036,0.972390428954896,-1.2822472025047347,0.12406102137181374,1.0237792577696059,0.0,0.9671402308007268,0,3.614457831325301,63
0.0,0.0,-0.9385345275644523,0.017005403805673454,0.9667817008967546,-1.20854396043717,0.008471646941718062,1.0299314365705388,0.0,0.9705333261647432,0,3.4136546184738954,63
0.0,0.0,-0.9268666483709856,0.017057679493838265,0.9555178015434204,-1.2014647409978092,0.00023178284351896774,1.0307407928288574,0.0,0.9734162545661981,0,3.21285140562249,63
0.0,0.0,-0.9151661154820114,0.017057910091769005,0.9438382585647486,-1.2009931999970038,-0.00030823692491322645,1.0311544643971164,0.0,0.9762653199999309,0,3.0120481927710845,63
0.0,0.0,-0.9034656405833761,0.01705473635126791,0.9321337921995788,-1.200962402446649,-0.0003434701046335323,1.031551212828177,0.0,0.9791116447661254,0,2.8112449799196786,63
0.0,0.0,-0.8917673567620936,0.01705134120104494,0.9204298888908704,-1.2009603935263349,-0.0003457682037505674,1.0319564107958281,0.0,0.9819572587504117,0,2.610441767068273,63
2.792896953656976e-05,0.00019748763750860985,-0.8800974175203387,0.017008260045189565,0.9087282102311268,-1.2054433234910218,-0.006285939244217287,1.0323424876204301,3.0175357242392295e-06,0.9847991147810308,3,2.409638554216868,63
0.00013962418201041437,0.0005085297217096691,-0.8685049246868689,0.016872649976191256,0.8970288641371609,-1.209992924148343,-0.02040230084036339,1.0326516211949561,1.3476117590127302e-05,0.9876280893643736,3,2.208835341365462,63
0.0002513071086642782,0.0006728308088143963,-0.8569010075567819,0.016859466443699973,0.8853318572088842,-1.1660675471047186,0.006897508459420841,1.0329827682294546,1.6156525166106294e-05,0.9904434140879234,3,2.0080321285140563,63
0.00036296714230883817,0.0007881994818759391,-0.8453047017008474,0.016899647171765113,0.8736371894393122,-1.1744102708676618,0.028377698957609984,1.0333151295749479,1.3606185281593014e-05,0.993263209683818,3,1.8072289156626504,63
0.00044668983851379795,0.0008193273877944058,-0.8336926804850819,0.017004029797952236,0.8619448603907052,-1.2264814952221355,0.020997954280998262,1.0336773202764238,4.552290842032326e-06,0.9960931992686387,3,1.606425702811245,63
0.0004466613652039941,0.0008192937321839877,-0.8220019408580878,0.017182185570765337,0.8502233902036551,-1.2224674612006154,0.0026159109699313305,1.034111207682995,-1.0060866716446956e-05,0.998929259028328,3,1.4056224899598395,63
0.00039076268128284574,0.0007481512035025022,-0.8102634400526142,0.017186980078669856,0.8412368901485205,-1.1761761826664072,-0.0148962774375379,1.0379975761895743,-1.1802559928352526e-05,1.0017729598493341,3,1.2048192771084336,63
0.0004464330760584795,0.0008188084578143646,-0.7986409556107066,0.017023900396595803,0.8272537788480309,-1.160102902675834,-0.023290317954862604,1.0355963482795993,1.8637237973300378e-06,1.004612673419314,3,1.0040160642570282,63
0.0004463186820658127,0.000818570351861169,-0.7869632603698419,0.01695038936291874,0.8165551800424931,-1.1679717868407424,0.00821452641130813,1.0373668776014262,7.895256206878553e-06,1.0074528565189054,3,0.8032128514056227,63
0.0005856437663080793,0.001019176379701653,-0.7754063682641967,0.016814750001000533,0.8034253116034457,-1.1960819956971382,0.017858023059455958,1.0358958657370194,1.8539346025303642e-05,1.010265736998372,3,0.6024096385542173,63
0.000613492948761224,0.0010218679815989999,-0.7637534012228128,0.01707110746448694,0.793187560427417,-1.1858758592364493,0.027000282716292543,1.038284683687942,-8.122037409971025e-07,1.0130959029766204,3,0.4016064257028109,63
0.0006134355073748854,0.0010218231984496882,-0.7520846086927118,0.017261664429437683,0.7805515949405627,-1.1907932813887008,0.00010566200068095688,1.037582985968332,-1.647848060619501e-05,1.0159361313654127,3,0.2008032128514054,63
0.0,0.0,-0.8788856978986028,0.18571725645523254,0.972390428954896,4.660642223575656,2.3987015664732128,1.082949474574828,0.0,0.8625976126267949,0,4.016064257028113,64
0.0,0.0,-0.9528965567247958,0.017460583728157043,0.972390428954896,3.2944138397436404,1.4856336778653696,1.0202896449188412,0.0,0.9561507209469999,0,3.8152610441767063,64
0.0,0.0,-0.9496694300347888,0.01619671261685036,0.972390428954896,-1.2822472025047347,0.12406102137181374,1.0237792577696059,0.0,0.9671402308007268,0,3.614457831325301,64
0.0,0.0,-0.9385345275644523,0.017005403805673454,0.9667817008967546,-1.20854396043717,0.008471646941718062,1.0299314365705388,0.0,0.9705333261647432,0,3.4136546184738954,64
0.0,0.0,-0.9268666483709856,0.017057679493838265,0.9555178015434204,-1.2014647409978092,0.00023178284351896774,1.0307407928288574,0.0,0.9734162545661981,0,3.21285140562249,64
0.0,0.0,-0.9151661154820114,0.017057910091769005,0.9438382585647486,-1.2009931999970038,-0.00030823692491322645,1.0311544643971164,0.0,0.9762653199999309,0,3.0120481927710845,64
0.0,0.0,-0.9034656405833761,0.01705473635126791,0.9321337921995788,-1.200962402446649,-0.0003434701046335323,1.031551212828177,0.0,0.9791116447661254,0,2.8112449799196786,64
0.0,0.0,-0.8917673567620936,0.01705134120104494,0.9204298888908704,-1.2009603935263349,-0.0003457682037505674,1.0319564107958281,0.0,0.9819572587504117,0,2.610441767068273,64
0.00041894012906589726,0.0014176739195425492,-0.8804721420288751,0.016441225306195597,0.9087282102311268,-1.279793684262268,-0.09656595560168853,1.0319156551502409,4.6604752972370344e-05,0.9847645992793274,4,2.409638554216868,64
0.0033512976108248465,0.006154814261058471,-0.8714091524468737,0.013342557636857603,0.8970288641371609,-1.219650914322021,-0.47423423493864597,1.02928209109814,0.00031916907324562924,0.9871793646143668,4,2.208835341365462,64
0.009075825989379217,0.01165188540406945,-0.8646993586710009,0.008985464732317183,0.8853318572088842,-0.4868820355951895,-0.9996099037891948,1.0238067232909946,0.0007190773666546099,0.989037887685909,4,2.0080321285140563,64
0.017591966880806043,0.016653176227829032,-0.8603296385188609,0.004394143820628768,0.8736371894393122,1.9672605163071095,-1.8277036641000635,1.015454987595995,0.0011121981731547553,0.9903282435959149,4,1.8072289156626504,64
0.028899162012849103,0.01991239694477584,-0.8582986989944122,0.0007029930450787007,0.8619448603907052,15.68382821286604,-3.784077791859711,1.004247796327067,0.0013644268565792782,0.9910497610782484,4,1.606425702811245,64
0.04257791309583067,0.020345163811072802,-0.8582052792372342,3.763318461226068e-05,0.8582207706123105,9.161159369647482,3.0649072188708244,1.0000180499547275,0.0013956667116244437,0.9912401978588581,4,1.4056224899598395,64
0.05653318485713385,0.020341095144504027,-0.8582197606712052,2.4541002431202504e-06,0.8582207708803525,9.16115936994638,3.064907218929708,1.0000011770944404,0.0013953876034027816,0.9912539748289045,4,1.2048192771084336,64
0.07048566581526626,0.02033702729159532,-0.8582207050210121,1.600345031866871e-07,0.8582207708978319,9.161159356626914,3.064907215717404,1.000000076759748,0.0013951085509977385,0.991254873239865,4,1.0040160642570282,64
0.0844353565283383,0.02033296025218396,-0.8582207666030738,1.043602124428613e-08,0.8582207708989714,9.161159390006732,3.0649072271094266,1.0000000050055857,0.0013948295543981535,0.9912549318262053,4,0.8032128514056227,64
0.09838225755434876,0.020328894026107266,-0.8582207706189058,6.805440767411783e-10,0.858220770899046,9.16115769904257,3.064906818872237,1.0000000003264198,0.0013945506135928654,0.9912549356466833,4,0.6024096385542173,64
0.11232636945118486,0.020324828613202586,-0.8582207708807826,4.4378963404955396e-11,0.8582207708990509,9.161158815011051,3.0649076347438555,1.0000000000212863,0.0013942717285707164,0.9912549358958205,4,0.4016064257028109,64
0.12626769277662223,0.020320764013307374,-0.85822077089786,2.8939654534066818e-12,0.8582207708990509,9.161853616484722,3.065078526413101,1.0000000000013878,0.0013939928993205576,0.9912549359120671,4,0.2008032128514054,64
0.0,0.0,-0.8788856978986028,0.18571725645523254,0.972390428954896,4.660642223575656,2.3987015664732128,1.082949474574828,0.0,0.8625976126267949,0,4.016064257028113,65
0.0,0.0,-0.9528965567247958,0.017460583728157043,0.972390428954896,3.2944138397436404,1.4856336778653696,1.0202896449188412,0.0,0.9561507209469999,0,3.8152610441767063,65
0.0,0.0,-0.9496694300347888,0.01619671261685036,0.972390428954896,-1.2822472025047347,0.12406102137181374,1.0237792577696059,0.0,0.9671402308007268,0,3.614457831325301,65
0.0,0.0,-0.9385345275644523,0.017005403805673454,0.9667817008967546,-1.20854396043717,0.008471646941718062,1.0299314365705388,0.0,0.9705333261647432,0,3.4136546184738954,65
0.0,0.0,-0.9268666483709856,0.017057679493838265,0.9555178015434204,-1.2014647409978092,0.00023178284351896774,1.0307407928288574,0.0,0.9734162545661981,0,3.21285140562249,65
0.0,0.0,-0.9151661154820114,0.017057910091769005,0.9438382585647486,-1.2009931999970038,-0.00030823692491322645,1.0311544643971164,0.0,0.9762653199999309,0,3.0120481927710845,65
0.0,0.0,-0.9034656405833761,0.01705473635126791,0.9321337921995788,-1.200962402446649,-0.0003434701046335323,1.031551212828177,0.0,0.9791116447661254,0,2.8112449799196786,65
0.0,0.0,-0.8917673567620936,0.01705134120104494,0.9204298888908704,-1.2009603935263349,-0.0003457682037505674,1.0319564107958281,0.0,0.9819572587504117,0,2.610441767068273,65
0.0,0.0,-0.8800714026831455,0.017047932249837996,0.9087282102311268,-1.200960262495523,-0.00034591809544606687,1.0323721103087673,0.0,0.9848022944313022,0,2.409638554216868,65
0.0,0.0,-0.8683777869516976,0.017044523036105808,0.8970288641371609,-1.2009602539491493,-0.0003459278719554448,1.0327988433219055,0.0,0.9876467605542476,0,2.208835341365462,65
0.0,0.0,-0.8566865096916563,0.017041114442579167,0.8853318572088842,-1.20096025339172,-0.00034592850964441734,1.0332370627452199,0.0,0.9904906577959081,0,2.0080321285140563,65
0.0,0.0,-0.8449975704739443,0.01703770652669445,0.8736371894393122,-1.2009602533553723,-0.00034592855124180173,1.0336872390747642,0.0,0.9933339863067472,0,1.8072289156626504,65
0.0,0.0,-0.8333109688335107,0.017034299292069694,0.8619448603907052,-1.2009602533529893,-0.00034592855395746455,1.0341498683534556,0.0,0.9961767462028946,0,1.606425702811245,65
0.0,0.0,-0.8216267043030462,0.01703089273881347,0.8502548695973204,-1.2009602533528354,-0.00034592855413536765,1.0346254744073256,0.0,0.9990189375982189,0,1.4056224899598395,65
0.0,0.0,-0.8099447764151816,0.017027486866805545,0.838567216591677,-1.2009602533528203,-0.0003459285541160939,1.0351146108495233,0.0,1.0018605606064204,0,1.2048192771084336,65
0.0,0.0,-0.7982651847026309,0.017024081675910636,0.8268819009062672,-1.200960253352843,-0.0003459285541226218,1.0356178632296569,0.0,1.004701615341166,0,1.0040160642570282,65
0.0,0.0,-0.7865879286982012,0.01702067716599261,0.8151989220736707,-1.2009602533528325,-0.0003459285541533487,1.0361358513698935,0.0,1.0075421019161015,0,0.8032128514056227,65
0.0,0.0,-0.774913007934793,0.01701727333691521,0.8035182796265578,-1.2009602533528247,-0.00034592855415662685,1.0366692319089588,0.0,1.0103820204448477,0,0.6024096385542173,65
0.0,0.0,-0.7632404219454003,0.017013870188542373,0.7918399730976942,-1.2009602533528174,-0.0003459285541237293,1.0372187010760898,0.0,1.0132213710410043,0,0.4016064257028109,65
0.0,0.0,-0.7515701702631101,0.01701046772073805,0.7801640020199375,-1.2009602533528279,-0.00034592855408910306,1.0377849977195388,0.0,1.0160601538181468,0,0.2008032128514054,65
0.0,0.0,-0.8788856978986028,0.18571725645523254,0.972390428954896,4.660642223575656,2.3987015664732128,1.082949474574828,0.0,0.8625976126267949,0,4.016064257028113,66
0.0,0.0,-0.9528965567247958,0.017460583728157043,0.972390428954896,3.2944138397436404,1.4856336778653696,1.0202896449188412,0.0,0.9561507209469999,1,3.8152610441767063,66
0.0,0.0,-0.9496694300347888,0.01619671261685036,0.972390428954896,-1.2822472025047347,0.12406102137181374,1.0237792577696059,0.0,0.9671402308007268,1,3.614457831325301,66
0.0,0.0,-0.9385345275644523,0.017005403805673454,0.9667817008967546,-1.20854396043717,0.008471646941718062,1.0299314365705388,0.0,0.9705333261647432,1,3.4136546184738954,66
0.0,0.0,-0.9268666483709856,0.017057679493838265,0.9555178015434204,-1.2014647409978092,0.00023178284351896774,1.0307407928288574,0.0,0.9734162545661981,1,3.21285140562249,66
0.0,0.0,-0.9151661154820114,0.017057910091769005,0.9438382585647486,-1.2009931999970038,-0.00030823692491322645,1.0311544643971164,0.0,0.9762653199999309,1,3.0120481927710845,66
0.0,0.0,-0.9034656405833761,0.01705473635126791,0.9321337921995788,-1.200962402446649,-0.0003434701046335323,1.031551212828177,0.0,0.9791116447661254,1,2.8112449799196786,66
0.0,0.0,-0.8917673567620936,0.01705134120104494,0.9204298888908704,-1.2009603935263349,-0.0003457682037505674,1.0319564107958281,0.0,0.9819572587504117,1,2.610441767068273,66
0.0,0.0,-0.8800714026831455,0.017047932249837996,0.9087282102311268,-1.200960262495523,-0.00034591809544606687,1.0323721103087673,0.0,0.9848022944313022,1,2.409638554216868,66
0.0,0.0,-0.8683777869516976,0.017044523036105808,0.8970288641371609,-1.2009602539491493,-0.0003459278719554448,1.0327988433219055,0.0,0.9876467605542476,1,2.208835341365462,66
0.0,0.0,-0.8566865096916563,0.017041114442579167,0.8853318572088842,-1.20096025339172,-0.00034592850964441734,1.0332370627452199,0.0,0.9904906577959081,1,2.0080321285140563,66
0.0,0.0,-0.8449975704739443,0.01703770652669445,0.8736371894393122,-1.2009602533553723,-0.00034592855124180173,1.0336872390747642,0.0,0.9933339863067472,1,1.8072289156626504,66
0.0,0.0,-0.8333109688335107,0.017034299292069694,0.8619448603907052,-1.2009602533529893,-0.00034592855395746455,1.0341498683534556,0.0,0.9961767462028946,1,1.606425702811245,66
0.0,0.0,-0.8216267043030462,0.01703089273881347,0.8502548695973204,-1.2009602533528354,-0.00034592855413536765,1.0346254744073256,0.0,0.9990189375982189,1,1.4056224899598395,66
0.0,0.0,-0.8099447764151816,0.017027486866805545,0.838567216591677,-1.2009602533528203,-0.0003459285541160939,1.0351146108495233,0.0,1.0018605606064204,1,1.2048192771084336,66
0.0,0.0,-0.7982651847026309,0.017024081675910636,0.8268819009062672,-1.200960253352843,-0.0003459285541226218,1.0356178632296569,0.0,1.004701615341166,1,1.0040160642570282,66
0.0,0.0,-0.7865879286982012,0.01702067716599261,0.8151989220736707,-1.2009602533528325,-0.0003459285541533487,1.0361358513698935,0.0,1.0075421019161015,1,0.8032128514056227,66
0.0,0.0,-0.774913007934793,0.01701727333691521,0.8035182796265578,-1.2009602533528247,-0.00034592855415662685,1.0366692319089588,0.0,1.0103820204448477,1,0.6024096385542173,66
0.0,0.0,-0.7632404219454003,0.017013870188542373,0.7918399730976942,-1.2009602533528174,-0.0003459285541237293,1.0372187010760898,0.0,1.0132213710410043,1,0.4016064257028109,66
0.0,0.0,-0.7515701702631101,0.01701046772073805,0.7801640020199375,-1.2009602533528279,-0.00034592855408910306,1.0377849977195388,0.0,1.0160601538181468,1,0.2008032128514054,66
0.0,0.0,-0.8788856978986028,0.18571725645523254,0.972390428954896,4.660642223575656,2.3987015664732128,1.082949474574828,0.0,0.8625976126267949,0,4.016064257028113,67
0.0,0.0,-0.9528965567247958,0.017460583728157043,0.972390428954896,3.2944138397436404,1.4856336778653696,1.0202896449188412,0.0,0.9561507209469999,0,3.8152610441767063,67
0.0,0.0,-0.9496694300347888,0.01619671261685036,0.972390428954896,-1.2822472025047347,0.12406102137181374,1.0237792577696059,0.0,0.9671402308007268,0,3.614457831325301,67
0.0,0.0,-0.9385345275644523,0.017005403805673454,0.9667817008967546,-1.20854396043717,0.008471646941718062,1.0299314365705388,0.0,0.9705333261647432,0,3.4136546184738954,67
0.0,0.0,-0.9268666483709856,0.017057679493838265,0.9555178015434204,-1.2014647409978092,0.00023178284351896774,1.0307407928288574,0.0,0.9734162545661981,0,3.21285140562249,67
0.0,0.0,-0.9151661154820114,0.017057910091769005,0.9438382585647486,-1.2009931999970038,-0.00030823692491322645,1.0311544643971164,0.0,0.9762653199999309,0,3.0120481927710845,67
0.0,0.0,-0.9034656405833761,0.01705473635126791,0.9321337921995788,-1.200962402446649,-0.0003434701046335323,1.031551212828177,0.0,0.9791116447661254,0,2.8112449799196786,67
0.0,0.0,-0.8917673567620936,0.01705134120104494,0.9204298888908704,-1.2009603935263349,-0.0003457682037505674,1.0319564107958281,0.0,0.9819572587504117,0,2.610441767068273,67
0.15,0.45456864504849487,-0.7392743714221268,0.43614956702349555,0.9087282102311268,5.158438800201187,2.6696090747069126,1.0614444645906649,0.016206482593037214,1.0008544764054803,2,2.409638554216868,67
0.45,0.6943650748294136,-0.4715648454579808,0.626968485782328,0.8970288641371609,-1.199927671470181,0.8835874345443028,1.1507928197402932,0.03781512605042016,1.0601371838149876,2,2.208835341365462,67
0.75,0.7576144084141581,-0.20842173346663898,0.6708645769158168,0.8853318572088842,-1.9823093657441677,0.011383848595913652,1.2719212576919534,0.045018007202881134,1.1237613738001329,2,2.0080321285140563,67
1.05,0.6943650748294137,0.05442141223451252,0.6097241570907004,0.8736371894393122,-1.239387285846389,-0.8569041695206937,1.44153961082499,0.03781512605042016,1.1876681448767703,2,1.8072289156626504,67
1.35,0.45456864504849487,0.3172428117018248,0.3984243114259671,0.8619448603907052,4.950397787874801,-2.6092101308836972,1.7028694953937,0.016206482593037207,1.2515928118416524,2,1.606425702811245,67
1.5,1.2285357956997882e-16,0.4392635771388839,0.013622428840630888,0.467806288384623,-1.1511748461393876,0.28509615236728403,1.0644770315164036,-1.2684018023958378e-17,1.2994659324215303,2,1.4056224899598395,67
1.5,1.2688263138573217e-16,0.44606304442666894,0.01653214462970419,0.4743357316333938,-1.2553622030012093,0.07194623158789284,1.0626677037869108,4.9859268185369136e-18,1.3069525038218983,2,1.2048192771084336,67
1.5,1.2285357956997882e-16,0.457424245658342,0.016990992135847083,0.4860095953112739,-1.2052161405760113,0.004566450402474316,1.0617743890566962,-1.2684018023958378e-17,1.3100964606122616,2,1.0040160642570282,67
1.5,1.18687833744435e-16,0.46908073907877623,0.017018516109385526,0.4976811299342643,-1.2012408484553825,-2.475709879769803e-05,1.060287506628912,-1.2684018023958378e-17,1.3129566997544055,2,0.8032128514056227,67
1.5,1.18687833744435e-16,0.4807543058918622,0.017017132398294887,0.5093503308195708,-1.2009785677148337,-0.00032497719237337277,1.0588317238335119,4.9859268185369136e-18,1.3157979063691982,2,0.6024096385542173,67
1.5,1.18687833744435e-16,0.4924268035887055,0.0170138609977254,0.5210171980981566,-1.2009614479452946,-0.0003445620063621106,1.057441822086326,-1.2684018023958378e-17,1.3186373409628243,2,0.4016064257028109,67
1.5,1.3457935360146644e-16,0.5040970495133441,0.017010467121394795,0.5326817322148065,-1.2009603312692851,-0.00034583942219742445,1.0561156191533256,-2.0192629026742142e-18,1.3214761292175317,2,0.2008032128514054,67
0.0,0.0,-0.8788856978986028,0.18571725645523254,0.972390428954896,4.660642223575656,2.3987015664732128,1.082949474574828,0.0,0.8625976126267949,0,4.016064257028113,68
0.0,0.0,-0.9528965567247958,0.017460583728157043,0.972390428954896,3.2944138397436404,1.4856336778653696,1.0202896449188412,0.0,0.9561507209469999,0,3.8152610441767063,68
0.0,0.0,-0.9496694300347888,0.01619671261685036,0.972390428954896,-1.2822472025047347,0.12406102137181374,1.0237792577696059,0.0,0.9671402308007268,0,3.614457831325301,68
0.0,0.0,-0.9385345275644523,0.017005403805673454,0.9667817008967546,-1.20854396043717,0.008471646941718062,1.0299314365705388,0.0,0.9705333261647432,0,3.4136546184738954,68
0.0,0.0,-0.9268666483709856,0.017057679493838265,0.9555178015434204,-1.2014647409978092,0.00023178284351896774,1.0307407928288574,0.0,0.9734162545661981,0,3.21285140562249,68
0.0,0.0,-0.9151661154820114,0.017057910091769005,0.9438382585647486,-1.2009931999970038,-0.00030823692491322645,1.0311544643971164,0.0,0.9762653199999309,0,3.0120481927710845,68
0.0,0.0,-0.9034656405833761,0.01705473635126791,0.9321337921995788,-1.200962402446649,-0.0003434701046335323,1.031551212828177,0.0,0.9791116447661254,0,2.8112449799196786,68
0.0,0.0,-0.8917673567620936,0.01705134120104494,0.9204298888908704,-1.2009603935263349,-0.0003457682037505674,1.0319564107958281,0.0,0.9819572587504117,0,2.610441767068273,68
2.793008672886621e-05,0.00019749553725109691,-0.880096309759988,0.017013770923267814,0.9087282102311268,-1.2011988599006682,-0.0040750897452738605,1.032343664134536,2.7494203022413307e-06,0.9847980597916047,3,2.409638554216868,68
0.00013962474089140699,0.0005085217444463788,-0.8685078382490192,0.016868460913681743,0.8970288641371609,-1.2183605080605104,-0.022594632415380525,1.0326482530444563,1.3341888257235912e-05,0.9876308606344808,3,2.208835341365462,68
0.00019546369140414132,0.0005648380669467208,-0.8568541395450293,0.016906283117458006,0.8853318572088842,-1.1813017357451567,0.004581210921656526,1.0330381591981062,1.1865787776912555e-05,0.9904546694350148,3,2.0080321285140563,68
0.0002792059252679169,0.0006306707391373377,-0.8452357424413178,0.016929094072586182,0.8736371894393122,-1.192967736114362,0.01480681547028282,1.0333986946639147,1.0187078519753183e-05,0.9932813662338857,3,1.8072289156626504,68
0.000335023102542909,0.000665011179199414,-0.8335939081329069,0.017035618528109208,0.8619448603907052,-1.2025704685270913,0.016283052165390728,1.0337989670019259,1.8723827394294906e-06,0.9961108985328763,3,1.606425702811245,68
0.00047450659602169264,0.0008273030111903007,-0.8220345443839646,0.016969639649316512,0.8504684574450463,-1.2118049940172184,-0.01727652119276274,1.0343737115393823,6.355292183644582e-06,0.9989324312920701,3,1.4056224899598395,68
0.0005022982417207017,0.0008342615693682921,-0.8103610157142662,0.016893634683003842,0.8386749002550068,-1.1820449765803835,0.0025418558702961095,1.034719516485883,1.1514686386717046e-05,1.0017542532843209,3,1.2048192771084336,68
0.0005022446614257631,0.0008342030418047659,-0.7986835913326089,0.017055580746289677,0.8282298646239242,-1.1702451002933154,0.022512355577315478,1.0367620769798225,2.607055350283907e-07,1.0045974234982633,3,1.0040160642570282,68
0.0005858150311265898,0.0008951127009872321,-0.7870868720150633,0.01697690289652335,0.815145817053942,-1.2339262603240717,0.0006216696461999488,1.0354130973931939,5.146090334552558e-06,1.0074309586022239,3,0.8032128514056227,68
0.0006972809011427378,0.0009450344016635398,-0.7755046272354319,0.017040600113614742,0.8034885629831671,-1.1885707002968506,-0.01835914688422712,1.0358397674902293,9.884785852813848e-07,1.0102475789282628,3,0.6024096385542173,68
0.0006971280648979528,0.0010252738878726597,-0.7638159939742337,0.016997125439583413,0.793089780524235,-1.1371198106634384,0.015416646467043662,1.0380738532860858,4.4731495923636294e-06,1.0130718157245402,3,0.4016064257028109,68
0.0007805969988197515,0.0011320027321702363,-0.7522263279862327,0.016894976271178662,0.7803100104706663,-1.1963047138971128,0.02215403460596314,1.0370777723645874,1.2571231078825112e-05,1.015903795089878,3,0.2008032128514054,68
0.0,0.0,-0.8788856978986028,0.18571725645523254,0.972390428954896,4.660642223575656,2.3987015664732128,1.082949474574828,0.0,0.8625976126267949,0,4.016064257028113,69
0.0,0.0,-0.9528965567247958,0.017460583728157043,0.972390428954896,3.2944138397436404,1.4856336778653696,1.0202896449188412,0.0,0.9561507209469999,0,3.8152610441767063,69
0.0,0.0,-0.9496694300347888,0.01619671261685036,0.972390428954896,-1.2822472025047347,0.12406102137181374,1.0237792577696059,0.0,0.9671402308007268,0,3.614457831325301,69
0.0,0.0,-0.9385345275644523,0.017005403805673454,0.9667817008967546,-1.20854396043717,0.008471646941718062,1.0299314365705388,0.0,0.9705333261647432,0,3.4136546184738954,69
0.0,0.0,-0.9268666483709856,0.017057679493838265,0.9555178015434204,-1.2014647409978092,0.00023178284351896774,1.0307407928288574,0.0,0.9734162545661981,0,3.21285140562249,69
0.0,0.0,-0.9151661154820114,0.017057910091769005,0.9438382585647486,-1.2009931999970038,-0.00030823692491322645,1.0311544643971164,0.0,0.9762653199999309,0,3.0120481927710845,69
0.0,0.0,-0.9034656405833761,0.01705473635126791,0.9321337921995788,-1.200962402446649,-0.0003434701046335323,1.031551212828177,0.0,0.9791116447661254,0,2.8112449799196786,69
0.0,0.0,-0.8917673567620936,0.01705134120104494,0.9204298888908704,-1.2009603935263349,-0.0003457682037505674,1.0319564107958281,0.0,0.9819572587504117,0,2.610441767068273,69
0.00041894012906589726,0.0014176739195425492,-0.8804721420288751,0.016441225306195597,0.9087282102311268,-1.279793684262268,-0.09656595560168853,1.0319156551502409,4.6604752972370344e-05,0.9847645992793274,4,2.409638554216868,69
0.0033512976108248465,0.006154814261058471,-0.8714091524468737,0.013342557636857603,0.8970288641371609,-1.219650914322021,-0.47423423493864597,1.02928209109814,0.00031916907324562924,0.9871793646143668,4,2.208835341365462,69
0.009075825989379217,0.01165188540406945,-0.8646993586710009,0.008985464732317183,0.8853318572088842,-0.4868820355951895,-0.9996099037891948,1.0238067232909946,0.0007190773666546099,0.989037887685909,4,2.0080321285140563,69
0.017591966880806043,0.016653176227829032,-0.8603296385188609,0.004394143820628768,0.8736371894393122,1.9672605163071095,-1.8277036641000635,1.015454987595995,0.0011121981731547553,0.9903282435959149,4,1.8072289156626504,69
0.028899162012849103,0.01991239694477584,-0.8582986989944122,0.0007029930450787007,0.8619448603907052,15.68382821286604,-3.784077791859711,1.004247796327067,0.0013644268565792782,0.9910497610782484,4,1.606425702811245,69
0.04257791309583067,0.020345163811072802,-0.8582052792372342,3.763318461226068e-05,0.8582207706123105,9.161159369647482,3.0649072188708244,1.0000180499547275,0.0013956667116244437,0.9912401978588581,4,1.4056224899598395,69
0.05653318485713385,0.020341095144504027,-0.8582197606712052,2.4541002431202504e-06,0.8582207708803525,9.16115936994638,3.064907218929708,1.0000011770944404,0.0013953876034027816,0.9912539748289045,4,1.2048192771084336,69
0.07048566581526626,0.02033702729159532,-0.8582207050210121,1.600345031866871e-07,0.8582207708978319,9.161159356626914,3.064907215717404,1.000000076759748,0.0013951085509977385,0.991254873239865,4,1.0040160642570282,69
0.0844353565283383,0.02033296025218396,-0.8582207666030738,1.043602124428613e-08,0.8582207708989714,9.161159390006732,3.0649072271094266,1.0000000050055857,0.0013948295543981535,0.9912549318262053,4,0.8032128514056227,69
0.09838225755434876,0.020328894026107266,-0.8582207706189058,6.805440767411783e-10,0.858220770899046,9.16115769904257,3.064906818872237,1.0000000003264198,0.0013945506135928654,0.9912549356466833,4,0.6024096385542173,69
0.11232636945118486,0.020324828613202586,-0.8582207708807826,4.4378963404955396e-11,0.8582207708990509,9.161158815011051,3.0649076347438555,1.0000000000212863,0.0013942717285707164,0.9912549358958205,4,0.4016064257028109,69
0.12626769277662223,0.020320764013307374,-0.85822077089786,2.8939654534066818e-12,0.8582207708990509,9.161853616484722,3.065078526413101,1.0000000000013878,0.0013939928993205576,0.9912549359120671,4,0.2008032128514054,69
0.0,0.0,-0.8788856978986028,0.18571725645523254,0.972390428954896,4.660642223575656,2.3987015664732128,1.082949474574828,0.0,0.8625976126267949,0,4.016064257028113,70
0.0,0.0,-0.9528965567247958,0.017460583728157043,0.972390428954896,3.2944138397436404,1.4856336778653696,1.0202896449188412,0.0,0.9561507209469999,0,3.8152610441767063,70
0.0,0.0,-0.9496694300347888,0.01619671261685036,0.972390428954896,-1.2822472025047347,0.12406102137181374,1.0237792577696059,0.0,0.9671402308007268,0,3.614457831325301,70
0.0,0.0,-0.9385345275644523,0.017005403805673454,0.9667817008967546,-1.20854396043717,0.008471646941718062,1.0299314365705388,0.0,0.9705333261647432,0,3.4136546184738954,70
0.0,0.0,-0.9268666483709856,0.017057679493838265,0.9555178015434204,-1.2014647409978092,0.00023178284351896774,1.0307407928288574,0.0,0.9734162545661981,0,3.21285140562249,70
0.0,0.0,-0.9151661154820114,0.017057910091769005,0.9438382585647486,-1.2009931999970038,-0.00030823692491322645,1.0311544643971164,0.0,0.9762653199999309,0,3.0120481927710845,70
0.0,0.0,-0.9034656405833761,0.01705473635126791,0.9321337921995788,-1.200962402446649,-0.0003434701046335323,1.031551212828177,0.0,0.9791116447661254,0,2.8112449799196786,70
0.0,0.0,-0.8917673567620936,0.01705134120104494,0.9204298888908704,-1.2009603935263349,-0.0003457682037505674,1.0319564107958281,0.0,0.9819572587504117,0,2.610441767068273,70
0.0,0.0,-0.8800714026831455,0.017047932249837996,0.9087282102311268,-1.200960262495523,-0.00034591809544606687,1.0323721103087673,0.0,0.9848022944313022,0,2.409638554216868,70
0.0,0.0,-0.8683777869516976,0.017044523036105808,0.8970288641371609,-1.2009602539491493,-0.0003459278719554448,1.0327988433219055,0.0,0.9876467605542476,0,2.208835341365462,70
0.0,0.0,-0.8566865096916563,0.017041114442579167,0.8853318572088842,-1.20096025339172,-0.00034592850964441734,1.0332370627452199,0.0,0.9904906577959081,0,2.0080321285140563,70
0.0,0.0,-0.8449975704739443,0.01703770652669445,0.8736371894393122,-1.2009602533553723,-0.00034592855124180173,1.0336872390747642,0.0,0.9933339863067472,0,1.8072289156626504,70
0.0,0.0,-0.8333109688335107,0.017034299292069694,0.8619448603907052,-1.2009602533529893,-0.00034592855395746455,1.0341498683534556,0.0,0.9961767462028946,0,1.606425702811245,70
0.0,0.0,-0.8216267043030462,0.01703089273881347,0.8502548695973204,-1.2009602533528354,-0.00034592855413536765,1.0346254744073256,0.0,0.9990189375982189,0,1.4056224899598395,70
0.0,0.0,-0.8099447764151816,0.017027486866805545,0.838567216591677,-1.2009602533528203,-0.0003459285541160939,1.0351146108495233,0.0,1.0018605606064204,0,1.2048192771084336,70
0.0,0.0,-0.7982651847026309,0.017024081675910636,0.8268819009062672,-1.200960253352843,-0.0003459285541226218,1.0356178632296569,0.0,1.004701615341166,0,1.0040160642570282,70
0.0,0.0,-0.7865879286982012,0.01702067716599261,0.8151989220736707,-1.2009602533528325,-0.0003459285541533487,1.0361358513698935,0.0,1.0075421019161015,0,0.8032128514056227,70
0.0,0.0,-0.774913007934793,0.01701727333691521,0.8035182796265578,-1.2009602533528247,-0.00034592855415662685,1.0366692319089588,0.0,1.0103820204448477,0,0.6024096385542173,70
0.0,0.0,-0.7632404219454003,0.017013870188542373,0.7918399730976942,-1.2009602533528174,-0.0003459285541237293,1.0372187010760898,0.0,1.0132213710410043,0,0.4016064257028109,70
0.0,0.0,-0.7515701702631101,0.01701046772073805,0.7801640020199375,-1.2009602533528279,-0.00034592855408910306,1.0377849977195388,0.0,1.0160601538181468,0,0.2008032128514054,70
0.0,0.0,-0.8788856978986028,0.18571725645523254,0.972390428954896,4.660642223575656,2.3987015664732128,1.082949474574828,0.0,0.8625976126267949,0,4.016064257028113,71
0.0,0.0,-0.9528965567247958,0.017460583728157043,0.972390428954896,3.2944138397436404,1.4856336778653696,1.0202896449188412,0.0,0.9561507209469999,1,3.8152610441767063,71
0.0,0.0,-0.9496694300347888,0.01619671261685036,0.972390428954896,-1.2822472025047347,0.12406102137181374,1.0237792577696059,0.0,0.9671402308007268,1,3.614457831325301,71
0.0,0.0,-0.9385345275644523,0.017005403805673454,0.9667817008967546,-1.20854396043717,0.008471646941718062,1.0299314365705388,0.0,0.9705333261647432,1,3.4136546184738954,71
0.0,0.0,-0.9268666483709856,0.017057679493838265,0.9555178015434204,-1.2014647409978092,0.00023178284351896774,1.0307407928288574,0.0,0.9734162545661981,1,3.21285140562249,71
0.0,0.0,-0.9151661154820114,0.017057910091769005,0.9438382585647486,-1.2009931999970038,-0.00030823692491322645,1.0311544643971164,0.0,0.9762653199999309,1,3.0120481927710845,71
0.0,0.0,-0.9034656405833761,0.01705473635126791,0.9321337921995788,-1.200962402446649,-0.0003434701046335323,1.031551212828177,0.0,0.9791116447661254,1,2.8112449799196786,71
0.0,0.0,-0.8917673567620936,0.01705134120104494,0.9204298888908704,-1.2009603935263349,-0.0003457682037505674,1.0319564107958281,0.0,0.9819572587504117,1,2.610441767068273,71
0.0,0.0,-0.8800714026831455,0.017047932249837996,0.9087282102311268,-1.200960262495523,-0.00034591809544606687,1.0323721103087673,0.0,0.9848022944313022,1,2.409638554216868,71
0.0,0.0,-0.8683777869516976,0.017044523036105808,0.8970288641371609,-1.2009602539491493,-0.0003459278719554448,1.0327988433219055,0.0,0.9876467605542476,1,2.208835341365462,71
0.0,0.0,-0.8566865096916563,0.017041114442579167,0.8853318572088842,-1.20096025339172,-0.00034592850964441734,1.0332370627452199,0.0,0.9904906577959081,1,2.0080321285140563,71
0.0,0.0,-0.8449975704739443,0.01703770652669445,0.8736371894393122,-1.2009602533553723,-0.00034592855124180173,1.0336872390747642,0.0,0.9933339863067472,1,1.8072289156626504,71
0.0,0.0,-0.8333109688335107,0.017034299292069694,0.8619448603907052,-1.2009602533529893,-0.00034592855395746455,1.0341498683534556,0.0,0.9961767462028946,1,1.606425702811245,71
0.0,0.0,-0.8216267043030462,0.01703089273881347,0.8502548695973204,-1.2009602533528354,-0.00034592855413536765,1.0346254744073256,0.0,0.9990189375982189,1,1.4056224899598395,71
0.0,0.0,-0.8099447764151816,0.017027486866805545,0.838567216591677,-1.2009602533528203,-0.0003459285541160939,1.0351146108495233,0.0,1.0018605606064204,1,1.2048192771084336,71
0.0,0.0,-0.7982651847026309,0.017024081675910636,0.8268819009062672,-1.200960253352843,-0.0003459285541226218,1.0356178632296569,0.0,1.004701615341166,1,1.0040160642570282,71
0.0,0.0,-0.7865879286982012,0.01702067716599261,0.8151989220736707,-1.2009602533528325,-0.0003459285541533487,1.0361358513698935,0.0,1.0075421019161015,1,0.8032128514056227,71
0.0,0.0,-0.774913007934793,0.01701727333691521,0.8035182796265578,-1.2009602533528247,-0.00034592855415662685,1.0366692319089588,0.0,1.0103820204448477,1,0.6024096385542173,71
0.0,0.0,-0.7632404219454003,0.017013870188542373,0.7918399730976942,-1.2009602533528174,-0.0003459285541237293,1.0372187010760898,0.0,1.0132213710410043,1,0.4016064257028109,71
0.0,0.0,-0.7515701702631101,0.01701046772073805,0.7801640020199375,-1.2009602533528279,-0.00034592855408910306,1.0377849977195388,0.0,1.0160601538181468,1,0.2008032128514054,71
0.0,0.0,-0.8788856978986028,0.18571725645523254,0.972390428954896,4.660642223575656,2.3987015664732128,1.082949474574828,0.0,0.8625976126267949,0,4.016064257028113,72
0.0,0.0,-0.9528965567247958,0.017460583728157043,0.972390428954896,3.2944138397436404,1.4856336778653696,1.0202896449188412,0.0,0.9561507209469999,0,3.8152610441767063,72
0.0,0.0,-0.9496694300347888,0.01619671261685036,0.972390428954896,-1.2822472025047347,0.12406102137181374,1.0237792577696059,0.0,0.9671402308007268,0,3.614457831325301,72
0.0,0.0,-0.9385345275644523,0.017005403805673454,0.9667817008967546,-1.20854396043717,0.008471646941718062,1.0299314365705388,0.0,0.9705333261647432,0,3.4136546184738954,72
0.0,0.0,-0.9268666483709856,0.017057679493838265,0.9555178015434204,-1.2014647409978092,0.00023178284351896774,1.0307407928288574,0.0,0.9734162545661981,0,3.21285140562249,72
0.0,0.0,-0.9151661154820114,0.017057910091769005,0.9438382585647486,-1.2009931999970038,-0.00030823692491322645,1.0311544643971164,0.0,0.9762653199999309,0,3.0120481927710845,72
0.0,0.0,-0.9034656405833761,0.01705473635126791,0.9321337921995788,-1.200962402446649,-0.0003434701046335323,1.031551212828177,0.0,0.9791116447661254,0,2.8112449799196786,72
0.0,0.0,-0.8917673567620936,0.01705134120104494,0.9204298888908704,-1.2009603935263349,-0.0003457682037505674,1.0319564107958281,0.0,0.9819572587504117,0,2.610441767068273,72
0.15,0.45456864504849487,-0.7392743714221268,0.43614956702349555,0.9087282102311268,5.158438800201187,2.6696090747069126,1.0614444645906649,0.016206482593037214,1.0008544764054803,2,2.409638554216868,72
0.45,0.6943650748294136,-0.4715648454579808,0.626968485782328,0.8970288641371609,-1.199927671470181,0.8835874345443028,1.1507928197402932,0.03781512605042016,1.0601371838149876,2,2.208835341365462,72
0.75,0.7576144084141581,-0.20842173346663898,0.6708645769158168,0.8853318572088842,-1.9823093657441677,0.011383848595913652,1.2719212576919534,0.045018007202881134,1.1237613738001329,2,2.0080321285140563,72
1.05,0.6943650748294137,0.05442141223451252,0.6097241570907004,0.8736371894393122,-1.239387285846389,-0.8569041695206937,1.44153961082499,0.03781512605042016,1.1876681448767703,2,1.8072289156626504,72
1.35,0.45456864504849487,0.3172428117018248,0.3984243114259671,0.8619448603907052,4.950397787874801,-2.6092101308836972,1.7028694953937,0.016206482593037207,1.2515928118416524,2,1.606425702811245,72
1.5,1.2285357956997882e-16,0.4392635771388839,0.013622428840630888,0.467806288384623,-1.1511748461393876,0.28509615236728403,1.0644770315164036,-1.2684018023958378e-17,1.2994659324215303,2,1.4056224899598395,72
1.5,1.2688263138573217e-16,0.44606304442666894,0.01653214462970419,0.4743357316333938,-1.2553622030012093,0.07194623158789284,1.0626677037869108,4.9859268185369136e-18,1.3069525038218983,2,1.2048192771084336,72
1.5,1.2285357956997882e-16,0.457424245658342,0.016990992135847083,0.4860095953112739,-1.2052161405760113,0.004566450402474316,1.0617743890566962,-1.2684018023958378e-17,1.3100964606122616,2,1.0040160642570282,72
1.5,1.18687833744435e-16,0.46908073907877623,0.017018516109385526,0.4976811299342643,-1.2012408484553825,-2.475709879769803e-05,1.060287506628912,-1.2684018023958378e-17,1.3129566997544055,2,0.8032128514056227,72
1.5,1.18687833744435e-16,0.4807543058918622,0.017017132398294887,0.5093503308195708,-1.2009785677148337,-0.00032497719237337277,1.0588317238335119,4.9859268185369136e-18,1.3157979063691982,2,0.6024096385542173,72
1.5,1.18687833744435e-16,0.4924268035887055,0.0170138609977254,0.5210171980981566,-1.2009614479452946,-0.0003445620063621106,1.057441822086326,-1.2684018023958378e-17,1.3186373409628243,2,0.4016064257028109,72
1.5,1.3457935360146644e-16,0.5040970495133441,0.017010467121394795,0.5326817322148065,-1.2009603312692851,-0.00034583942219742445,1.0561156191533256,-2.0192629026742142e-18,1.3214761292175317,2,0.2008032128514054,72
0.0,0.0,-0.8788856978986028,0.18571725645523254,0.972390428954896,4.660642223575656,2.3987015664732128,1.082949474574828,0.0,0.8625976126267949,0,4.016064257028113,73
0.0,0.0,-0.9528965567247958,0.017460583728157043,0.972390428954896,3.2944138397436404,1.4856336778653696,1.0202896449188412,0.0,0.9561507209469999,0,3.8152610441767063,73
0.0,0.0,-0.9496694300347888,0.01619671261685036,0.972390428954896,-1.2822472025047347,0.12406102137181374,1.0237792577696059,0.0,0.9671402308007268,0,3.614457831325301,73
0.0,0.0,-0.9385345275644523,0.017005403805673454,0.9667817008967546,-1.20854396043717,0.008471646941718062,1.0299314365705388,0.0,0.9705333261647432,0,3.4136546184738954,73
0.0,0.0,-0.9268666483709856,0.017057679493838265,0.9555178015434204,-1.2014647409978092,0.00023178284351896774,1.0307407928288574,0.0,0.9734162545661981,0,3.21285140562249,73
0.0,0.0,-0.9151661154820114,0.017057910091769005,0.9438382585647486,-1.2009931999970038,-0.00030823692491322645,1.0311544643971164,0.0,0.9762653199999309,0,3.0120481927710845,73
0.0,0.0,-0.9034656405833761,0.01705473635126791,0.9321337921995788,-1.200962402446649,-0.0003434701046335323,1.031551212828177,0.0,0.9791116447661254,0,2.8112449799196786,73
0.0,0.0,-0.8917673567620936,0.01705134120104494,0.9204298888908704,-1.2009603935263349,-0.0003457682037505674,1.0319564107958281,0.0,0.9819572587504117,0,2.610441767068273,73
8.378690865439576e-05,0.00033500510975991517,-0.8801502524495696,0.01692670464600019,0.9087282102311268,-1.2173292952502206,-0.01926749573778617,1.0322823457831518,9.052585719299357e-06,0.9847935215628572,3,2.409638554216868,73
0.00016755873697223755,0.0004583579367530209,-0.8685264760628053,0.016873797675029483,0.8970288641371609,-1.1971928798143059,-0.011803524996365944,1.0326259807668856,1.3677847191055154e-05,0.987620657796984,3,2.208835341365462,73
0.00019547988741386969,0.0004894115941017602,-0.8568512094852584,0.01695924539045441,0.8853318572088842,-1.178110244157918,0.01797148608421885,1.033040454272252,7.844049412253496e-06,0.9904518657149395,3,2.0080321285140563,73
0.00025130487976353144,0.0005418244147855536,-0.8452137173874853,0.01699346970014104,0.8736371894393122,-1.2206328744693957,0.012230895506897257,1.033424065642804,4.354704775326907e-06,0.9932883136564599,3,1.8072289156626504,73
0.0003350281340565392,0.000602239785031061,-0.8335983839928524,0.017040673018825933,0.8619448603907052,-1.2182831764723758,-0.007960651997776813,1.0337932929640723,5.288226828026945e-07,0.9961151516285983,3,1.606425702811245,73
0.000558166773660112,0.0009764846066121846,-0.8221092437741501,0.016701505657892607,0.8501508119710293,-1.2118398559355665,-0.04336937620238561,1.0339002309998848,2.6120618441868955e-05,0.9989198366776298,3,1.4056224899598395,73
0.0005859930242579825,0.0010949096900086477,-0.8104302997144921,0.016832427905674633,0.8387180503347117,-1.1253716478798528,0.03953978108555691,1.0346859204266738,1.9356683954260136e-05,1.001736472112115,3,1.2048192771084336,73
0.0007254218481794239,0.0011702055889011285,-0.7988795725262405,0.01693912646573194,0.8268692223581141,-1.2016825565223044,0.042529436550561614,1.0348081879470987,1.1513402114995649e-05,1.0045606938028089,3,1.0040160642570282,73
0.000781138033700684,0.0012009418030541254,-0.7872445220144654,0.017129578742472073,0.8153737313033981,-1.2379798865114877,0.020691262468111177,1.0354910264459805,-4.567057079350269e-06,1.0073856165562263,3,0.8032128514056227,73
0.000836813508363477,0.0012283041766134029,-0.7756167629438413,0.017266681656072386,0.8062256693667604,-1.1851710566270095,-0.03793429411770844,1.039211625716675,-1.6226617273803076e-05,1.0102147270751016,3,0.6024096385542173,73
0.000585635966395407,0.001019311821650731,-0.7637125394652695,0.017118407161735124,0.795738234508734,-1.164211279308553,-0.004921316538023515,1.0416778123742199,-7.711810780462487e-06,1.013084885962748,3,0.4016064257028109,73
0.0006691138235430627,0.0009853071073774274,-0.7521462117987935,0.016989911104765977,0.7801233194977718,-1.2220636311544057,-0.03814824232464781,1.0369371465263382,3.0616182340768957e-06,1.0159390594102549,3,0.2008032128514054,73
0.0,0.0,-0.8788856978986028,0.18571725645523254,0.972390428954896,4.660642223575656,2.3987015664732128,1.082949474574828,0.0,0.8625976126267949,0,4.016064257028113,74
0.0,0.0,-0.9528965567247958,0.017460583728157043,0.972390428954896,3.2944138397436404,1.4856336778653696,1.0202896449188412,0.0,0.9561507209469999,0,3.8152610441767063,74
0.0,0.0,-0.9496694300347888,0.01619671261685036,0.972390428954896,-1.2822472025047347,0.12406102137181374,1.0237792577696059,0.0,0.9671402308007268,0,3.614457831325301,74
0.0,0.0,-0.9385345275644523,0.017005403805673454,0.9667817008967546,-1.20854396043717,0.008471646941718062,1.0299314365705388,0.0,0.9705333261647432,0,3.4136546184738954,74
0.0,0.0,-0.9268666483709856,0.017057679493838265,0.9555178015434204,-1.2014647409978092,0.00023178284351896774,1.0307407928288574,0.0,0.9734162545661981,0,3.21285140562249,74
0.0,0.0,-0.9151661154820114,0.017057910091769005,0.9438382585647486,-1.2009931999970038,-0.00030823692491322645,1.0311544643971164,0.0,0.9762653199999309,0,3.0120481927710845,74
0.0,0.0,-0.9034656405833761,0.01705473635126791,0.9321337921995788,-1.200962402446649,-0.0003434701046335323,1.031551212828177,0.0,0.9791116447661254,0,2.8112449799196786,74
0.0,0.0,-0.8917673567620936,0.01705134120104494,0.9204298888908704,-1.2009603935263349,-0.0003457682037505674,1.0319564107958281,0.0,0.9819572587504117,0,2.610441767068273,74
0.00041894012906589726,0.0014176739195425492,-0.8804721420288751,0.016441225306195597,0.9087282102311268,-1.279793684262268,-0.09656595560168853,1.0319156551502409,4.6604752972370344e-05,0.9847645992793274,4,2.409638554216868,74
0.0033512976108248465,0.006154814261058471,-0.8714091524468737,0.013342557636857603,0.8970288641371609,-1.219650914322021,-0.47423423493864597,1.02928209109814,0.00031916907324562924,0.9871793646143668,4,2.208835341365462,74
0.009075825989379217,0.01165188540406945,-0.8646993586710009,0.008985464732317183,0.8853318572088842,-0.4868820355951895,-0.9996099037891948,1.0238067232909946,0.0007190773666546099,0.989037887685909,4,2.0080321285140563,74
0.017591966880806043,0.016653176227829032,-0.8603296385188609,0.004394143820628768,0.8736371894393122,1.9672605163071095,-1.8277036641000635,1.015454987595995,0.0011121981731547553,0.9903282435959149,4,1.8072289156626504,74
0.028899162012849103,0.01991239694477584,-0.8582986989944122,0.0007029930450787007,0.8619448603907052,15.68382821286604,-3.784077791859711,1.004247796327067,0.0013644268565792782,0.9910497610782484,4,1.606425702811245,74
0.04257791309583067,0.020345163811072802,-0.8582052792372342,3.763318461226068e-05,0.8582207706123105,9.161159369647482,3.0649072188708244,1.0000180499547275,0.0013956667116244437,0.9912401978588581,4,1.4056224899598395,74
0.05653318485713385,0.020341095144504027,-0.8582197606712052,2.4541002431202504e-06,0.8582207708803525,9.16115936994638,3.064907218929708,1.0000011770944404,0.0013953876034027816,0.9912539748289045,4,1.2048192771084336,74
0.07048566581526626,0.02033702729159532,-0.8582207050210121,1.600345031866871e-07,0.8582207708978319,9.161159356626914,3.064907215717404,1.000000076759748,0.0013951085509977385,0.991254873239865,4,1.0040160642570282,74
0.0844353565283383,0.02033296025218396,-0.8582207666030738,1.043602124428613e-08,0.8582207708989714,9.161159390006732,3.0649072271094266,1.0000000050055857,0.0013948295543981535,0.9912549318262053,4,0.8032128514056227,74
0.09838225755434876,0.020328894026107266,-0.8582207706189058,6.805440767411783e-10,0.858220770899046,9.16115769904257,3.064906818872237,1.0000000003264198,0.0013945506135928654,0.9912549356466833,4,0.6024096385542173,74
0.11232636945118486,0.020324828613202586,-0.8582207708807826,4.4378963404955396e-11,0.8582207708990509,9.161158815011051,3.0649076347438555,1.0000000000212863,0.0013942717285707164,0.9912549358958205,4,0.4016064257028109,74
0.12626769277662223,0.020320764013307374,-0.85822077089786,2.8939654534066818e-12,0.8582207708990509,9.161853616484722,3.065078526413101,1.0000000000013878,0.0013939928993205576,0.9912549359120671,4,0.2008032128514054,74
0.0,0.0,-0.8788856978986028,0.18571725645523254,0.972390428954896,4.660642223575656,2.3987015664732128,1.082949474574828,0.0,0.8625976126267949,0,4.016064257028113,75
0.0,0.0,-0.9528965567247958,0.017460583728157043,0.972390428954896,3.2944138397436404,1.4856336778653696,1.0202896449188412,0.0,0.9561507209469999,0,3.8152610441767063,75
0.0,0.0,-0.9496694300347888,0.01619671261685036,0.972390428954896,-1.2822472025047347,0.12406102137181374,1.0237792577696059,0.0,0.9671402308007268,0,3.614457831325301,75
0.0,0.0,-0.9385345275644523,0.017005403805673454,0.9667817008967546,-1.20854396043717,0.008471646941718062,1.0299314365705388,0.0,0.9705333261647432,0,3.4136546184738954,75
0.0,0.0,-0.9268666483709856,0.017057679493838265,0.9555178015434204,-1.2014647409978092,0.00023178284351896774,1.0307407928288574,0.0,0.9734162545661981,0,3.21285140562249,75
0.0,0.0,-0.9151661154820114,0.017057910091769005,0.9438382585647486,-1.2009931999970038,-0.00030823692491322645,1.0311544643971164,0.0,0.9762653199999309,0,3.0120481927710845,75
0.0,0.0,-0.9034656405833761,0.01705473635126791,0.9321337921995788,-1.200962402446649,-0.0003434701046335323,1.031551212828177,0.0,0.9791116447661254,0,2.8112449799196786,75
0.0,0.0,-0.8917673567620936,0.01705134120104494,0.9204298888908704,-1.2009603935263349,-0.0003457682037505674,1.0319564107958281,0.0,0.9819572587504117,0,2.610441767068273,75
0.0,0.0,-0.8800714026831455,0.017047932249837996,0.9087282102311268,-1.200960262495523,-0.00034591809544606687,1.0323721103087673,0.0,0.9848022944313022,0,2.409638554216868,75
0.0,0.0,-0.8683777869516976,0.017044523036105808,0.8970288641371609,-1.2009602539491493,-0.0003459278719554448,1.0327988433219055,0.0,0.9876467605542476,0,2.208835341365462,75
0.0,0.0,-0.8566865096916563,0.017041114442579167,0.8853318572088842,-1.20096025339172,-0.00034592850964441734,1.0332370627452199,0.0,0.9904906577959081,0,2.0080321285140563,75
0.0,0.0,-0.8449975704739443,0.01703770652669445,0.8736371894393122,-1.2009602533553723,-0.00034592855124180173,1.0336872390747642,0.0,0.9933339863067472,0,1.8072289156626504,75
0.0,0.0,-0.8333109688335107,0.017034299292069694,0.8619448603907052,-1.2009602533529893,-0.00034592855395746455,1.0341498683534556,0.0,0.9961767462028946,0,1.606425702811245,75
0.0,0.0,-0.8216267043030462,0.01703089273881347,0.8502548695973204,-1.2009602533528354,-0.00034592855413536765,1.0346254744073256,0.0,0.9990189375982189,0,1.4056224899598395,75
0.0,0.0,-0.8099447764151816,0.017027486866805545,0.838567216591677,-1.2009602533528203,-0.0003459285541160939,1.0351146108495233,0.0,1.0018605606064204,0,1.2048192771084336,75
0.0,0.0,-0.7982651847026309,0.017024081675910636,0.8268819009062672,-1.200960253352843,-0.0003459285541226218,1.0356178632296569,0.0,1.004701615341166,0,1.0040160642570282,75
0.0,0.0,-0.7865879286982012,0.01702067716599261,0.8151989220736707,-1.2009602533528325,-0.0003459285541533487,1.0361358513698935,0.0,1.0075421019161015,0,0.8032128514056227,75
0.0,0.0,-0.774913007934793,0.01701727333691521,0.8035182796265578,-1.2009602533528247,-0.00034592855415662685,1.0366692319089588,0.0,1.0103820204448477,0,0.6024096385542173,75
0.0,0.0,-0.7632404219454003,0.017013870188542373,0.7918399730976942,-1.2009602533528174,-0.0003459285541237293,1.0372187010760898,0.0,1.0132213710410043,0,0.4016064257028109,75
0.0,0.0,-0.7515701702631101,0.01701046772073805,0.7801640020199375,-1.2009602533528279,-0.00034592855408910306,1.0377849977195388,0.0,1.0160601538181468,0,0.2008032128514054,75
0.0,0.0,-0.8788856978986028,0.18571725645523254,0.972390428954896,4.660642223575656,2.3987015664732128,1.082949474574828,0.0,0.8625976126267949,0,4.016064257028113,76
0.0,0.0,-0.9528965567247958,0.017460583728157043,0.972390428954896,3.2944138397436404,1.4856336778653696,1.0202896449188412,0.0,0.9561507209469999,1,3.8152610441767063,76
0.0,0.0,-0.9496694300347888,0.01619671261685036,0.972390428954896,-1.2822472025047347,0.12406102137181374,1.0237792577696059,0.0,0.9671402308007268,1,3.614457831325301,76
0.0,0.0,-0.9385345275644523,0.017005403805673454,0.9667817008967546,-1.20854396043717,0.008471646941718062,1.0299314365705388,0.0,0.9705333261647432,1,3.4136546184738954,76
0.0,0.0,-0.9268666483709856,0.017057679493838265,0.9555178015434204,-1.2014647409978092,0.00023178284351896774,1.0307407928288574,0.0,0.9734162545661981,1,3.21285140562249,76
0.0,0.0,-0.9151661154820114,0.017057910091769005,0.9438382585647486,-1.2009931999970038,-0.00030823692491322645,1.0311544643971164,0.0,0.9762653199999309,1,3.0120481927710845,76
0.0,0.0,-0.9034656405833761,0.01705473635126791,0.9321337921995788,-1.200962402446649,-0.0003434701046335323,1.031551212828177,0.0,0.9791116447661254,1,2.8112449799196786,76
0.0,0.0,-0.8917673567620936,0.01705134120104494,0.9204298888908704,-1.2009603935263349,-0.0003457682037505674,1.0319564107958281,0.0,0.9819572587504117,1,2.610441767068273,76
0.0,0.0,-0.8800714026831455,0.017047932249837996,0.9087282102311268,-1.200960262495523,-0.00034591809544606687,1.0323721103087673,0.0,0.9848022944313022,1,2.409638554216868,76
0.0,0.0,-0.8683777869516976,0.017044523036105808,0.8970288641371609,-1.2009602539491493,-0.0003459278719554448,1.0327988433219055,0.0,0.9876467605542476,1,2.208835341365462,76
0.0,0.0,-0.8566865096916563,0.017041114442579167,0.8853318572088842,-1.20096025339172,-0.00034592850964441734,1.0332370627452199,0.0,0.9904906577959081,1,2.0080321285140563,76
0.0,0.0,-0.8449975704739443,0.01703770652669445,0.8736371894393122,-1.2009602533553723,-0.00034592855124180173,1.0336872390747642,0.0,0.9933339863067472,1,1.8072289156626504,76
0.0,0.0,-0.8333109688335107,0.017034299292069694,0.8619448603907052,-1.2009602533529893,-0.00034592855395746455,1.0341498683534556,0.0,0.9961767462028946,1,1.606425702811245,76
0.0,0.0,-0.8216267043030462,0.01703089273881347,0.8502548695973204,-1.2009602533528354,-0.00034592855413536765,1.0346254744073256,0.0,0.9990189375982189,1,1.4056224899598395,76
0.0,0.0,-0.8099447764151816,0.017027486866805545,0.838567216591677,-1.2009602533528203,-0.0003459285541160939,1.0351146108495233,0.0,1.0018605606064204,1,1.2048192771084336,76
0.0,0.0,-0.7982651847026309,0.017024081675910636,0.8268819009062672,-1.200960253352843,-0.0003459285541226218,1.0356178632296569,0.0,1.004701615341166,1,1.0040160642570282,76
0.0,0.0,-0.7865879286982012,0.01702067716599261,0.8151989220736707,-1.2009602533528325,-0.0003459285541533487,1.0361358513698935,0.0,1.0075421019161015,1,0.8032128514056227,76
0.0,0.0,-0.774913007934793,0.01701727333691521,0.8035182796265578,-1.2009602533528247,-0.00034592855415662685,1.0366692319089588,0.0,1.0103820204448477,1,0.6024096385542173,76
0.0,0.0,-0.7632404219454003,0.017013870188542373,0.7918399730976942,-1.2009602533528174,-0.0003459285541237293,1.0372187010760898,0.0,1.0132213710410043,1,0.4016064257028109,76
0.0,0.0,-0.7515701702631101,0.01701046772073805,0.7801640020199375,-1.2009602533528279,-0.00034592855408910306,1.0377849977195388,0.0,1.0160601538181468,1,0.2008032128514054,76
0.0,0.0,-0.8788856978986028,0.18571725645523254,0.972390428954896,4.660642223575656,2.3987015664732128,1.082949474574828,0.0,0.8625976126267949,0,4.016064257028113,77
0.0,0.0,-0.9528965567247958,0.017460583728157043,0.972390428954896,3.2944138397436404,1.4856336778653696,1.0202896449188412,0.0,0.9561507209469999,0,3.8152610441767063,77
0.0,0.0,-0.9496694300347888,0.01619671261685036,0.972390428954896,-1.2822472025047347,0.12406102137181374,1.0237792577696059,0.0,0.9671402308007268,0,3.614457831325301,77
0.0,0.0,-0.9385345275644523,0.017005403805673454,0.9667817008967546,-1.20854396043717,0.008471646941718062,1.0299314365705388,0.0,0.9705333261647432,0,3.4136546184738954,77
0.0,0.0,-0.9268666483709856,0.017057679493838265,0.9555178015434204,-1.2014647409978092,0.00023178284351896774,1.0307407928288574,0.0,0.9734162545661981,0,3.21285140562249,77
0.0,0.0,-0.9151661154820114,0.017057910091769005,0.9438382585647486,-1.2009931999970038,-0.00030823692491322645,1.0311544643971164,0.0,0.9762653199999309,0,3.0120481927710845,77
0.0,0.0,-0.9034656405833761,0.01705473635126791,0.9321337921995788,-1.200962402446649,-0.0003434701046335323,1.031551212828177,0.0,0.9791116447661254,0,2.8112449799196786,77
0.0,0.0,-0.8917673567620936,0.01705134120104494,0.9204298888908704,-1.2009603935263349,-0.0003457682037505674,1.0319564107958281,0.0,0.9819572587504117,0,2.610441767068273,77
0.15,0.45456864504849487,-0.7392743714221268,0.43614956702349555,0.9087282102311268,5.158438800201187,2.6696090747069126,1.0614444645906649,0.016206482593037214,1.0008544764054803,2,2.409638554216868,77
0.45,0.6943650748294136,-0.4715648454579808,0.626968485782328,0.8970288641371609,-1.199927671470181,0.8835874345443028,1.1507928197402932,0.03781512605042016,1.0601371838149876,2,2.208835341365462,77
0.75,0.7576144084141581,-0.20842173346663898,0.6708645769158168,0.8853318572088842,-1.9823093657441677,0.011383848595913652,1.2719212576919534,0.045018007202881134,1.1237613738001329,2,2.0080321285140563,77
1.05,0.6943650748294137,0.05442141223451252,0.6097241570907004,0.8736371894393122,-1.239387285846389,-0.8569041695206937,1.44153961082499,0.03781512605042016,1.1876681448767703,2,1.8072289156626504,77
1.35,0.45456864504849487,0.3172428117018248,0.3984243114259671,0.8619448603907052,4.950397787874801,-2.6092101308836972,1.7028694953937,0.016206482593037207,1.2515928118416524,2,1.606425702811245,77
1.5,1.2285357956997882e-16,0.4392635771388839,0.013622428840630888,0.467806288384623,-1.1511748461393876,0.28509615236728403,1.0644770315164036,-1.2684018023958378e-17,1.2994659324215303,2,1.4056224899598395,77
1.5,1.2688263138573217e-16,0.44606304442666894,0.01653214462970419,0.4743357316333938,-1.2553622030012093,0.07194623158789284,1.0626677037869108,4.9859268185369136e-18,1.3069525038218983,2,1.2048192771084336,77
1.5,1.2285357956997882e-16,0.457424245658342,0.016990992135847083,0.4860095953112739,-1.2052161405760113,0.004566450402474316,1.0617743890566962,-1.2684018023958378e-17,1.3100964606122616,2,1.0040160642570282,77
1.5,1.18687833744435e-16,0.46908073907877623,0.017018516109385526,0.4976811299342643,-1.2012408484553825,-2.475709879769803e-05,1.060287506628912,-1.2684018023958378e-17,1.3129566997544055,2,0.8032128514056227,77
1.5,1.18687833744435e-16,0.4807543058918622,0.017017132398294887,0.5093503308195708,-1.2009785677148337,-0.00032497719237337277,1.0588317238335119,4.9859268185369136e-18,1.3157979063691982,2,0.6024096385542173,77
1.5,1.18687833744435e-16,0.4924268035887055,0.0170138609977254,0.5210171980981566,-1.2009614479452946,-0.0003445620063621106,1.057441822086326,-1.2684018023958378e-17,1.3186373409628243,2,0.4016064257028109,77
1.5,1.3457935360146644e-16,0.5040970495133441,0.017010467121394795,0.5326817322148065,-1.2009603312692851,-0.00034583942219742445,1.0561156191533256,-2.0192629026742142e-18,1.3214761292175317,2,0.2008032128514054,77
0.0,0.0,-0.8788856978986028,0.18571725645523254,0.972390428954896,4.660642223575656,2.3987015664732128,1.082949474574828,0.0,0.8625976126267949,0,4.016064257028113,78
0.0,0.0,-0.9528965567247958,0.017460583728157043,0.972390428954896,3.2944138397436404,1.4856336778653696,1.0202896449188412,0.0,0.9561507209469999,0,3.8152610441767063,78
0.0,0.0,-0.9496694300347888,0.01619671261685036,0.972390428954896,-1.2822472025047347,0.12406102137181374,1.0237792577696059,0.0,0.9671402308007268,0,3.614457831325301,78
0.0,0.0,-0.9385345275644523,0.017005403805673454,0.9667817008967546,-1.20854396043717,0.008471646941718062,1.0299314365705388,0.0,0.9705333261647432,0,3.4136546184738954,78
0.0,0.0,-0.9268666483709856,0.017057679493838265,0.9555178015434204,-1.2014647409978092,0.00023178284351896774,1.0307407928288574,0.0,0.9734162545661981,0,3.21285140562249,78
0.0,0.0,-0.9151661154820114,0.017057910091769005,0.9438382585647486,-1.2009931999970038,-0.00030823692491322645,1.0311544643971164,0.0,0.9762653199999309,0,3.0120481927710845,78
0.0,0.0,-0.9034656405833761,0.01705473635126791,0.9321337921995788,-1.200962402446649,-0.0003434701046335323,1.031551212828177,0.0,0.9791116447661254,0,2.8112449799196786,78
0.0,0.0,-0.8917673567620936,0.01705134120104494,0.9204298888908704,-1.2009603935263349,-0.0003457682037505674,1.0319564107958281,0.0,0.9819572587504117,0,2.610441767068273,78
0.00011171811254204689,0.00047545701546826923,-0.8801739233082209,0.016898523685441317,0.9087282102311268,-1.212018010913792,-0.020529783992941242,1.0322552164082235,1.1668024753130861e-05,0.9847881097248872,3,2.409638554216868,78
0.00022341946858488282,0.000589073793962713,-0.868570624318478,0.016850808047328327,0.8970288641371609,-1.1757224081845203,-0.002976595393512109,1.0325740329952857,1.6494571896155254e-05,0.9876067976847311,3,2.208835341365462,78
0.0003909385538262916,0.0007484453769750839,-0.8570236267926368,0.01679718467904587,0.8853318572088842,-1.1807902807124189,0.010850023627520812,1.0328364733626607,2.10498124549112e-05,0.9904204369425267,3,2.0080321285140563,78
0.000614259179460237,0.0010231040471177558,-0.8455191193956502,0.016817432137158875,0.8736371894393122,-1.1724013044990291,0.03256976590974633,1.0330551527211607,2.157982903431417e-05,0.9932159047769896,3,1.8072289156626504,78
0.000725895208642755,0.001064201933608224,-0.8339235928642139,0.017067845195920448,0.8619448603907052,-1.1864120572710888,0.03365741682229908,1.0333896304064503,2.0007745678140268e-06,0.9960336733126482,3,1.606425702811245,78
0.0008095062402428405,0.0011656076056649402,-0.8223011087010171,0.017100476677216783,0.8515437204056597,-1.187773087309228,0.02270768390216772,1.0353425507913432,-1.2869345668299707e-06,0.9988510286755201,3,1.4056224899598395,78
0.0009767646511232746,0.0012994908429970697,-0.810785064069349,0.01698391525066479,0.8400835650835794,-1.2330591072974304,-0.04626309248730677,1.0359132568158729,6.0728744837081795e-06,1.001683206971152,3,1.2048192771084336,78
0.0009208057076437954,0.001310329348835093,-0.7990412133567274,0.017120502101966723,0.8295557798336533,-1.1524454619857987,-0.029473193175629537,1.0379555125752031,-3.840356930824717e-06,1.0045190875930132,3,1.0040160642570282,78
0.000892696505038143,0.0012839581828227825,-0.7873350886469737,0.017052423010416803,0.8155484408221708,-1.1627820069962596,0.016487270717411455,1.0355959761109177,2.7972189821587625e-06,1.0073602190124442,3,0.8032128514056227,78
0.0011156176484374825,0.0014907266380681094,-0.7758707112754919,0.01693180247499797,0.8051837877653008,-1.1845826531600407,-0.04330424287210617,1.0375387874243895,1.1356787448388626e-05,1.010177517694599,3,0.6024096385542173,78
0.0009760370679816877,0.0014154698793031897,-0.764057105129346,0.017175240353982338,0.7917711944200783,-1.1757105904669762,0.024882621125248357,1.0360157893787258,-6.242854177076327e-06,1.0130222887818574,3,0.4016064257028109,78
0.0007528136013428732,0.0012971314121974827,-0.7521776949012647,0.017162534607170425,0.7798242967665702,-1.2362294139054404,0.0389059275256937,1.0364910332982347,-9.983772847849014e-06,1.0158853112077328,3,0.2008032128514054,78
0.0,0.0,-0.8788856978986028,0.18571725645523254,0.972390428954896,4.660642223575656,2.3987015664732128,1.082949474574828,0.0,0.8625976126267949,0,4.016064257028113,79
0.0,0.0,-0.9528965567247958,0.017460583728157043,0.972390428954896,3.2944138397436404,1.4856336778653696,1.0202896449188412,0.0,0.9561507209469999,0,3.8152610441767063,79
0.0,0.0,-0.9496694300347888,0.01619671261685036,0.972390428954896,-1.2822472025047347,0.12406102137181374,1.0237792577696059,0.0,0.9671402308007268,0,3.614457831325301,79
0.0,0.0,-0.9385345275644523,0.017005403805673454,0.9667817008967546,-1.20854396043717,0.008471646941718062,1.0299314365705388,0.0,0.9705333261647432,0,3.4136546184738954,79
0.0,0.0,-0.9268666483709856,0.017057679493838265,0.9555178015434204,-1.2014647409978092,0.00023178284351896774,1.0307407928288574,0.0,0.9734162545661981,0,3.21285140562249,79
0.0,0.0,-0.9151661154820114,0.017057910091769005,0.9438382585647486,-1.2009931999970038,-0.00030823692491322645,1.0311544643971164,0.0,0.9762653199999309,0,3.0120481927710845,79
0.0,0.0,-0.9034656405833761,0.01705473635126791,0.9321337921995788,-1.200962402446649,-0.0003434701046335323,1.031551212828177,0.0,0.9791116447661254,0,2.8112449799196786,79
0.0,0.0,-0.8917673567620936,0.01705134120104494,0.9204298888908704,-1.2009603935263349,-0.0003457682037505674,1.0319564107958281,0.0,0.9819572587504117,0,2.610441767068273,79
0.00041894012906589726,0.0014176739195425492,-0.8804721420288751,0.016441225306195597,0.9087282102311268,-1.279793684262268,-0.09656595560168853,1.0319156551502409,4.6604752972370344e-05,0.9847645992793274,4,2.409638554216868,79
0.0033512976108248465,0.006154814261058471,-0.8714091524468737,0.013342557636857603,0.8970288641371609,-1.219650914322021,-0.47423423493864597,1.02928209109814,0.00031916907324562924,0.9871793646143668,4,2.208835341365462,79
0.009075825989379217,0.01165188540406945,-0.8646993586710009,0.008985464732317183,0.8853318572088842,-0.4868820355951895,-0.9996099037891948,1.0238067232909946,0.0007190773666546099,0.989037887685909,4,2.0080321285140563,79
0.017591966880806043,0.016653176227829032,-0.8603296385188609,0.004394143820628768,0.8736371894393122,1.9672605163071095,-1.8277036641000635,1.015454987595995,0.0011121981731547553,0.9903282435959149,4,1.8072289156626504,79
0.028899162012849103,0.01991239694477584,-0.8582986989944122,0.0007029930450787007,0.8619448603907052,15.68382821286604,-3.784077791859711,1.004247796327067,0.0013644268565792782,0.9910497610782484,4,1.606425702811245,79
0.04257791309583067,0.020345163811072802,-0.8582052792372342,3.763318461226068e-05,0.8582207706123105,9.161159369647482,3.0649072188708244,1.0000180499547275,0.0013956667116244437,0.9912401978588581,4,1.4056224899598395,79
0.05653318485713385,0.020341095144504027,-0.8582197606712052,2.4541002431202504e-06,0.8582207708803525,9.16115936994638,3.064907218929708,1.0000011770944404,0.0013953876034027816,0.9912539748289045,4,1.2048192771084336,79
0.07048566581526626,0.02033702729159532,-0.8582207050210121,1.600345031866871e-07,0.8582207708978319,9.161159356626914,3.064907215717404,1.000000076759748,0.0013951085509977385,0.991254873239865,4,1.0040160642570282,79
0.0844353565283383,0.02033296025218396,-0.8582207666030738,1.043602124428613e-08,0.8582207708989714,9.161159390006732,3.0649072271094266,1.0000000050055857,0.0013948295543981535,0.9912549318262053,4,0.8032128514056227,79
0.09838225755434876,0.020328894026107266,-0.8582207706189058,6.805440767411783e-10,0.858220770899046,9.16115769904257,3.064906818872237,1.0000000003264198,0.0013945506135928654,0.9912549356466833,4,0.6024096385542173,79
0.11232636945118486,0.020324828613202586,-0.8582207708807826,4.4378963404955396e-11,0.8582207708990509,9.161158815011051,3.0649076347438555,1.0000000000212863,0.0013942717285707164,0.9912549358958205,4,0.4016064257028109,79
0.12626769277662223,0.020320764013307374,-0.85822077089786,2.8939654534066818e-12,0.8582207708990509,9.161853616484722,3.065078526413101,1.0000000000013878,0.0013939928993205576,0.9912549359120671,4,0.2008032128514054,79
0.0,0.0,-0.8788856978986028,0.18571725645523254,0.972390428954896,4.660642223575656,2.3987015664732128,1.082949474574828,0.0,0.8625976126267949,0,4.016064257028113,80
0.0,0.0,-0.9528965567247958,0.017460583728157043,0.972390428954896,3.2944138397436404,1.4856336778653696,1.0202896449188412,0.0,0.9561507209469999,0,3.8152610441767063,80
0.0,0.0,-0.9496694300347888,0.01619671261685036,0.972390428954896,-1.2822472025047347,0.12406102137181374,1.0237792577696059,0.0,0.9671402308007268,0,3.614457831325301,80
0.0,0.0,-0.9385345275644523,0.017005403805673454,0.9667817008967546,-1.20854396043717,0.008471646941718062,1.0299314365705388,0.0,0.9705333261647432,0,3.4136546184738954,80
0.0,0.0,-0.9268666483709856,0.017057679493838265,0.9555178015434204,-1.2014647409978092,0.00023178284351896774,1.0307407928288574,0.0,0.9734162545661981,0,3.21285140562249,80
0.0,0.0,-0.9151661154820114,0.017057910091769005,0.9438382585647486,-1.2009931999970038,-0.00030823692491322645,1.0311544643971164,0.0,0.9762653199999309,0,3.0120481927710845,80
0.0,0.0,-0.9034656405833761,0.01705473635126791,0.9321337921995788,-1.200962402446649,-0.0003434701046335323,1.031551212828177,0.0,0.9791116447661254,0,2.8112449799196786,80
0.0,0.0,-0.8917673567620936,0.01705134120104494,0.9204298888908704,-1.2009603935263349,-0.0003457682037505674,1.0319564107958281,0.0,0.9819572587504117,0,2.610441767068273,80
0.0,0.0,-0.8800714026831455,0.017047932249837996,0.9087282102311268,-1.200960262495523,-0.00034591809544606687,1.0323721103087673,0.0,0.9848022944313022,0,2.409638554216868,80
0.0,0.0,-0.8683777869516976,0.017044523036105808,0.8970288641371609,-1.2009602539491493,-0.0003459278719554448,1.0327988433219055,0.0,0.9876467605542476,0,2.208835341365462,80
0.0,0.0,-0.8566865096916563,0.017041114442579167,0.8853318572088842,-1.20096025339172,-0.00034592850964441734,1.0332370627452199,0.0,0.9904906577959081,0,2.0080321285140563,80
0.0,0.0,-0.8449975704739443,0.01703770652669445,0.8736371894393122,-1.2009602533553723,-0.00034592855124180173,1.0336872390747642,0.0,0.9933339863067472,0,1.8072289156626504,80
0.0,0.0,-0.8333109688335107,0.017034299292069694,0.8619448603907052,-1.2009602533529893,-0.00034592855395746455,1.0341498683534556,0.0,0.9961767462028946,0,1.606425702811245,80
0.0,0.0,-0.8216267043030462,0.01703089273881347,0.8502548695973204,-1.2009602533528354,-0.00034592855413536765,1.0346254744073256,0.0,0.9990189375982189,0,1.4056224899598395,80
0.0,0.0,-0.8099447764151816,0.017027486866805545,0.838567216591677,-1.2009602533528203,-0.0003459285541160939,1.0351146108495233,0.0,1.0018605606064204,0,1.2048192771084336,80
0.0,0.0,-0.7982651847026309,0.017024081675910636,0.8268819009062672,-1.200960253352843,-0.0003459285541226218,1.0356178632296569,0.0,1.004701615341166,0,1.0040160642570282,80
0.0,0.0,-0.7865879286982012,0.01702067716599261,0.8151989220736707,-1.2009602533528325,-0.0003459285541533487,1.0361358513698935,0.0,1.0075421019161015,0,0.8032128514056227,80
0.0,0.0,-0.774913007934793,0.01701727333691521,0.8035182796265578,-1.2009602533528247,-0.00034592855415662685,1.0366692319089588,0.0,1.0103820204448477,0,0.6024096385542173,80
0.0,0.0,-0.7632404219454003,0.017013870188542373,0.7918399730976942,-1.2009602533528174,-0.0003459285541237293,1.0372187010760898,0.0,1.0132213710410043,0,0.4016064257028109,80
0.0,0.0,-0.7515701702631101,0.01701046772073805,0.7801640020199375,-1.2009602533528279,-0.00034592855408910306,1.0377849977195388,0.0,1.0160601538181468,0,0.2008032128514054,80
0.0,0.0,-0.8788856978986028,0.18571725645523254,0.972390428954896,4.660642223575656,2.3987015664732128,1.082949474574828,0.0,0.8625976126267949,0,4.016064257028113,81
0.0,0.0,-0.9528965567247958,0.017460583728157043,0.972390428954896,3.2944138397436404,1.4856336778653696,1.0202896449188412,0.0,0.9561507209469999,1,3.8152610441767063,81
0.0,0.0,-0.9496694300347888,0.01619671261685036,0.972390428954896,-1.2822472025047347,0.12406102137181374,1.0237792577696059,0.0,0.9671402308007268,1,3.614457831325301,81
0.0,0.0,-0.9385345275644523,0.017005403805673454,0.9667817008967546,-1.20854396043717,0.008471646941718062,1.0299314365705388,0.0,0.9705333261647432,1,3.4136546184738954,81
0.0,0.0,-0.9268666483709856,0.017057679493838265,0.9555178015434204,-1.2014647409978092,0.00023178284351896774,1.0307407928288574,0.0,0.9734162545661981,1,3.21285140562249,81
0.0,0.0,-0.9151661154820114,0.017057910091769005,0.9438382585647486,-1.2009931999970038,-0.00030823692491322645,1.0311544643971164,0.0,0.9762653199999309,1,3.0120481927710845,81
0.0,0.0,-0.9034656405833761,0.01705473635126791,0.9321337921995788,-1.200962402446649,-0.0003434701046335323,1.031551212828177,0.0,0.9791116447661254,1,2.8112449799196786,81
0.0,0.0,-0.8917673567620936,0.01705134120104494,0.9204298888908704,-1.2009603935263349,-0.0003457682037505674,1.0319564107958281,0.0,0.9819572587504117,1,2.610441767068273,81
0.0,0.0,-0.8800714026831455,0.017047932249837996,0.9087282102311268,-1.200960262495523,-0.00034591809544606687,1.0323721103087673,0.0,0.9848022944313022,1,2.409638554216868,81
0.0,0.0,-0.8683777869516976,0.017044523036105808,0.8970288641371609,-1.2009602539491493,-0.0003459278719554448,1.0327988433219055,0.0,0.9876467605542476,1,2.208835341365462,81
0.0,0.0,-0.8566865096916563,0.017041114442579167,0.8853318572088842,-1.20096025339172,-0.00034592850964441734,1.0332370627452199,0.0,0.9904906577959081,1,2.0080321285140563,81
0.0,0.0,-0.8449975704739443,0.01703770652669445,0.8736371894393122,-1.2009602533553723,-0.00034592855124180173,1.0336872390747642,0.0,0.9933339863067472,1,1.8072289156626504,81
0.0,0.0,-0.8333109688335107,0.017034299292069694,0.8619448603907052,-1.2009602533529893,-0.00034592855395746455,1.0341498683534556,0.0,0.9961767462028946,1,1.606425702811245,81
0.0,0.0,-0.8216267043030462,0.01703089273881347,0.8502548695973204,-1.2009602533528354,-0.00034592855413536765,1.0346254744073256,0.0,0.9990189375982189,1,1.4056224899598395,81
0.0,0.0,-0.8099447764151816,0.017027486866805545,0.838567216591677,-1.2009602533528203,-0.0003459285541160939,1.0351146108495233,0.0,1.0018605606064204,1,1.2048192771084336,81
0.0,0.0,-0.7982651847026309,0.017024081675910636,0.8268819009062672,-1.200960253352843,-0.0003459285541226218,1.0356178632296569,0.0,1.004701615341166,1,1.0040160642570282,81
0.0,0.0,-0.7865879286982012,0.01702067716599261,0.8151989220736707,-1.2009602533528325,-0.0003459285541533487,1.0361358513698935,0.0,1.0075421019161015,1,0.8032128514056227,81
0.0,0.0,-0.774913007934793,0.01701727333691521,0.8035182796265578,-1.2009602533528247,-0.00034592855415662685,1.0366692319089588,0.0,1.0103820204448477,1,0.6024096385542173,81
0.0,0.0,-0.7632404219454003,0.017013870188542373,0.7918399730976942,-1.2009602533528174,-0.0003459285541237293,1.0372187010760898,0.0,1.0132213710410043,1,0.4016064257028109,81
0.0,0.0,-0.7515701702631101,0.01701046772073805,0.7801640020199375,-1.2009602533528279,-0.00034592855408910306,1.0377849977195388,0.0,1.0160601538181468,1,0.2008032128514054,81
0.0,0.0,-0.8788856978986028,0.18571725645523254,0.972390428954896,4.660642223575656,2.3987015664732128,1.082949474574828,0.0,0.8625976126267949,0,4.016064257028113,82
0.0,0.0,-0.9528965567247958,0.017460583728157043,0.972390428954896,3.2944138397436404,1.4856336778653696,1.0202896449188412,0.0,0.9561507209469999,0,3.8152610441767063,82
0.0,0.0,-0.9496694300347888,0.01619671261685036,0.972390428954896,-1.2822472025047347,0.12406102137181374,1.0237792577696059,0.0,0.9671402308007268,0,3.614457831325301,82
0.0,0.0,-0.9385345275644523,0.017005403805673454,0.9667817008967546,-1.20854396043717,0.008471646941718062,1.0299314365705388,0.0,0.9705333261647432,0,3.4136546184738954,82
0.0,0.0,-0.9268666483709856,0.017057679493838265,0.9555178015434204,-1.2014647409978092,0.00023178284351896774,1.0307407928288574,0.0,0.9734162545661981,0,3.21285140562249,82
0.0,0.0,-0.9151661154820114,0.017057910091769005,0.9438382585647486,-1.2009931999970038,-0.00030823692491322645,1.0311544643971164,0.0,0.9762653199999309,0,3.0120481927710845,82
0.0,0.0,-0.9034656405833761,0.01705473635126791,0.9321337921995788,-1.200962402446649,-0.0003434701046335323,1.031551212828177,0.0,0.9791116447661254,0,2.8112449799196786,82
0.0,0.0,-0.8917673567620936,0.01705134120104494,0.9204298888908704,-1.2009603935263349,-0.0003457682037505674,1.0319564107958281,0.0,0.9819572587504117,0,2.610441767068273,82
0.15,0.45456864504849487,-0.7392743714221268,0.43614956702349555,0.9087282102311268,5.158438800201187,2.6696090747069126,1.0614444645906649,0.016206482593037214,1.0008544764054803,2,2.409638554216868,82
0.45,0.6943650748294136,-0.4715648454579808,0.626968485782328,0.8970288641371609,-1.199927671470181,0.8835874345443028,1.1507928197402932,0.03781512605042016,1.0601371838149876,2,2.208835341365462,82
0.75,0.7576144084141581,-0.20842173346663898,0.6708645769158168,0.8853318572088842,-1.9823093657441677,0.011383848595913652,1.2719212576919534,0.045018007202881134,1.1237613738001329,2,2.0080321285140563,82
1.05,0.6943650748294137,0.05442141223451252,0.6097241570907004,0.8736371894393122,-1.239387285846389,-0.8569041695206937,1.44153961082499,0.03781512605042016,1.1876681448767703,2,1.8072289156626504,82
1.35,0.45456864504849487,0.3172428117018248,0.3984243114259671,0.8619448603907052,4.950397787874801,-2.6092101308836972,1.7028694953937,0.016206482593037207,1.2515928118416524,2,1.606425702811245,82
1.5,1.2285357956997882e-16,0.4392635771388839,0.013622428840630888,0.467806288384623,-1.1511748461393876,0.28509615236728403,1.0644770315164036,-1.2684018023958378e-17,1.2994659324215303,2,1.4056224899598395,82
1.5,1.2688263138573217e-16,0.44606304442666894,0.01653214462970419,0.4743357316333938,-1.2553622030012093,0.07194623158789284,1.0626677037869108,4.9859268185369136e-18,1.3069525038218983,2,1.2048192771084336,82
1.5,1.2285357956997882e-16,0.457424245658342,0.016990992135847083,0.4860095953112739,-1.2052161405760113,0.004566450402474316,1.0617743890566962,-1.2684018023958378e-17,1.3100964606122616,2,1.0040160642570282,82
1.5,1.18687833744435e-16,0.46908073907877623,0.017018516109385526,0.4976811299342643,-1.2012408484553825,-2.475709879769803e-05,1.060287506628912,-1.2684018023958378e-17,1.3129566997544055,2,0.8032128514056227,82
1.5,1.18687833744435e-16,0.4807543058918622,0.017017132398294887,0.5093503308195708,-1.2009785677148337,-0.00032497719237337277,1.0588317238335119,4.9859268185369136e-18,1.3157979063691982,2,0.6024096385542173,82
1.5,1.18687833744435e-16,0.4924268035887055,0.0170138609977254,0.5210171980981566,-1.2009614479452946,-0.0003445620063621106,1.057441822086326,-1.2684018023958378e-17,1.3186373409628243,2,0.4016064257028109,82
1.5,1.3457935360146644e-16,0.5040970495133441,0.017010467121394795,0.5326817322148065,-1.2009603312692851,-0.00034583942219742445,1.0561156191533256,-2.0192629026742142e-18,1.3214761292175317,2,0.2008032128514054,82
0.0,0.0,-0.8788856978986028,0.18571725645523254,0.972390428954896,4.660642223575656,2.3987015664732128,1.082949474574828,0.0,0.8625976126267949,0,4.016064257028113,83
0.0,0.0,-0.9528965567247958,0.017460583728157043,0.972390428954896,3.2944138397436404,1.4856336778653696,1.0202896449188412,0.0,0.9561507209469999,0,3.8152610441767063,83
0.0,0.0,-0.9496694300347888,0.01619671261685036,0.972390428954896,-1.2822472025047347,0.12406102137181374,1.0237792577696059,0.0,0.9671402308007268,0,3.614457831325301,83
0.0,0.0,-0.9385345275644523,0.017005403805673454,0.9667817008967546,-1.20854396043717,0.008471646941718062,1.0299314365705388,0.0,0.9705333261647432,0,3.4136546184738954,83
0.0,0.0,-0.9268666483709856,0.017057679493838265,0.9555178015434204,-1.2014647409978092,0.00023178284351896774,1.0307407928288574,0.0,0.9734162545661981,0,3.21285140562249,83
0.0,0.0,-0.9151661154820114,0.017057910091769005,0.9438382585647486,-1.2009931999970038,-0.00030823692491322645,1.0311544643971164,0.0,0.9762653199999309,0,3.0120481927710845,83
0.0,0.0,-0.9034656405833761,0.01705473635126791,0.9321337921995788,-1.200962402446649,-0.0003434701046335323,1.031551212828177,0.0,0.9791116447661254,0,2.8112449799196786,83
0.0,0.0,-0.8917673567620936,0.01705134120104494,0.9204298888908704,-1.2009603935263349,-0.0003457682037505674,1.0319564107958281,0.0,0.9819572587504117,0,2.610441767068273,83
0.0001117142024304546,0.00047543618933293256,-0.8801794862299649,0.016875640584616103,0.9087282102311268,-1.230800678212272,-0.029702055272068605,1.0322491990980711,1.260639118467013e-05,0.984793405942818,3,2.409638554216868,83
0.00013963814515466688,0.0005085868366752623,-0.868497634757697,0.016928693995331607,0.8970288641371609,-1.1808352085283955,0.00046356838747569056,1.0326590154479791,1.0124867747772258e-05,0.9876211400979962,3,2.208835341365462,83
0.0003350722383074645,0.0007755317995776557,-0.8569803475851593,0.01677041436908561,0.8853318572088842,-1.1972210987424503,-0.00881590239637666,1.0328892330628092,2.2523763609385594e-05,0.9904351294111571,3,2.0080321285140563,83
0.00039090002194581644,0.0007997510416964096,-0.8453280768966414,0.0169256402315608,0.8736371894393122,-1.1822011612184258,0.02843038659625595,1.0332859445849807,1.1661426424782367e-05,0.9932575148900586,3,1.8072289156626504,83
0.0005304410116465175,0.0008868929653779759,-0.8337632814788316,0.016990329936876332,0.8619448603907052,-1.209829658581023,0.010615953049424524,1.0335901658858453,6.224918761482927e-06,0.9960766146328861,3,1.606425702811245,83
0.0005303293521665303,0.0008866921214030359,-0.8220711741140502,0.016935099983817162,0.8500808628385155,-1.2468489421682958,0.003532388307668114,1.0338571317304714,7.5630988818642e-06,0.9989114563759394,3,1.4056224899598395,83
0.0005303036736963462,0.0008866665524821143,-0.8103874009088785,0.017210744610102496,0.8399280007431671,-1.1717790526024645,-0.005058091548899351,1.0362234526800747,-1.1736980491868138e-05,1.0017513495126205,3,1.2048192771084336,83
0.00041854540463952093,0.0007589479822051865,-0.7986068356473353,0.017054273019207346,0.8267224827564529,-1.2100218503897409,0.011332935537156632,1.034974620520635,-1.815771585118367e-06,1.004608100927306,3,1.0040160642570282,83
0.0003906047280695074,0.0007478241924830577,-0.7869126025174746,0.017187317160994843,0.8165552724842777,-1.1886663502399242,-0.0017877899435497148,1.0374271089562244,-1.1394072450245432e-05,1.0074603769227273,3,0.8032128514056227,83
0.00039046358257466165,0.0007475245655950292,-0.7752410785362038,0.01697541963130306,0.8034194351424994,-1.2219530012886994,-0.011749288435434569,1.0361044656252805,3.7407991680686497e-06,1.0103036681392212,3,0.6024096385542173,83
0.00030673309156941444,0.0006478417807271831,-0.763487258872172,0.01697799948181874,0.7916596945058241,-1.197978543127472,0.006768756018992317,1.0366485236107055,2.4716497093183645e-06,1.013149467245572,3,0.4016064257028109,83
0.0003345739144817439,0.0006640982587574768,-0.7518514383169468,0.01706573762501402,0.7815389060178282,-1.1840438400249953,-0.0013173551838062047,1.0392234932482132,-2.818154078115006e-06,1.0159931653900522,3,0.2008032128514054,83
0.0,0.0,-0.8788856978986028,0.18571725645523254,0.972390428954896,4.660642223575656,2.3987015664732128,1.082949474574828,0.0,0.8625976126267949,0,4.016064257028113,84
0.0,0.0,-0.9528965567247958,0.017460583728157043,0.972390428954896,3.2944138397436404,1.4856336778653696,1.0202896449188412,0.0,0.9561507209469999,0,3.8152610441767063,84
0.0,0.0,-0.9496694300347888,0.01619671261685036,0.972390428954896,-1.2822472025047347,0.12406102137181374,1.0237792577696059,0.0,0.9671402308007268,0,3.614457831325301,84
0.0,0.0,-0.9385345275644523,0.017005403805673454,0.9667817008967546,-1.20854396043717,0.008471646941718062,1.0299314365705388,0.0,0.9705333261647432,0,3.4136546184738954,84
0.0,0.0,-0.9268666483709856,0.017057679493838265,0.9555178015434204,-1.2014647409978092,0.00023178284351896774,1.0307407928288574,0.0,0.9734162545661981,0,3.21285140562249,84
0.0,0.0,-0.9151661154820114,0.017057910091769005,0.9438382585647486,-1.2009931999970038,-0.00030823692491322645,1.0311544643971164,0.0,0.9762653199999309,0,3.0120481927710845,84
0.0,0.0,-0.9034656405833761,0.01705473635126791,0.9321337921995788,-1.200962402446649,-0.0003434701046335323,1.031551212828177,0.0,0.9791116447661254,0,2.8112449799196786,84
0.0,0.0,-0.8917673567620936,0.01705134120104494,0.9204298888908704,-1.2009603935263349,-0.0003457682037505674,1.0319564107958281,0.0,0.9819572587504117,0,2.610441767068273,84
0.00041894012906589726,0.0014176739195425492,-0.8804721420288751,0.016441225306195597,0.9087282102311268,-1.279793684262268,-0.09656595560168853,1.0319156551502409,4.6604752972370344e-05,0.9847645992793274,4,2.409638554216868,84
0.0033512976108248465,0.006154814261058471,-0.8714091524468737,0.013342557636857603,0.8970288641371609,-1.219650914322021,-0.47423423493864597,1.02928209109814,0.00031916907324562924,0.9871793646143668,4,2.208835341365462,84
0.009075825989379217,0.01165188540406945,-0.8646993586710009,0.008985464732317183,0.8853318572088842,-0.4868820355951895,-0.9996099037891948,1.0238067232909946,0.0007190773666546099,0.989037887685909,4,2.0080321285140563,84
0.017591966880806043,0.016653176227829032,-0.8603296385188609,0.004394143820628768,0.8736371894393122,1.9672605163071095,-1.8277036641000635,1.015454987595995,0.0011121981731547553,0.9903282435959149,4,1.8072289156626504,84
0.028899162012849103,0.01991239694477584,-0.8582986989944122,0.0007029930450787007,0.8619448603907052,15.68382821286604,-3.784077791859711,1.004247796327067,0.0013644268565792782,0.9910497610782484,4,1.606425702811245,84
0.04257791309583067,0.020345163811072802,-0.8582052792372342,3.763318461226068e-05,0.8582207706123105,9.161159369647482,3.0649072188708244,1.0000180499547275,0.0013956667116244437,0.9912401978588581,4,1.4056224899598395,84
0.05653318485713385,0.020341095144504027,-0.8582197606712052,2.4541002431202504e-06,0.8582207708803525,9.16115936994638,3.064907218929708,1.0000011770944404,0.0013953876034027816,0.9912539748289045,4,1.2048192771084336,84
0.07048566581526626,0.02033702729159532,-0.8582207050210121,1.600345031866871e-07,0.8582207708978319,9.161159356626914,3.064907215717404,1.000000076759748,0.0013951085509977385,0.991254873239865,4,1.0040160642570282,84
0.0844353565283383,0.02033296025218396,-0.8582207666030738,1.043602124428613e-08,0.8582207708989714,9.161159390006732,3.0649072271094266,1.0000000050055857,0.0013948295543981535,0.9912549318262053,4,0.8032128514056227,84
0.09838225755434876,0.020328894026107266,-0.8582207706189058,6.805440767411783e-10,0.858220770899046,9.16115769904257,3.064906818872237,1.0000000003264198,0.0013945506135928654,0.9912549356466833,4,0.6024096385542173,84
0.11232636945118486,0.020324828613202586,-0.8582207708807826,4.4378963404955396e-11,0.8582207708990509,9.161158815011051,3.0649076347438555,1.0000000000212863,0.0013942717285707164,0.9912549358958205,4,0.4016064257028109,84
0.12626769277662223,0.020320764013307374,-0.85822077089786,2.8939654534066818e-12,0.8582207708990509,9.161853616484722,3.065078526413101,1.0000000000013878,0.0013939928993205576,0.9912549359120671,4,0.2008032128514054,84
0.0,0.0,-0.8788856978986028,0.18571725645523254,0.972390428954896,4.660642223575656,2.3987015664732128,1.082949474574828,0.0,0.8625976126267949,0,4.016064257028113,85
0.0,0.0,-0.9528965567247958,0.017460583728157043,0.972390428954896,3.2944138397436404,1.4856336778653696,1.0202896449188412,0.0,0.9561507209469999,0,3.8152610441767063,85
0.0,0.0,-0.9496694300347888,0.01619671261685036,0.972390428954896,-1.2822472025047347,0.12406102137181374,1.0237792577696059,0.0,0.9671402308007268,0,3.614457831325301,85
0.0,0.0,-0.9385345275644523,0.017005403805673454,0.9667817008967546,-1.20854396043717,0.008471646941718062,1.0299314365705388,0.0,0.9705333261647432,0,3.4136546184738954,85
0.0,0.0,-0.9268666483709856,0.017057679493838265,0.9555178015434204,-1.2014647409978092,0.00023178284351896774,1.0307407928288574,0.0,0.9734162545661981,0,3.21285140562249,85
0.0,0.0,-0.9151661154820114,0.017057910091769005,0.9438382585647486,-1.2009931999970038,-0.00030823692491322645,1.0311544643971164,0.0,0.9762653199999309,0,3.0120481927710845,85
0.0,0.0,-0.9034656405833761,0.01705473635126791,0.9321337921995788,-1.200962402446649,-0.0003434701046335323,1.031551212828177,0.0,0.9791116447661254,0,2.8112449799196786,85
0.0,0.0,-0.8917673567620936,0.01705134120104494,0.9204298888908704,-1.2009603935263349,-0.0003457682037505674,1.0319564107958281,0.0,0.9819572587504117,0,2.610441767068273,85
0.0,0.0,-0.8800714026831455,0.017047932249837996,0.9087282102311268,-1.200960262495523,-0.00034591809544606687,1.0323721103087673,0.0,0.9848022944313022,0,2.409638554216868,85
0.0,0.0,-0.8683777869516976,0.017044523036105808,0.8970288641371609,-1.2009602539491493,-0.0003459278719554448,1.0327988433219055,0.0,0.9876467605542476,0,2.208835341365462,85
0.0,0.0,-0.8566865096916563,0.017041114442579167,0.8853318572088842,-1.20096025339172,-0.00034592850964441734,1.0332370627452199,0.0,0.9904906577959081,0,2.0080321285140563,85
0.0,0.0,-0.8449975704739443,0.01703770652669445,0.8736371894393122,-1.2009602533553723,-0.00034592855124180173,1.0336872390747642,0.0,0.9933339863067472,0,1.8072289156626504,85
0.0,0.0,-0.8333109688335107,0.017034299292069694,0.8619448603907052,-1.2009602533529893,-0.00034592855395746455,1.0341498683534556,0.0,0.9961767462028946,0,1.606425702811245,85
0.0,0.0,-0.8216267043030462,0.01703089273881347,0.8502548695973204,-1.2009602533528354,-0.00034592855413536765,1.0346254744073256,0.0,0.9990189375982189,0,1.4056224899598395,85
0.0,0.0,-0.8099447764151816,0.017027486866805545,0.838567216591677,-1.2009602533528203,-0.0003459285541160939,1.0351146108495233,0.0,1.0018605606064204,0,1.2048192771084336,85
0.0,0.0,-0.7982651847026309,0.017024081675910636,0.8268819009062672,-1.200960253352843,-0.0003459285541226218,1.0356178632296569,0.0,1.004701615341166,0,1.0040160642570282,85
0.0,0.0,-0.7865879286982012,0.01702067716599261,0.8151989220736707,-1.2009602533528325,-0.0003459285541533487,1.0361358513698935,0.0,1.0075421019161015,0,0.8032128514056227,85
0.0,0.0,-0.774913007934793,0.01701727333691521,0.8035182796265578,-1.2009602533528247,-0.00034592855415662685,1.0366692319089588,0.0,1.0103820204448477,0,0.6024096385542173,85
0.0,0.0,-0.7632404219454003,0.017013870188542373,0.7918399730976942,-1.2009602533528174,-0.0003459285541237293,1.0372187010760898,0.0,1.0132213710410043,0,0.4016064257028109,85
0.0,0.0,-0.7515701702631101,0.01701046772073805,0.7801640020199375,-1.2009602533528279,-0.00034592855408910306,1.0377849977195388,0.0,1.0160601538181468,0,0.2008032128514054,85
0.0,0.0,-0.8788856978986028,0.18571725645523254,0.972390428954896,4.660642223575656,2.3987015664732128,1.082949474574828,0.0,0.8625976126267949,0,4.016064257028113,86
0.0,0.0,-0.9528965567247958,0.017460583728157043,0.972390428954896,3.2944138397436404,1.4856336778653696,1.0202896449188412,0.0,0.9561507209469999,1,3.8152610441767063,86
0.0,0.0,-0.9496694300347888,0.01619671261685036,0.972390428954896,-1.2822472025047347,0.12406102137181374,1.0237792577696059,0.0,0.9671402308007268,1,3.614457831325301,86
0.0,0.0,-0.9385345275644523,0.017005403805673454,0.9667817008967546,-1.20854396043717,0.008471646941718062,1.0299314365705388,0.0,0.9705333261647432,1,3.4136546184738954,86
0.0,0.0,-0.9268666483709856,0.017057679493838265,0.9555178015434204,-1.2014647409978092,0.00023178284351896774,1.0307407928288574,0.0,0.9734162545661981,1,3.21285140562249,86
0.0,0.0,-0.9151661154820114,0.017057910091769005,0.9438382585647486,-1.2009931999970038,-0.00030823692491322645,1.0311544643971164,0.0,0.9762653199999309,1,3.0120481927710845,86
0.0,0.0,-0.9034656405833761,0.01705473635126791,0.9321337921995788,-1.200962402446649,-0.0003434701046335323,1.031551212828177,0.0,0.9791116447661254,1,2.8112449799196786,86
0.0,0.0,-0.8917673567620936,0.01705134120104494,0.9204298888908704,-1.2009603935263349,-0.0003457682037505674,1.0319564107958281,0.0,0.9819572587504117,1,2.610441767068273,86
0.0,0.0,-0.8800714026831455,0.017047932249837996,0.9087282102311268,-1.200960262495523,-0.00034591809544606687,1.0323721103087673,0.0,0.9848022944313022,1,2.409638554216868,86
0.0,0.0,-0.8683777869516976,0.017044523036105808,0.8970288641371609,-1.2009602539491493,-0.0003459278719554448,1.0327988433219055,0.0,0.9876467605542476,1,2.208835341365462,86
0.0,0.0,-0.8566865096916563,0.017041114442579167,0.8853318572088842,-1.20096025339172,-0.00034592850964441734,1.0332370627452199,0.0,0.9904906577959081,1,2.0080321285140563,86
0.0,0.0,-0.8449975704739443,0.01703770652669445,0.8736371894393122,-1.2009602533553723,-0.00034592855124180173,1.0336872390747642,0.0,0.9933339863067472,1,1.8072289156626504,86
0.0,0.0,-0.8333109688335107,0.017034299292069694,0.8619448603907052,-1.2009602533529893,-0.00034592855395746455,1.0341498683534556,0.0,0.9961767462028946,1,1.606425702811245,86
0.0,0.0,-0.8216267043030462,0.01703089273881347,0.8502548695973204,-1.2009602533528354,-0.00034592855413536765,1.0346254744073256,0.0,0.9990189375982189,1,1.4056224899598395,86
0.0,0.0,-0.8099447764151816,0.017027486866805545,0.838567216591677,-1.2009602533528203,-0.0003459285541160939,1.0351146108495233,0.0,1.0018605606064204,1,1.2048192771084336,86
0.0,0.0,-0.7982651847026309,0.017024081675910636,0.8268819009062672,-1.200960253352843,-0.0003459285541226218,1.0356178632296569,0.0,1.004701615341166,1,1.0040160642570282,86
0.0,0.0,-0.7865879286982012,0.01702067716599261,0.8151989220736707,-1.2009602533528325,-0.0003459285541533487,1.0361358513698935,0.0,1.0075421019161015,1,0.8032128514056227,86
0.0,0.0,-0.774913007934793,0.01701727333691521,0.8035182796265578,-1.2009602533528247,-0.00034592855415662685,1.0366692319089588,0.0,1.0103820204448477,1,0.6024096385542173,86
0.0,0.0,-0.7632404219454003,0.017013870188542373,0.7918399730976942,-1.2009602533528174,-0.0003459285541237293,1.0372187010760898,0.0,1.0132213710410043,1,0.4016064257028109,86
0.0,0.0,-0.7515701702631101,0.01701046772073805,0.7801640020199375,-1.2009602533528279,-0.00034592855408910306,1.0377849977195388,0.0,1.0160601538181468,1,0.2008032128514054,86
0.0,0.0,-0.8788856978986028,0.18571725645523254,0.972390428954896,4.660642223575656,2.3987015664732128,1.082949474574828,0.0,0.8625976126267949,0,4.016064257028113,87
0.0,0.0,-0.9528965567247958,0.017460583728157043,0.972390428954896,3.2944138397436404,1.4856336778653696,1.0202896449188412,0.0,0.9561507209469999,0,3.8152610441767063,87
0.0,0.0,-0.9496694300347888,0.01619671261685036,0.972390428954896,-1.2822472025047347,0.12406102137181374,1.0237792577696059,0.0,0.9671402308007268,0,3.614457831325301,87
0.0,0.0,-0.9385345275644523,0.017005403805673454,0.9667817008967546,-1.20854396043717,0.008471646941718062,1.0299314365705388,0.0,0.9705333261647432,0,3.4136546184738954,87
0.0,0.0,-0.9268666483709856,0.017057679493838265,0.9555178015434204,-1.2014647409978092,0.00023178284351896774,1.0307407928288574,0.0,0.9734162545661981,0,3.21285140562249,87
0.0,0.0,-0.9151661154820114,0.017057910091769005,0.9438382585647486,-1.2009931999970038,-0.00030823692491322645,1.0311544643971164,0.0,0.9762653199999309,0,3.0120481927710845,87
0.0,0.0,-0.9034656405833761,0.01705473635126791,0.9321337921995788,-1.200962402446649,-0.0003434701046335323,1.031551212828177,0.0,0.9791116447661254,0,2.8112449799196786,87
0.0,0.0,-0.8917673567620936,0.01705134120104494,0.9204298888908704,-1.2009603935263349,-0.0003457682037505674,1.0319564107958281,0.0,0.9819572587504117,0,2.610441767068273,87
0.15,0.45456864504849487,-0.7392743714221268,0.43614956702349555,0.9087282102311268,5.158438800201187,2.6696090747069126,1.0614444645906649,0.016206482593037214,1.0008544764054803,2,2.409638554216868,87
0.45,0.6943650748294136,-0.4715648454579808,0.626968485782328,0.8970288641371609,-1.199927671470181,0.8835874345443028,1.1507928197402932,0.03781512605042016,1.0601371838149876,2,2.208835341365462,87
0.75,0.7576144084141581,-0.20842173346663898,0.6708645769158168,0.8853318572088842,-1.9823093657441677,0.011383848595913652,1.2719212576919534,0.045018007202881134,1.1237613738001329,2,2.0080321285140563,87
1.05,0.6943650748294137,0.05442141223451252,0.6097241570907004,0.8736371894393122,-1.239387285846389,-0.8569041695206937,1.44153961082499,0.03781512605042016,1.1876681448767703,2,1.8072289156626504,87
1.35,0.45456864504849487,0.3172428117018248,0.3984243114259671,0.8619448603907052,4.950397787874801,-2.6092101308836972,1.7028694953937,0.016206482593037207,1.2515928118416524,2,1.606425702811245,87
1.5,1.2285357956997882e-16,0.4392635771388839,0.013622428840630888,0.467806288384623,-1.1511748461393876,0.28509615236728403,1.0644770315164036,-1.2684018023958378e-17,1.2994659324215303,2,1.4056224899598395,87
1.5,1.2688263138573217e-16,0.44606304442666894,0.01653214462970419,0.4743357316333938,-1.2553622030012093,0.07194623158789284,1.0626677037869108,4.9859268185369136e-18,1.3069525038218983,2,1.2048192771084336,87
1.5,1.2285357956997882e-16,0.457424245658342,0.016990992135847083,0.4860095953112739,-1.2052161405760113,0.004566450402474316,1.0617743890566962,-1.2684018023958378e-17,1.3100964606122616,2,1.0040160642570282,87
1.5,1.18687833744435e-16,0.46908073907877623,0.017018516109385526,0.4976811299342643,-1.2012408484553825,-2.475709879769803e-05,1.060287506628912,-1.2684018023958378e-17,1.3129566997544055,2,0.8032128514056227,87
1.5,1.18687833744435e-16,0.4807543058918622,0.017017132398294887,0.5093503308195708,-1.2009785677148337,-0.00032497719237337277,1.0588317238335119,4.9859268185369136e-18,1.3157979063691982,2,0.6024096385542173,87
1.5,1.18687833744435e-16,0.4924268035887055,0.0170138609977254,0.5210171980981566,-1.2009614479452946,-0.0003445620063621106,1.057441822086326,-1.2684018023958378e-17,1.3186373409628243,2,0.4016064257028109,87
1.5,1.3457935360146644e-16,0.5040970495133441,0.017010467121394795,0.5326817322148065,-1.2009603312692851,-0.00034583942219742445,1.0561156191533256,-2.0192629026742142e-18,1.3214761292175317,2,0.2008032128514054,87
0.0,0.0,-0.8788856978986028,0.18571725645523254,0.972390428954896,4.660642223575656,2.3987015664732128,1.082949474574828,0.0,0.8625976126267949,0,4.016064257028113,88
0.0,0.0,-0.9528965567247958,0.017460583728157043,0.972390428954896,3.2944138397436404,1.4856336778653696,1.0202896449188412,0.0,0.9561507209469999,0,3.8152610441767063,88
0.0,0.0,-0.9496694300347888,0.01619671261685036,0.972390428954896,-1.2822472025047347,0.12406102137181374,1.0237792577696059,0.0,0.9671402308007268,0,3.614457831325301,88
0.0,0.0,-0.9385345275644523,0.017005403805673454,0.9667817008967546,-1.20854396043717,0.008471646941718062,1.0299314365705388,0.0,0.9705333261647432,0,3.4136546184738954,88
0.0,0.0,-0.9268666483709856,0.017057679493838265,0.9555178015434204,-1.2014647409978092,0.00023178284351896774,1.0307407928288574,0.0,0.9734162545661981,0,3.21285140562249,88
0.0,0.0,-0.9151661154820114,0.017057910091769005,0.9438382585647486,-1.2009931999970038,-0.00030823692491322645,1.0311544643971164,0.0,0.9762653199999309,0,3.0120481927710845,88
0.0,0.0,-0.9034656405833761,0.01705473635126791,0.9321337921995788,-1.200962402446649,-0.0003434701046335323,1.031551212828177,0.0,0.9791116447661254,0,2.8112449799196786,88
0.0,0.0,-0.8917673567620936,0.01705134120104494,0.9204298888908704,-1.2009603935263349,-0.0003457682037505674,1.0319564107958281,0.0,0.9819572587504117,0,2.610441767068273,88
5.5857939084314465e-05,0.0002764251100579326,-0.8801236299666187,0.01696798745473283,0.9087282102311268,-1.2107346899792244,-0.012541243442479725,1.0323126461309489,6.035066085124233e-06,0.9847961231269429,3,2.409638554216868,88
0.00013962753335270027,0.0005085319146088472,-0.8685045853340079,0.01688332731094586,0.8970288641371609,-1.2072471393526565,-0.01674101851717673,1.0326517828462187,1.2671717658802822e-05,0.9876277631683318,3,2.208835341365462,88
0.00019546704218793232,0.000564848152111447,-0.8568529825353102,0.01691854000857872,0.8853318572088842,-1.17858575179372,0.008144905997878557,1.033039267852489,1.1061503116374879e-05,0.9904535653584134,3,2.0080321285140563,88
0.00036295430131582984,0.0007881480027095258,-0.8453085371219019,0.01685417752419698,0.8736371894393122,-1.1864246984685438,0.011134332844782418,1.0333115300519422,1.66880918648101e-05,0.9932668713679496,3,1.8072289156626504,88
0.00039086428541903974,0.0007996574678376243,-0.8336391428008446,0.01705187635879682,0.8619448603907052,-1.1897680724609647,0.02949021444250538,1.033742490503842,1.4706691735479876e-06,0.9960980915320076,3,1.606425702811245,88
0.00036290963277852475,0.0007880882631614436,-0.821925979233464,0.017146867240564998,0.8501895502035124,-1.2216607793621679,0.02106240058112544,1.0341664846481171,-7.443316963265967e-06,0.9989407443657808,3,1.4056224899598395,88
0.00047441561350958727,0.0008738736378286231,-0.8103463321483598,0.016961091669011084,0.8384487787071561,-1.234483042662221,-0.028369088678014055,1.0344575119579609,5.548473084223084e-06,1.0017681666434612,3,1.2048192771084336,88
0.000530145729424858,0.0009301301359468642,-0.7987106579030069,0.01705086637904223,0.8284248947696667,-1.1228092312777562,-0.024009004108083147,1.03697121375204,8.570517329997691e-07,1.0045952723201146,3,1.0040160642570282,88
0.00047419518656538706,0.0008734620129862195,-0.7869917452648154,0.016868293360339695,0.8153613962883012,-1.2076319430767575,0.009972084277485126,1.03581507147872,1.2918679407539575e-05,1.0074520792330057,3,0.8032128514056227,88
0.000557805746930054,0.0009343972955390325,-0.7753865474310679,0.016985907038170347,0.8035066086953354,-1.2196160409991177,0.015195618689367823,1.0360222741154608,5.4820166682316755e-06,1.01027471838899,3,0.6024096385542173,88
0.0006414007029528556,0.0009432127500891744,-0.7637838980565901,0.017131926921477237,0.7920586014433468,-1.189946188682001,-0.014323984124113285,1.0367636846602089,-6.374687339582283e-06,1.0130970085070456,3,0.4016064257028109,88
0.0005297373817575424,0.0008857209364297917,-0.7520016311385305,0.017069802421968063,0.7813874896758415,-1.1675169255416076,0.012239798259051391,1.0388146149018889,-3.0215240640736595e-06,1.0159408884634518,3,0.2008032128514054,88
0.0,0.0,-0.8788856978986028,0.18571725645523254,0.972390428954896,4.660642223575656,2.3987015664732128,1.082949474574828,0.0,0.8625976126267949,0,4.016064257028113,89
0.0,0.0,-0.9528965567247958,0.017460583728157043,0.972390428954896,3.2944138397436404,1.4856336778653696,1.0202896449188412,0.0,0.9561507209469999,0,3.8152610441767063,89
0.0,0.0,-0.9496694300347888,0.01619671261685036,0.972390428954896,-1.2822472025047347,0.12406102137181374,1.0237792577696059,0.0,0.9671402308007268,0,3.614457831325301,89
0.0,0.0,-0.9385345275644523,0.017005403805673454,0.9667817008967546,-1.20854396043717,0.008471646941718062,1.0299314365705388,0.0,0.9705333261647432,0,3.4136546184738954,89
0.0,0.0,-0.9268666483709856,0.017057679493838265,0.9555178015434204,-1.2014647409978092,0.00023178284351896774,1.0307407928288574,0.0,0.9734162545661981,0,3.21285140562249,89
0.0,0.0,-0.9151661154820114,0.017057910091769005,0.9438382585647486,-1.2009931999970038,-0.00030823692491322645,1.0311544643971164,0.0,0.9762653199999309,0,3.0120481927710845,89
0.0,0.0,-0.9034656405833761,0.01705473635126791,0.9321337921995788,-1.200962402446649,-0.0003434701046335323,1.031551212828177,0.0,0.9791116447661254,0,2.8112449799196786,89
0.0,0.0,-0.8917673567620936,0.01705134120104494,0.9204298888908704,-1.2009603935263349,-0.0003457682037505674,1.0319564107958281,0.0,0.9819572587504117,0,2.610441767068273,89
0.00041894012906589726,0.0014176739195425492,-0.8804721420288751,0.016441225306195597,0.9087282102311268,-1.279793684262268,-0.09656595560168853,1.0319156551502409,4.6604752972370344e-05,0.9847645992793274,4,2.409638554216868,89
0.0033512976108248465,0.006154814261058471,-0.8714091524468737,0.013342557636857603,0.8970288641371609,-1.219650914322021,-0.47423423493864597,1.02928209109814,0.00031916907324562924,0.9871793646143668,4,2.208835341365462,89
0.009075825989379217,0.01165188540406945,-0.8646993586710009,0.008985464732317183,0.8853318572088842,-0.4868820355951895,-0.9996099037891948,1.0238067232909946,0.0007190773666546099,0.989037887685909,4,2.0080321285140563,89
0.017591966880806043,0.016653176227829032,-0.8603296385188609,0.004394143820628768,0.8736371894393122,1.9672605163071095,-1.8277036641000635,1.015454987595995,0.0011121981731547553,0.9903282435959149,4,1.8072289156626504,89
0.028899162012849103,0.01991239694477584,-0.8582986989944122,0.0007029930450787007,0.8619448603907052,15.68382821286604,-3.784077791859711,1.004247796327067,0.0013644268565792782,0.9910497610782484,4,1.606425702811245,89
0.04257791309583067,0.020345163811072802,-0.8582052792372342,3.763318461226068e-05,0.8582207706123105,9.161159369647482,3.0649072188708244,1.0000180499547275,0.0013956667116244437,0.9912401978588581,4,1.4056224899598395,89
0.05653318485713385,0.020341095144504027,-0.8582197606712052,2.4541002431202504e-06,0.8582207708803525,9.16115936994638,3.064907218929708,1.0000011770944404,0.0013953876034027816,0.9912539748289045,4,1.2048192771084336,89
0.07048566581526626,0.02033702729159532,-0.8582207050210121,1.600345031866871e-07,0.8582207708978319,9.161159356626914,3.064907215717404,1.000000076759748,0.0013951085509977385,0.991254873239865,4,1.0040160642570282,89
0.0844353565283383,0.02033296025218396,-0.8582207666030738,1.043602124428613e-08,0.8582207708989714,9.161159390006732,3.0649072271094266,1.0000000050055857,0.0013948295543981535,0.9912549318262053,4,0.8032128514056227,89
0.09838225755434876,0.020328894026107266,-0.8582207706189058,6.805440767411783e-10,0.858220770899046,9.16115769904257,3.064906818872237,1.0000000003264198,0.0013945506135928654,0.9912549356466833,4,0.6024096385542173,89
0.11232636945118486,0.020324828613202586,-0.8582207708807826,4.4378963404955396e-11,0.8582207708990509,9.161158815011051,3.0649076347438555,1.0000000000212863,0.0013942717285707164,0.9912549358958205,4,0.4016064257028109,89
0.12626769277662223,0.020320764013307374,-0.85822077089786,2.8939654534066818e-12,0.8582207708990509,9.161853616484722,3.065078526413101,1.0000000000013878,0.0013939928993205576,0.9912549359120671,4,0.2008032128514054,89
0.0,0.0,-0.8788856978986028,0.18571725645523254,0.972390428954896,4.660642223575656,2.3987015664732128,1.082949474574828,0.0,0.8625976126267949,0,4.016064257028113,90
0.0,0.0,-0.9528965567247958,0.017460583728157043,0.972390428954896,3.2944138397436404,1.4856336778653696,1.0202896449188412,0.0,0.9561507209469999,0,3.8152610441767063,90
0.0,0.0,-0.9496694300347888,0.01619671261685036,0.972390428954896,-1.2822472025047347,0.12406102137181374,1.0237792577696059,0.0,0.9671402308007268,0,3.614457831325301,90
0.0,0.0,-0.9385345275644523,0.017005403805673454,0.9667817008967546,-1.20854396043717,0.008471646941718062,1.0299314365705388,0.0,0.9705333261647432,0,3.4136546184738954,90
0.0,0.0,-0.9268666483709856,0.017057679493838265,0.9555178015434204,-1.2014647409978092,0.00023178284351896774,1.0307407928288574,0.0,0.9734162545661981,0,3.21285140562249,90
0.0,0.0,-0.9151661154820114,0.017057910091769005,0.9438382585647486,-1.2009931999970038,-0.00030823692491322645,1.0311544643971164,0.0,0.9762653199999309,0,3.0120481927710845,90
0.0,0.0,-0.9034656405833761,0.01705473635126791,0.9321337921995788,-1.200962402446649,-0.0003434701046335323,1.031551212828177,0.0,0.9791116447661254,0,2.8112449799196786,90
0.0,0.0,-0.8917673567620936,0.01705134120104494,0.9204298888908704,-1.2009603935263349,-0.0003457682037505674,1.0319564107958281,0.0,0.9819572587504117,0,2.610441767068273,90
0.0,0.0,-0.8800714026831455,0.017047932249837996,0.9087282102311268,-1.200960262495523,-0.00034591809544606687,1.0323721103087673,0.0,0.9848022944313022,0,2.409638554216868,90
0.0,0.0,-0.8683777869516976,0.017044523036105808,0.8970288641371609,-1.2009602539491493,-0.0003459278719554448,1.0327988433219055,0.0,0.9876467605542476,0,2.208835341365462,90
0.0,0.0,-0.8566865096916563,0.017041114442579167,0.8853318572088842,-1.20096025339172,-0.00034592850964441734,1.0332370627452199,0.0,0.9904906577959081,0,2.0080321285140563,90
0.0,0.0,-0.8449975704739443,0.01703770652669445,0.8736371894393122,-1.2009602533553723,-0.00034592855124180173,1.0336872390747642,0.0,0.9933339863067472,0,1.8072289156626504,90
0.0,0.0,-0.8333109688335107,0.017034299292069694,0.8619448603907052,-1.2009602533529893,-0.00034592855395746455,1.0341498683534556,0.0,0.9961767462028946,0,1.606425702811245,90
0.0,0.0,-0.8216267043030462,0.01703089273881347,0.8502548695973204,-1.2009602533528354,-0.00034592855413536765,1.0346254744073256,0.0,0.9990189375982189,0,1.4056224899598395,90
0.0,0.0,-0.8099447764151816,0.017027486866805545,0.838567216591677,-1.2009602533528203,-0.0003459285541160939,1.0351146108495233,0.0,1.0018605606064204,0,1.2048192771084336,90
0.0,0.0,-0.7982651847026309,0.017024081675910636,0.8268819009062672,-1.200960253352843,-0.0003459285541226218,1.0356178632296569,0.0,1.004701615341166,0,1.0040160642570282,90
0.0,0.0,-0.7865879286982012,0.01702067716599261,0.8151989220736707,-1.2009602533528325,-0.0003459285541533487,1.0361358513698935,0.0,1.0075421019161015,0,0.8032128514056227,90
0.0,0.0,-0.774913007934793,0.01701727333691521,0.8035182796265578,-1.2009602533528247,-0.00034592855415662685,1.0366692319089588,0.0,1.0103820204448477,0,0.6024096385542173,90
0.0,0.0,-0.7632404219454003,0.017013870188542373,0.7918399730976942,-1.2009602533528174,-0.0003459285541237293,1.0372187010760898,0.0,1.0132213710410043,0,0.4016064257028109,90
0.0,0.0,-0.7515701702631101,0.01701046772073805,0.7801640020199375,-1.2009602533528279,-0.00034592855408910306,1.0377849977195388,0.0,1.0160601538181468,0,0.2008032128514054,90
0.0,0.0,-0.8788856978986028,0.18571725645523254,0.972390428954896,4.660642223575656,2.3987015664732128,1.082949474574828,0.0,0.8625976126267949,0,4.016064257028113,91
0.0,0.0,-0.9528965567247958,0.017460583728157043,0.972390428954896,3.2944138397436404,1.4856336778653696,1.0202896449188412,0.0,0.9561507209469999,1,3.8152610441767063,91
0.0,0.0,-0.9496694300347888,0.01619671261685036,0.972390428954896,-1.2822472025047347,0.12406102137181374,1.0237792577696059,0.0,0.9671402308007268,1,3.614457831325301,91
0.0,0.0,-0.9385345275644523,0.017005403805673454,0.9667817008967546,-1.20854396043717,0.008471646941718062,1.0299314365705388,0.0,0.9705333261647432,1,3.4136546184738954,91
0.0,0.0,-0.9268666483709856,0.017057679493838265,0.9555178015434204,-1.2014647409978092,0.00023178284351896774,1.0307407928288574,0.0,0.9734162545661981,1,3.21285140562249,91
0.0,0.0,-0.9151661154820114,0.017057910091769005,0.9438382585647486,-1.2009931999970038,-0.00030823692491322645,1.0311544643971164,0.0,0.9762653199999309,1,3.0120481927710845,91
0.0,0.0,-0.9034656405833761,0.01705473635126791,0.9321337921995788,-1.200962402446649,-0.0003434701046335323,1.031551212828177,0.0,0.9791116447661254,1,2.8112449799196786,91
0.0,0.0,-0.8917673567620936,0.01705134120104494,0.9204298888908704,-1.2009603935263349,-0.0003457682037505674,1.0319564107958281,0.0,0.9819572587504117,1,2.610441767068273,91
0.0,0.0,-0.8800714026831455,0.017047932249837996,0.9087282102311268,-1.200960262495523,-0.00034591809544606687,1.0323721103087673,0.0,0.9848022944313022,1,2.409638554216868,91
0.0,0.0,-0.8683777869516976,0.017044523036105808,0.8970288641371609,-1.2009602539491493,-0.0003459278719554448,1.0327988433219055,0.0,0.9876467605542476,1,2.208835341365462,91
0.0,0.0,-0.8566865096916563,0.017041114442579167,0.8853318572088842,-1.20096025339172,-0.00034592850964441734,1.0332370627452199,0.0,0.9904906577959081,1,2.0080321285140563,91
0.0,0.0,-0.8449975704739443,0.01703770652669445,0.8736371894393122,-1.2009602533553723,-0.00034592855124180173,1.0336872390747642,0.0,0.9933339863067472,1,1.8072289156626504,91
0.0,0.0,-0.8333109688335107,0.017034299292069694,0.8619448603907052,-1.2009602533529893,-0.00034592855395746455,1.0341498683534556,0.0,0.9961767462028946,1,1.606425702811245,91
0.0,0.0,-0.8216267043030462,0.01703089273881347,0.8502548695973204,-1.2009602533528354,-0.00034592855413536765,1.0346254744073256,0.0,0.9990189375982189,1,1.4056224899598395,91
0.0,0.0,-0.8099447764151816,0.017027486866805545,0.838567216591677,-1.2009602533528203,-0.0003459285541160939,1.0351146108495233,0.0,1.0018605606064204,1,1.2048192771084336,91
0.0,0.0,-0.7982651847026309,0.017024081675910636,0.8268819009062672,-1.200960253352843,-0.0003459285541226218,1.0356178632296569,0.0,1.004701615341166,1,1.0040160642570282,91
0.0,0.0,-0.7865879286982012,0.01702067716599261,0.8151989220736707,-1.2009602533528325,-0.0003459285541533487,1.0361358513698935,0.0,1.0075421019161015,1,0.8032128514056227,91
0.0,0.0,-0.774913007934793,0.01701727333691521,0.8035182796265578,-1.2009602533528247,-0.00034592855415662685,1.0366692319089588,0.0,1.0103820204448477,1,0.6024096385542173,91
0.0,0.0,-0.7632404219454003,0.017013870188542373,0.7918399730976942,-1.2009602533528174,-0.0003459285541237293,1.0372187010760898,0.0,1.0132213710410043,1,0.4016064257028109,91
0.0,0.0,-0.7515701702631101,0.01701046772073805,0.7801640020199375,-1.2009602533528279,-0.00034592855408910306,1.0377849977195388,0.0,1.0160601538181468,1,0.2008032128514054,91
0.0,0.0,-0.8788856978986028,0.18571725645523254,0.972390428954896,4.660642223575656,2.3987015664732128,1.082949474574828,0.0,0.8625976126267949,0,4.016064257028113,92
0.0,0.0,-0.9528965567247958,0.017460583728157043,0.972390428954896,3.2944138397436404,1.4856336778653696,1.0202896449188412,0.0,0.9561507209469999,0,3.8152610441767063,92
0.0,0.0,-0.9496694300347888,0.01619671261685036,0.972390428954896,-1.2822472025047347,0.12406102137181374,1.0237792577696059,0.0,0.9671402308007268,0,3.614457831325301,92
0.0,0.0,-0.9385345275644523,0.017005403805673454,0.9667817008967546,-1.20854396043717,0.008471646941718062,1.0299314365705388,0.0,0.9705333261647432,0,3.4136546184738954,92
0.0,0.0,-0.9268666483709856,0.017057679493838265,0.9555178015434204,-1.2014647409978092,0.00023178284351896774,1.0307407928288574,0.0,0.9734162545661981,0,3.21285140562249,92
0.0,0.0,-0.9151661154820114,0.017057910091769005,0.9438382585647486,-1.2009931999970038,-0.00030823692491322645,1.0311544643971164,0.0,0.9762653199999309,0,3.0120481927710845,92
0.0,0.0,-0.9034656405833761,0.01705473635126791,0.9321337921995788,-1.200962402446649,-0.0003434701046335323,1.031551212828177,0.0,0.9791116447661254,0,2.8112449799196786,92
0.0,0.0,-0.8917673567620936,0.01705134120104494,0.9204298888908704,-1.2009603935263349,-0.0003457682037505674,1.0319564107958281,0.0,0.9819572587504117,0,2.610441767068273,92
0.15,0.45456864504849487,-0.7392743714221268,0.43614956702349555,0.9087282102311268,5.158438800201187,2.6696090747069126,1.0614444645906649,0.016206482593037214,1.0008544764054803,2,2.409638554216868,92
0.45,0.6943650748294136,-0.4715648454579808,0.626968485782328,0.8970288641371609,-1.199927671470181,0.8835874345443028,1.1507928197402932,0.03781512605042016,1.0601371838149876,2,2.208835341365462,92
0.75,0.7576144084141581,-0.20842173346663898,0.6708645769158168,0.8853318572088842,-1.9823093657441677,0.011383848595913652,1.2719212576919534,0.045018007202881134,1.1237613738001329,2,2.0080321285140563,92
1.05,0.6943650748294137,0.05442141223451252,0.6097241570907004,0.8736371894393122,-1.239387285846389,-0.8569041695206937,1.44153961082499,0.03781512605042016,1.1876681448767703,2,1.8072289156626504,92
1.35,0.45456864504849487,0.3172428117018248,0.3984243114259671,0.8619448603907052,4.950397787874801,-2.6092101308836972,1.7028694953937,0.016206482593037207,1.2515928118416524,2,1.606425702811245,92
1.5,1.2285357956997882e-16,0.4392635771388839,0.013622428840630888,0.467806288384623,-1.1511748461393876,0.28509615236728403,1.0644770315164036,-1.2684018023958378e-17,1.2994659324215303,2,1.4056224899598395,92
1.5,1.2688263138573217e-16,0.44606304442666894,0.01653214462970419,0.4743357316333938,-1.2553622030012093,0.07194623158789284,1.0626677037869108,4.9859268185369136e-18,1.3069525038218983,2,1.2048192771084336,92
1.5,1.2285357956997882e-16,0.457424245658342,0.016990992135847083,0.4860095953112739,-1.2052161405760113,0.004566450402474316,1.0617743890566962,-1.2684018023958378e-17,1.3100964606122616,2,1.0040160642570282,92
1.5,1.18687833744435e-16,0.46908073907877623,0.017018516109385526,0.4976811299342643,-1.2012408484553825,-2.475709879769803e-05,1.060287506628912,-1.2684018023958378e-17,1.3129566997544055,2,0.8032128514056227,92
1.5,1.18687833744435e-16,0.4807543058918622,0.017017132398294887,0.5093503308195708,-1.2009785677148337,-0.00032497719237337277,1.0588317238335119,4.9859268185369136e-18,1.3157979063691982,2,0.6024096385542173,92
1.5,1.18687833744435e-16,0.4924268035887055,0.0170138609977254,0.5210171980981566,-1.2009614479452946,-0.0003445620063621106,1.057441822086326,-1.2684018023958378e-17,1.3186373409628243,2,0.4016064257028109,92
1.5,1.3457935360146644e-16,0.5040970495133441,0.017010467121394795,0.5326817322148065,-1.2009603312692851,-0.00034583942219742445,1.0561156191533256,-2.0192629026742142e-18,1.3214761292175317,2,0.2008032128514054,92
0.0,0.0,-0.8788856978986028,0.18571725645523254,0.972390428954896,4.660642223575656,2.3987015664732128,1.082949474574828,0.0,0.8625976126267949,0,4.016064257028113,93
0.0,0.0,-0.9528965567247958,0.017460583728157043,0.972390428954896,3.2944138397436404,1.4856336778653696,1.0202896449188412,0.0,0.9561507209469999,0,3.8152610441767063,93
0.0,0.0,-0.9496694300347888,0.01619671261685036,0.972390428954896,-1.2822472025047347,0.12406102137181374,1.0237792577696059,0.0,0.9671402308007268,0,3.614457831325301,93
0.0,0.0,-0.9385345275644523,0.017005403805673454,0.9667817008967546,-1.20854396043717,0.008471646941718062,1.0299314365705388,0.0,0.9705333261647432,0,3.4136546184738954,93
0.0,0.0,-0.9268666483709856,0.017057679493838265,0.9555178015434204,-1.2014647409978092,0.00023178284351896774,1.0307407928288574,0.0,0.9734162545661981,0,3.21285140562249,93
0.0,0.0,-0.9151661154820114,0.017057910091769005,0.9438382585647486,-1.2009931999970038,-0.00030823692491322645,1.0311544643971164,0.0,0.9762653199999309,0,3.0120481927710845,93
0.0,0.0,-0.9034656405833761,0.01705473635126791,0.9321337921995788,-1.200962402446649,-0.0003434701046335323,1.031551212828177,0.0,0.9791116447661254,0,2.8112449799196786,93
0.0,0.0,-0.8917673567620936,0.01705134120104494,0.9204298888908704,-1.2009603935263349,-0.0003457682037505674,1.0319564107958281,0.0,0.9819572587504117,0,2.610441767068273,93
2.792841095718035e-05,0.00019748368775586903,-0.8800982442095838,0.017004954013833385,0.9087282102311268,-1.208227447401367,-0.007602161298975812,1.0323415916903165,3.151585390125993e-06,0.9847999018137257,3,2.409638554216868,93
8.377964751330458e-05,0.00033497607818054734,-0.8684505406362646,0.016963689035011175,0.8970288641371609,-1.1926739980690808,-0.003743376025393486,1.0327141978952517,6.772011384812168e-06,0.9876321954151215,3,2.208835341365462,93
0.00013961636440101456,0.00042310148282602244,-0.8568077150493448,0.016940122920533294,0.8853318572088842,-1.1957334633738474,0.00025084126129780486,1.0330933215728122,8.51362877356229e-06,0.9904663506326314,3,2.0080321285140563,93
0.00030709078300468484,0.0008118959440433349,-0.8452725747614741,0.016787175111367802,0.8736371894393122,-1.2254357019359006,-0.020841404740585143,1.0333570722516072,2.0171898403119358e-05,0.9932885219510361,3,1.8072289156626504,93
0.00030709078300468484,0.0008118959440433349,-0.8335692076182033,0.016999486846044996,0.8619448603907052,-1.177539096731994,0.01982480144935512,1.0338304844268467,5.4256423164598245e-06,0.996115331919099,3,1.606425702811245,93
0.000362869999316886,0.0008369067260456396,-0.8219330205278439,0.017024582981559268,0.8516098738117988,-1.1987965034451278,0.006996478583717208,1.035888427235866,2.205363751684525e-06,0.9989474827627735,3,1.4056224899598395,93
0.0004186095881054358,0.0009025759732713104,-0.8102982850104611,0.017016037829510958,0.83853590917394,-1.2136595247928574,0.0065738609585231055,1.0346248893562642,3.2758757937094227e-06,1.001778262832328,3,1.2048192771084336,93
0.0005580121841085916,0.0010162568700415194,-0.7987438241016263,0.016923327393603624,0.8268301647108341,-1.2063764231987533,-0.023084296444657666,1.0349355155963391,9.767212601724492e-06,1.0045989586609516,3,1.0040160642570282,93
0.00044630696020772853,0.0008185952761503722,-0.7869503378271974,0.016890600990830142,0.8149846726189703,-1.2030676824132063,0.029737507960464413,1.0353903267261237,1.0710867377114178e-05,1.0074405743282064,3,0.8032128514056227,93
0.0005578202559350065,0.0008909297359038997,-0.7753937754493898,0.017013008831887177,0.8037349305701705,-1.2329516025719107,-0.009492889713614821,1.0363062333132291,1.8632806286310415e-06,1.0102815802840837,3,0.6024096385542173,93
0.0006134812504309839,0.0009410307022771945,-0.7637608817657728,0.017013696913950452,0.7921985320054195,-1.2028369234428657,-0.02631285083698382,1.0369815948040169,1.7254006314474904e-06,1.0131030313193727,3,0.4016064257028109,93
0.000585498777137623,0.0008946525378942918,-0.7520594570646136,0.017084133495383368,0.7816797265718687,-1.149047572432209,-0.011038964027217291,1.0391228243549737,-3.293078832844006e-06,1.0159401399938046,3,0.2008032128514054,93
0.0,0.0,-0.8788856978986028,0.18571725645523254,0.972390428954896,4.660642223575656,2.3987015664732128,1.082949474574828,0.0,0.8625976126267949,0,4.016064257028113,94
0.0,0.0,-0.9528965567247958,0.017460583728157043,0.972390428954896,3.2944138397436404,1.4856336778653696,1.0202896449188412,0.0,0.9561507209469999,0,3.8152610441767063,94
0.0,0.0,-0.9496694300347888,0.01619671261685036,0.972390428954896,-1.2822472025047347,0.12406102137181374,1.0237792577696059,0.0,0.9671402308007268,0,3.614457831325301,94
0.0,0.0,-0.9385345275644523,0.017005403805673454,0.9667817008967546,-1.20854396043717,0.008471646941718062,1.0299314365705388,0.0,0.9705333261647432,0,3.4136546184738954,94
0.0,0.0,-0.9268666483709856,0.017057679493838265,0.9555178015434204,-1.2014647409978092,0.00023178284351896774,1.0307407928288574,0.0,0.9734162545661981,0,3.21285140562249,94
0.0,0.0,-0.9151661154820114,0.017057910091769005,0.9438382585647486,-1.2009931999970038,-0.00030823692491322645,1.0311544643971164,0.0,0.9762653199999309,0,3.0120481927710845,94
0.0,0.0,-0.9034656405833761,0.01705473635126791,0.9321337921995788,-1.200962402446649,-0.0003434701046335323,1.031551212828177,0.0,0.9791116447661254,0,2.8112449799196786,94
0.0,0.0,-0.8917673567620936,0.01705134120104494,0.9204298888908704,-1.2009603935263349,-0.0003457682037505674,1.0319564107958281,0.0,0.9819572587504117,0,2.610441767068273,94
0.00041894012906589726,0.0014176739195425492,-0.8804721420288751,0.016441225306195597,0.9087282102311268,-1.279793684262268,-0.09656595560168853,1.0319156551502409,4.6604752972370344e-05,0.9847645992793274,4,2.409638554216868,94
0.0033512976108248465,0.006154814261058471,-0.8714091524468737,0.013342557636857603,0.8970288641371609,-1.219650914322021,-0.47423423493864597,1.02928209109814,0.00031916907324562924,0.9871793646143668,4,2.208835341365462,94
0.009075825989379217,0.01165188540406945,-0.8646993586710009,0.008985464732317183,0.8853318572088842,-0.4868820355951895,-0.9996099037891948,1.0238067232909946,0.0007190773666546099,0.989037887685909,4,2.0080321285140563,94
0.017591966880806043,0.016653176227829032,-0.8603296385188609,0.004394143820628768,0.8736371894393122,1.9672605163071095,-1.8277036641000635,1.015454987595995,0.0011121981731547553,0.9903282435959149,4,1.8072289156626504,94
0.028899162012849103,0.01991239694477584,-0.8582986989944122,0.0007029930450787007,0.8619448603907052,15.68382821286604,-3.784077791859711,1.004247796327067,0.0013644268565792782,0.9910497610782484,4,1.606425702811245,94
0.04257791309583067,0.020345163811072802,-0.8582052792372342,3.763318461226068e-05,0.8582207706123105,9.161159369647482,3.0649072188708244,1.0000180499547275,0.0013956667116244437,0.9912401978588581,4,1.4056224899598395,94
0.05653318485713385,0.020341095144504027,-0.8582197606712052,2.4541002431202504e-06,0.8582207708803525,9.16115936994638,3.064907218929708,1.0000011770944404,0.0013953876034027816,0.9912539748289045,4,1.2048192771084336,94
0.07048566581526626,0.02033702729159532,-0.8582207050210121,1.600345031866871e-07,0.8582207708978319,9.161159356626914,3.064907215717404,1.000000076759748,0.0013951085509977385,0.991254873239865,4,1.0040160642570282,94
0.0844353565283383,0.02033296025218396,-0.8582207666030738,1.043602124428613e-08,0.8582207708989714,9.161159390006732,3.0649072271094266,1.0000000050055857,0.0013948295543981535,0.9912549318262053,4,0.8032128514056227,94
0.09838225755434876,0.020328894026107266,-0.8582207706189058,6.805440767411783e-10,0.858220770899046,9.16115769904257,3.064906818872237,1.0000000003264198,0.0013945506135928654,0.9912549356466833,4,0.6024096385542173,94
0.11232636945118486,0.020324828613202586,-0.8582207708807826,4.4378963404955396e-11,0.8582207708990509,9.161158815011051,3.0649076347438555,1.0000000000212863,0.0013942717285707164,0.9912549358958205,4,0.4016064257028109,94
0.12626769277662223,0.020320764013307374,-0.85822077089786,2.8939654534066818e-12,0.8582207708990509,9.161853616484722,3.065078526413101,1.0000000000013878,0.0013939928993205576,0.9912549359120671,4,0.2008032128514054,94
0.0,0.0,-0.8788856978986028,0.18571725645523254,0.972390428954896,4.660642223575656,2.3987015664732128,1.082949474574828,0.0,0.8625976126267949,0,4.016064257028113,95
0.0,0.0,-0.9528965567247958,0.017460583728157043,0.972390428954896,3.2944138397436404,1.4856336778653696,1.0202896449188412,0.0,0.9561507209469999,0,3.8152610441767063,95
0.0,0.0,-0.9496694300347888,0.01619671261685036,0.972390428954896,-1.2822472025047347,0.12406102137181374,1.0237792577696059,0.0,0.9671402308007268,0,3.614457831325301,95
0.0,0.0,-0.9385345275644523,0.017005403805673454,0.9667817008967546,-1.20854396043717,0.008471646941718062,1.0299314365705388,0.0,0.9705333261647432,0,3.4136546184738954,95
0.0,0.0,-0.9268666483709856,0.017057679493838265,0.9555178015434204,-1.2014647409978092,0.00023178284351896774,1.0307407928288574,0.0,0.9734162545661981,0,3.21285140562249,95
0.0,0.0,-0.9151661154820114,0.017057910091769005,0.9438382585647486,-1.2009931999970038,-0.00030823692491322645,1.0311544643971164,0.0,0.9762653199999309,0,3.0120481927710845,95
0.0,0.0,-0.9034656405833761,0.01705473635126791,0.9321337921995788,-1.200962402446649,-0.0003434701046335323,1.031551212828177,0.0,0.9791116447661254,0,2.8112449799196786,95
0.0,0.0,-0.8917673567620936,0.01705134120104494,0.9204298888908704,-1.2009603935263349,-0.0003457682037505674,1.0319564107958281,0.0,0.9819572587504117,0,2.610441767068273,95
0.0,0.0,-0.8800714026831455,0.017047932249837996,0.9087282102311268,-1.200960262495523,-0.00034591809544606687,1.0323721103087673,0.0,0.9848022944313022,0,2.409638554216868,95
0.0,0.0,-0.8683777869516976,0.017044523036105808,0.8970288641371609,-1.2009602539491493,-0.0003459278719554448,1.0327988433219055,0.0,0.9876467605542476,0,2.208835341365462,95
0.0,0.0,-0.8566865096916563,0.017041114442579167,0.8853318572088842,-1.20096025339172,-0.00034592850964441734,1.0332370627452199,0.0,0.9904906577959081,0,2.0080321285140563,95
0.0,0.0,-0.8449975704739443,0.01703770652669445,0.8736371894393122,-1.2009602533553723,-0.00034592855124180173,1.0336872390747642,0.0,0.9933339863067472,0,1.8072289156626504,95
0.0,0.0,-0.8333109688335107,0.017034299292069694,0.8619448603907052,-1.2009602533529893,-0.00034592855395746455,1.0341498683534556,0.0,0.9961767462028946,0,1.606425702811245,95
0.0,0.0,-0.8216267043030462,0.01703089273881347,0.8502548695973204,-1.2009602533528354,-0.00034592855413536765,1.0346254744073256,0.0,0.9990189375982189,0,1.4056224899598395,95
0.0,0.0,-0.8099447764151816,0.017027486866805545,0.838567216591677,-1.2009602533528203,-0.0003459285541160939,1.0351146108495233,0.0,1.0018605606064204,0,1.2048192771084336,95
0.0,0.0,-0.7982651847026309,0.017024081675910636,0.8268819009062672,-1.200960253352843,-0.0003459285541226218,1.0356178632296569,0.0,1.004701615341166,0,1.0040160642570282,95
0.0,0.0,-0.7865879286982012,0.01702067716599261,0.8151989220736707,-1.2009602533528325,-0.0003459285541533487,1.0361358513698935,0.0,1.0075421019161015,0,0.8032128514056227,95
0.0,0.0,-0.774913007934793,0.01701727333691521,0.8035182796265578,-1.2009602533528247,-0.00034592855415662685,1.0366692319089588,0.0,1.0103820204448477,0,0.6024096385542173,95
0.0,0.0,-0.7632404219454003,0.017013870188542373,0.7918399730976942,-1.2009602533528174,-0.0003459285541237293,1.0372187010760898,0.0,1.0132213710410043,0,0.4016064257028109,95
0.0,0.0,-0.7515701702631101,0.01701046772073805,0.7801640020199375,-1.2009602533528279,-0.00034592855408910306,1.0377849977195388,0.0,1.0160601538181468,0,0.2008032128514054,95
0.0,0.0,-0.8788856978986028,0.18571725645523254,0.972390428954896,4.660642223575656,2.3987015664732128,1.082949474574828,0.0,0.8625976126267949,0,4.016064257028113,96
0.0,0.0,-0.9528965567247958,0.017460583728157043,0.972390428954896,3.2944138397436404,1.4856336778653696,1.0202896449188412,0.0,0.9561507209469999,1,3.8152610441767063,96
0.0,0.0,-0.9496694300347888,0.01619671261685036,0.972390428954896,-1.2822472025047347,0.12406102137181374,1.0237792577696059,0.0,0.9671402308007268,1,3.614457831325301,96
0.0,0.0,-0.9385345275644523,0.017005403805673454,0.9667817008967546,-1.20854396043717,0.008471646941718062,1.0299314365705388,0.0,0.9705333261647432,1,3.4136546184738954,96
0.0,0.0,-0.9268666483709856,0.017057679493838265,0.9555178015434204,-1.2014647409978092,0.00023178284351896774,1.0307407928288574,0.0,0.9734162545661981,1,3.21285140562249,96
0.0,0.0,-0.9151661154820114,0.017057910091769005,0.9438382585647486,-1.2009931999970038,-0.00030823692491322645,1.0311544643971164,0.0,0.9762653199999309,1,3.0120481927710845,96
0.0,0.0,-0.9034656405833761,0.01705473635126791,0.9321337921995788,-1.200962402446649,-0.0003434701046335323,1.031551212828177,0.0,0.9791116447661254,1,2.8112449799196786,96
0.0,0.0,-0.8917673567620936,0.01705134120104494,0.9204298888908704,-1.2009603935263349,-0.0003457682037505674,1.0319564107958281,0.0,0.9819572587504117,1,2.610441767068273,96
0.0,0.0,-0.8800714026831455,0.017047932249837996,0.9087282102311268,-1.200960262495523,-0.00034591809544606687,1.0323721103087673,0.0,0.9848022944313022,1,2.409638554216868,96
0.0,0.0,-0.8683777869516976,0.017044523036105808,0.8970288641371609,-1.2009602539491493,-0.0003459278719554448,1.0327988433219055,0.0,0.9876467605542476,1,2.208835341365462,96
0.0,0.0,-0.8566865096916563,0.017041114442579167,0.8853318572088842,-1.20096025339172,-0.00034592850964441734,1.0332370627452199,0.0,0.9904906577959081,1,2.0080321285140563,96
0.0,0.0,-0.8449975704739443,0.01703770652669445,0.8736371894393122,-1.2009602533553723,-0.00034592855124180173,1.0336872390747642,0.0,0.9933339863067472,1,1.8072289156626504,96
0.0,0.0,-0.8333109688335107,0.017034299292069694,0.8619448603907052,-1.2009602533529893,-0.00034592855395746455,1.0341498683534556,0.0,0.9961767462028946,1,1.606425702811245,96
0.0,0.0,-0.8216267043030462,0.01703089273881347,0.8502548695973204,-1.2009602533528354,-0.00034592855413536765,1.0346254744073256,0.0,0.9990189375982189,1,1.4056224899598395,96
0.0,0.0,-0.8099447764151816,0.017027486866805545,0.838567216591677,-1.2009602533528203,-0.0003459285541160939,1.0351146108495233,0.0,1.0018605606064204,1,1.2048192771084336,96
0.0,0.0,-0.7982651847026309,0.017024081675910636,0.8268819009062672,-1.200960253352843,-0.0003459285541226218,1.0356178632296569,0.0,1.004701615341166,1,1.0040160642570282,96
0.0,0.0,-0.7865879286982012,0.01702067716599261,0.8151989220736707,-1.2009602533528325,-0.0003459285541533487,1.0361358513698935,0.0,1.0075421019161015,1,0.8032128514056227,96
0.0,0.0,-0.774913007934793,0.01701727333691521,0.8035182796265578,-1.2009602533528247,-0.00034592855415662685,1.0366692319089588,0.0,1.0103820204448477,1,0.6024096385542173,96
0.0,0.0,-0.7632404219454003,0.017013870188542373,0.7918399730976942,-1.2009602533528174,-0.0003459285541237293,1.0372187010760898,0.0,1.0132213710410043,1,0.4016064257028109,96
0.0,0.0,-0.7515701702631101,0.01701046772073805,0.7801640020199375,-1.2009602533528279,-0.00034592855408910306,1.0377849977195388,0.0,1.0160601538181468,1,0.2008032128514054,96
0.0,0.0,-0.8788856978986028,0.18571725645523254,0.972390428954896,4.660642223575656,2.3987015664732128,1.082949474574828,0.0,0.8625976126267949,0,4.016064257028113,97
0.0,0.0,-0.9528965567247958,0.017460583728157043,0.972390428954896,3.2944138397436404,1.4856336778653696,1.0202896449188412,0.0,0.9561507209469999,0,3.8152610441767063,97
0.0,0.0,-0.9496694300347888,0.01619671261685036,0.972390428954896,-1.2822472025047347,0.12406102137181374,1.0237792577696059,0.0,0.9671402308007268,0,3.614457831325301,97
0.0,0.0,-0.9385345275644523,0.017005403805673454,0.9667817008967546,-1.20854396043717,0.008471646941718062,1.0299314365705388,0.0,0.9705333261647432,0,3.4136546184738954,97
0.0,0.0,-0.9268666483709856,0.017057679493838265,0.9555178015434204,-1.2014647409978092,0.00023178284351896774,1.0307407928288574,0.0,0.9734162545661981,0,3.21285140562249,97
0.0,0.0,-0.9151661154820114,0.017057910091769005,0.9438382585647486,-1.2009931999970038,-0.00030823692491322645,1.0311544643971164,0.0,0.9762653199999309,0,3.0120481927710845,97
0.0,0.0,-0.9034656405833761,0.01705473635126791,0.9321337921995788,-1.200962402446649,-0.0003434701046335323,1.031551212828177,0.0,0.9791116447661254,0,2.8112449799196786,97
0.0,0.0,-0.8917673567620936,0.01705134120104494,0.9204298888908704,-1.2009603935263349,-0.0003457682037505674,1.0319564107958281,0.0,0.9819572587504117,0,2.610441767068273,97
0.15,0.45456864504849487,-0.7392743714221268,0.43614956702349555,0.9087282102311268,5.158438800201187,2.6696090747069126,1.0614444645906649,0.016206482593037214,1.0008544764054803,2,2.409638554216868,97
0.45,0.6943650748294136,-0.4715648454579808,0.626968485782328,0.8970288641371609,-1.199927671470181,0.8835874345443028,1.1507928197402932,0.03781512605042016,1.0601371838149876,2,2.208835341365462,97
0.75,0.7576144084141581,-0.20842173346663898,0.6708645769158168,0.8853318572088842,-1.9823093657441677,0.011383848595913652,1.2719212576919534,0.045018007202881134,1.1237613738001329,2,2.0080321285140563,97
1.05,0.6943650748294137,0.05442141223451252,0.6097241570907004,0.8736371894393122,-1.239387285846389,-0.8569041695206937,1.44153961082499,0.03781512605042016,1.1876681448767703,2,1.8072289156626504,97
1.35,0.45456864504849487,0.3172428117018248,0.3984243114259671,0.8619448603907052,4.950397787874801,-2.6092101308836972,1.7028694953937,0.016206482593037207,1.2515928118416524,2,1.606425702811245,97
1.5,1.2285357956997882e-16,0.4392635771388839,0.013622428840630888,0.467806288384623,-1.1511748461393876,0.28509615236728403,1.0644770315164036,-1.2684018023958378e-17,1.2994659324215303,2,1.4056224899598395,97
1.5,1.2688263138573217e-16,0.44606304442666894,0.01653214462970419,0.4743357316333938,-1.2553622030012093,0.07194623158789284,1.0626677037869108,4.9859268185369136e-18,1.3069525038218983,2,1.2048192771084336,97
1.5,1.2285357956997882e-16,0.457424245658342,0.016990992135847083,0.4860095953112739,-1.2052161405760113,0.004566450402474316,1.0617743890566962,-1.2684018023958378e-17,1.3100964606122616,2,1.0040160642570282,97
1.5,1.18687833744435e-16,0.46908073907877623,0.017018516109385526,0.4976811299342643,-1.2012408484553825,-2.475709879769803e-05,1.060287506628912,-1.2684018023958378e-17,1.3129566997544055,2,0.8032128514056227,97
1.5,1.18687833744435e-16,0.4807543058918622,0.017017132398294887,0.5093503308195708,-1.2009785677148337,-0.00032497719237337277,1.0588317238335119,4.9859268185369136e-18,1.3157979063691982,2,0.6024096385542173,97
1.5,1.18687833744435e-16,0.4924268035887055,0.0170138609977254,0.5210171980981566,-1.2009614479452946,-0.0003445620063621106,1.057441822086326,-1.2684018023958378e-17,1.3186373409628243,2,0.4016064257028109,97
1.5,1.3457935360146644e-16,0.5040970495133441,0.017010467121394795,0.5326817322148065,-1.2009603312692851,-0.00034583942219742445,1.0561156191533256,-2.0192629026742142e-18,1.3214761292175317,2,0.2008032128514054,97
0.0,0.0,-0.8788856978986028,0.18571725645523254,0.972390428954896,4.660642223575656,2.3987015664732128,1.082949474574828,0.0,0.8625976126267949,0,4.016064257028113,98
0.0,0.0,-0.9528965567247958,0.017460583728157043,0.972390428954896,3.2944138397436404,1.4856336778653696,1.0202896449188412,0.0,0.9561507209469999,0,3.8152610441767063,98
0.0,0.0,-0.9496694300347888,0.01619671261685036,0.972390428954896,-1.2822472025047347,0.12406102137181374,1.0237792577696059,0.0,0.9671402308007268,0,3.614457831325301,98
0.0,0.0,-0.9385345275644523,0.017005403805673454,0.9667817008967546,-1.20854396043717,0.008471646941718062,1.0299314365705388,0.0,0.9705333261647432,0,3.4136546184738954,98
0.0,0.0,-0.9268666483709856,0.017057679493838265,0.9555178015434204,-1.2014647409978092,0.00023178284351896774,1.0307407928288574,0.0,0.9734162545661981,0,3.21285140562249,98
0.0,0.0,-0.9151661154820114,0.017057910091769005,0.9438382585647486,-1.2009931999970038,-0.00030823692491322645,1.0311544643971164,0.0,0.9762653199999309,0,3.0120481927710845,98
0.0,0.0,-0.9034656405833761,0.01705473635126791,0.9321337921995788,-1.200962402446649,-0.0003434701046335323,1.031551212828177,0.0,0.9791116447661254,0,2.8112449799196786,98
0.0,0.0,-0.8917673567620936,0.01705134120104494,0.9204298888908704,-1.2009603935263349,-0.0003457682037505674,1.0319564107958281,0.0,0.9819572587504117,0,2.610441767068273,98
2.792896953656976e-05,0.00019748763750860985,-0.8800974175203387,0.017008260045189565,0.9087282102311268,-1.2054433234910218,-0.006285939244217287,1.0323424876204301,3.0175357242392295e-06,0.9847991147810308,3,2.409638554216868,98
0.00030717956674673085,0.0010663439940378967,-0.8686509093348741,0.016699030089745028,0.8970288641371609,-1.1855601849326887,-0.029903604588997604,1.032482045509536,2.9165649793509157e-05,0.9875994170575717,3,2.208835341365462,98
0.0004188518839888344,0.0011370789733150526,-0.857051245075979,0.016744771430909373,0.8853318572088842,-1.1709795791134063,0.009341748832165504,1.0328044137486327,2.6346392457211773e-05,0.9904187983765277,3,2.0080321285140563,98
0.0005584202265681277,0.0011966806007303705,-0.8454734690177393,0.016846423367984396,0.8736371894393122,-1.1974354850601123,0.034829441986122825,1.033110218856334,1.9704364606035023e-05,0.9932283140605311,3,1.8072289156626504,98
0.0007537789519221189,0.0012679068929290801,-0.8339546424369836,0.01695306760333196,0.8619448603907052,-1.2310874654637216,0.017616722297602253,1.033354013061039,1.131617677161017e-05,0.9960353287044333,3,1.606425702811245,98
0.0008095643064101993,0.001295160418647031,-0.8223040042352879,0.017287631362858706,0.8502233902036551,-1.146917933993284,-0.0017925656026417799,1.033728780430398,-1.4692761865925219e-05,0.9988537252874456,3,1.4056224899598395,98
0.000614006270246053,0.0009418379069776757,-0.8104468398949352,0.01712940283651817,0.8386493612892049,-1.2222023497063905,0.029826032219029335,1.0345722951438896,-6.440908406291509e-06,1.0017241944328519,3,1.2048192771084336,98
0.0007812552260244964,0.001097364722041873,-0.7989194721403643,0.016993319253433514,0.8267133491143647,-1.2120755723866323,-0.018007555590508845,1.034560008373271,4.4033820519803825e-06,1.0045428190822177,3,1.0040160642570282,98
0.0006974588666802445,0.00106382475972475,-0.7871669543035086,0.017162632965615193,0.8166907480319276,-1.1452061615971296,-0.0010739403789368355,1.0372648091260226,-7.85065136881701e-06,1.007395501371627,3,0.8032128514056227,98
0.0006972585850861296,0.0010635355204179874,-0.7755005016291588,0.016949312152683572,0.8049712606922825,-1.2076290314590319,-0.007425467096505453,1.0377593692161147,6.748818810291178e-06,1.0102436763323142,3,0.6024096385542173,98
0.0006971693366227327,0.0010254387110149674,-0.7638268895930758,0.017130689828826314,0.793208188992431,-1.1978167656242558,0.0071016961139522645,1.0382100626426247,-5.435803008442191e-06,1.0130821400433172,3,0.4016064257028109,98
0.0006970890293808529,0.0010633310472261096,-0.7521518475048008,0.017302247832108465,0.7818351838708744,-1.1308809647956484,-0.021390749006776812,1.0391951322297697,-1.9495433002595038e-05,1.0159164457558356,3,0.2008032128514054,98
0.0,0.0,-0.8788856978986028,0.18571725645523254,0.972390428954896,4.660642223575656,2.3987015664732128,1.082949474574828,0.0,0.8625976126267949,0,4.016064257028113,99
0.0,0.0,-0.9528965567247958,0.017460583728157043,0.972390428954896,3.2944138397436404,1.4856336778653696,1.0202896449188412,0.0,0.9561507209469999,0,3.8152610441767063,99
0.0,0.0,-0.9496694300347888,0.01619671261685036,0.972390428954896,-1.2822472025047347,0.12406102137181374,1.0237792577696059,0.0,0.9671402308007268,0,3.614457831325301,99
0.0,0.0,-0.9385345275644523,0.017005403805673454,0.9667817008967546,-1.20854396043717,0.008471646941718062,1.0299314365705388,0.0,0.9705333261647432,0,3.4136546184738954,99
0.0,0.0,-0.9268666483709856,0.017057679493838265,0.9555178015434204,-1.2014647409978092,0.00023178284351896774,1.0307407928288574,0.0,0.9734162545661981,0,3.21285140562249,99
0.0,0.0,-0.9151661154820114,0.017057910091769005,0.9438382585647486,-1.2009931999970038,-0.00030823692491322645,1.0311544643971164,0.0,0.9762653199999309,0,3.0120481927710845,99
0.0,0.0,-0.9034656405833761,0.01705473635126791,0.9321337921995788,-1.200962402446649,-0.0003434701046335323,1.031551212828177,0.0,0.9791116447661254,0,2.8112449799196786,99
0.0,0.0,-0.8917673567620936,0.01705134120104494,0.9204298888908704,-1.2009603935263349,-0.0003457682037505674,1.0319564107958281,0.0,0.9819572587504117,0,2.610441767068273,99
0.00041894012906589726,0.0014176739195425492,-0.8804721420288751,0.016441225306195597,0.9087282102311268,-1.279793684262268,-0.09656595560168853,1.0319156551502409,4.6604752972370344e-05,0.9847645992793274,4,2.409638554216868,99
0.0033512976108248465,0.006154814261058471,-0.8714091524468737,0.013342557636857603,0.8970288641371609,-1.219650914322021,-0.47423423493864597,1.02928209109814,0.00031916907324562924,0.9871793646143668,4,2.208835341365462,99
0.009075825989379217,0.01165188540406945,-0.8646993586710009,0.008985464732317183,0.8853318572088842,-0.4868820355951895,-0.9996099037891948,1.0238067232909946,0.0007190773666546099,0.989037887685909,4,2.0080321285140563,99
0.017591966880806043,0.016653176227829032,-0.8603296385188609,0.004394143820628768,0.8736371894393122,1.9672605163071095,-1.8277036641000635,1.015454987595995,0.0011121981731547553,0.9903282435959149,4,1.8072289156626504,99
0.028899162012849103,0.01991239694477584,-0.8582986989944122,0.0007029930450787007,0.8619448603907052,15.68382821286604,-3.784077791859711,1.004247796327067,0.0013644268565792782,0.9910497610782484,4,1.606425702811245,99
0.04257791309583067,0.020345163811072802,-0.8582052792372342,3.763318461226068e-05,0.8582207706123105,9.161159369647482,3.0649072188708244,1.0000180499547275,0.0013956667116244437,0.9912401978588581,4,1.4056224899598395,99
0.05653318485713385,0.020341095144504027,-0.8582197606712052,2.4541002431202504e-06,0.8582207708803525,9.16115936994638,3.064907218929708,1.0000011770944404,0.0013953876034027816,0.9912539748289045,4,1.2048192771084336,99
0.07048566581526626,0.02033702729159532,-0.8582207050210121,1.600345031866871e-07,0.8582207708978319,9.161159356626914,3.064907215717404,1.000000076759748,0.0013951085509977385,0.991254873239865,4,1.0040160642570282,99
0.0844353565283383,0.02033296025218396,-0.8582207666030738,1.043602124428613e-08,0.8582207708989714,9.161159390006732,3.0649072271094266,1.0000000050055857,0.0013948295543981535,0.9912549318262053,4,0.8032128514056227,99
0.09838225755434876,0.020328894026107266,-0.8582207706189058,6.805440767411783e-10,0.858220770899046,9.16115769904257,3.064906818872237,1.0000000003264198,0.0013945506135928654,0.9912549356466833,4,0.6024096385542173,99
0.11232636945118486,0.020324828613202586,-0.8582207708807826,4.4378963404955396e-11,0.8582207708990509,9.161158815011051,3.0649076347438555,1.0000000000212863,0.0013942717285707164,0.9912549358958205,4,0.4016064257028109,99
0.12626769277662223,0.020320764013307374,-0.85822077089786,2.8939654534066818e-12,0.8582207708990509,9.161853616484722,3.065078526413101,1.0000000000013878,0.0013939928993205576,0.9912549359120671,4,0.2008032128514054,99
